The following modules were not unloaded:
  (Use "module --force purge" to unload all):

  1) modules/2.4-20250724   2) openblas/single-0.3.29
Error fetching ranges
The docker module can be used to run a rootless docker daemon on your own
workstation. If you have a workstation and you'd like to use docker, please try
loading it there. For more details, see:
https://wiki.flatironinstitute.org/SCC/Software/DockerSingularity 

Lmod is automatically replacing "openblas/single-0.3.29" with
"intel-oneapi-mkl/2024.2.2".

--------------------------------------------------------------------------
Ignoring value for oob_tcp_if_exclude on worker7204 (10.250.112.0/20: Did not find interface matching this subnet).
(You can safely ignore this message.)
--------------------------------------------------------------------------
Starting run with 90 MPI rank(s) at : 2026-09-23 16:17:08.514334
Pomerol: operator indices
Index 0 = (A,0,0)
Index 1 = (A,0,1)
Index 2 = (B,0,0)
Index 3 = (B,0,1)

Pomerol: Hamiltonian
0.5*C+(A,0,0)C(B,0,0) + -1.85*C+(A,0,0)C(A,0,0) + 0.5*C+(A,0,1)C(B,0,1) + -1.95*C+(A,0,1)C(A,0,1) + -2.05*C+(B,0,0)C(B,0,0) + 0.5*C+(B,0,0)C(A,0,0) + -2.15*C+(B,0,1)C(B,0,1) + 0.5*C+(B,0,1)C(A,0,1) + 4*C+(A,0,0)C+(A,0,1)C(A,0,1)C(A,0,0) + 4*C+(B,0,0)C+(B,0,1)C(B,0,1)C(B,0,0)
Preparing Hamiltonian parts...Calculating 9 jobs using 90 procs.
Calculating 9 jobs using 90 procs.
[4/9] P0 : part 3 [4] run;
[2/9] P1 : part 1 [2] run;
[6/9] P3 : part 5 [2] run;
[1/9] P5 : part 0 [1] run;
[5/9] P6 : part 4 [1] run;
[7/9] P7 : part 6 [1] run;
[9/9] P8 : part 8 [1] run;
[3/9] P2 : part 2 [2] run;
[8/9] P4 : part 7 [2] run;
done.
Pomerol: Ground state energy is -4.23657
0  16  33  50  66  83  
0  16  33  50  66  83  
0  16  33  50  66  83  
0  16  33  50  66  83  
0  16  33  50  66  83  
0  16  33  50  66  83  
0  16  33  50  66  83  
0  16  33  50  66  83  
0  16  33  50  66  83  
0  16  33  50  66  83  
0  16  33  50  66  83  
0  16  0  16  33  50  66  83  
0  16  33  50  66  83  
0  16  33  50  66  83  
0  16  33  0  16  33  50  0  16  33  50  66  83  
0  16  33  50  66  83  
0  16  33  50  66  83  
0  16  33  50  66  83  
0  16  33  50  66  83  
0  16  33  50  66  83  
0  16  33  Pomerol: Computing density matrix for \beta = 2
Pomerol: Computing field operators with indices 0, 1, 2, 3
0  0  16  33  50  66  83  
0  16  33  50  66  83  
0  16  33  50  66  83  
0  16  33  50  66  83  
0  16  33  50  66  83  
0  16  33  50  66  83  
0  16  33  50  66  83  
0  16  33  50  66  83  
0  16  33  50  66  83  
0  16  33  50  66  83  
0  16  33  50  66  83  
0  16  33  50  66  83  
0  16  33  50  66  83  
0  16  33  50  66  83  
0  16  33  50  66  83  
0  16  33  50  66  83  
0  16  33  50  66  83  
0  16  33  50  66  83  
0  16  33  50  66  83  
0  16  33  50  66  83  
0  16  33  50  66  83  
0  16  33  50  66  83  
0  16  33  50  66  83  
0  16  33  50  66  83  
0  16  33  50  66  83  
0  16  33  50  66  83  
0  16  33  50  66  83  
0  16  33  50  66  83  
0  16  33  50  66  83  
0  16  33  50  66  83  
0  16  33  50  66  83  
0  16  33  50  66  83  
0  16  33  50  66  83  
0  16  33  50  66  83  
0  16  33  50  66  83  
0  16  33  50  66  83  
0  16  33  50  66  83  
0  16  33  50  66  83  
0  16  33  50  66  83  
0  16  33  50  66  83  
0  16  33  50  66  83  
0  16  33  50  66  83  
0  16  33  0  16  33  50  66  83  
0  16  33  50  66  83  
0  16  33  50  66  83  
0  16  33  50  66  83  
0  16  33  50  66  83  
0  16  33  50  66  83  
0  16  33  50  66  83  
0  16  33  50  66  83  
0  16  33  50  66  83  
0  16  33  50  66  83  
0  16  33  50  66  83  
0  16  33  50  66  83  
0  16  33  50  66  83  
0  16  33  50  66  83  
0  16  33  50  0  16  33  50  66  83  
0  16  33  50  0  16  33  50  66  83  
0  16  33  50  66  83  
0  16  33  50  66  83  
0  16  33  50  66  83  
TwoParticleGF(1111): 24 parts will be calculated
0  16  33  50  66  83  
0  16  33  50  66  83  
0  16  33  50  66  83  
0  16  33  50  66  83  
TwoParticleGF(1111): 24 parts will be calculated
0  16  33  50  66  83  
0  16  33  50  66  83  
0  16  33  50  66  83  
0  16  33  50  66  83  
TwoParticleGF(1111): 24 parts will be calculated
0  16  33  50  66  83  
0  16  33  50  66  83  
0  16  33  50  66  83  
0  16  33  50  66  83  
0  16  33  50  66  83  
0  16  33  50  66  83  
0  16  33  50  66  83  
0  16  33  50  66  83  
0  16  33  50  66  83  
0  16  33  50  66  83  
0  16  33  50  66  83  
0  16  33  50  66  83  
TwoParticleGF(1111): 24 parts will be calculated
0  16  33  50  66  83  
0  16  33  50  66  83  
0  16  33  50  66  83  
0  16  33  50  66  83  
TwoParticleGF(1111): 24 parts will be calculated
0  16  33  50  66  83  
0  16  33  50  66  83  
0  16  33  50  66  83  
0  16  33  50  66  83  
TwoParticleGF(1111): 24 parts will be calculated
0  16  33  50  66  83  
0  16  33  50  66  83  
0  16  33  50  66  83  
0  16  33  50  66  83  
TwoParticleGF(1111): 24 parts will be calculated
0  16  33  50  66  83  
0  16  33  50  66  83  
0  16  33  50  66  83  
0  16  33  50  66  83  
TwoParticleGF(1111): 24 parts will be calculated
TwoParticleGF(1111): 24 parts will be calculated
TwoParticleGF(1111): 24 parts will be calculated
0  16  33  50  66  83  
0  16  33  50  66  83  
0  16  33  50  66  83  
0  16  33  50  66  83  
TwoParticleGF(1111): 24 parts will be calculated
0  16  33  50  66  83  
0  16  33  50  66  83  
0  16  33  50  66  83  
0  16  33  50  66  83  
TwoParticleGF(1111): 24 parts will be calculated
0  16  33  50  66  83  
0  16  33  50  66  83  
0  16  33  50  66  83  
0  16  33  50  66  83  
0  16  33  50  66  83  
0  16  33  50  66  83  
0  16  33  50  66  83  
0  16  33  50  66  83  
TwoParticleGF(1111): 24 parts will be calculated
0  16  33  50  66  83  
0  16  33  50  66  83  
0  16  33  50  66  83  
0  16  33  50  66  83  
0  16  33  50  66  83  
0  16  33  50  66  83  
0  16  33  50  66  83  
0  16  33  50  66  83  
TwoParticleGF(1111): 24 parts will be calculated
TwoParticleGF(1111): 24 parts will be calculated
TwoParticleGF(1111): 24 parts will be calculated
0  16  33  50  66  83  
0  16  33  50  66  83  
0  16  33  50  66  83  
0  16  33  50  66  83  
TwoParticleGF(1111): 24 parts will be calculated
TwoParticleGF(1111): 24 parts will be calculated
0  16  33  50  66  83  
0  16  33  50  66  83  
0  16  33  50  66  83  
0  16  33  50  66  83  
TwoParticleGF(1111): 24 parts will be calculated
0  16  33  50  66  83  
0  16  33  50  66  83  
0  16  33  50  66  83  
0  16  33  50  66  83  
TwoParticleGF(1111): 24 parts will be calculated
50  66  83  
0  16  33  50  66  83  
TwoParticleGF(1111): 24 parts will be calculated
0  16  33  50  66  83  
0  16  33  50  66  83  
0  16  33  50  66  83  
0  16  33  50  66  83  
TwoParticleGF(1111): 24 parts will be calculated
0  16  33  50  66  83  
0  16  33  50  66  83  
0  16  33  50  66  83  
0  16  33  50  66  83  
TwoParticleGF(1111): 24 parts will be calculated
0  16  33  50  66  83  
0  16  33  50  66  83  
0  16  33  50  66  83  
0  16  33  50  66  83  
TwoParticleGF(1111): 24 parts will be calculated
TwoParticleGF(1111): 24 parts will be calculated
TwoParticleGF(1111): 24 parts will be calculated
0  16  33  50  66  83  
0  16  33  50  66  83  
0  16  33  50  66  83  
0  16  33  50  66  83  
TwoParticleGF(1111): 24 parts will be calculated
0  16  33  50  66  83  
0  16  33  50  66  83  
0  16  33  50  66  83  
0  16  33  50  66  83  
TwoParticleGF(1111): 24 parts will be calculated
TwoParticleGF(1111): 24 parts will be calculated
0  16  33  50  66  83  
0  16  33  50  66  83  
0  16  33  50  66  83  
0  16  33  50  66  83  
TwoParticleGF(1111): 24 parts will be calculated
0  16  33  50  66  83  
0  16  33  50  66  83  
0  16  33  50  66  83  
0  16  33  50  66  83  
TwoParticleGF(1111): 24 parts will be calculated
0  16  33  50  66  83  
0  16  33  50  66  83  
0  16  33  50  66  83  
0  16  33  50  66  83  
TwoParticleGF(1111): 24 parts will be calculated
0  16  33  50  66  83  
0  16  33  50  66  83  
0  16  33  50  66  83  
0  16  33  50  66  83  
TwoParticleGF(1111): 24 parts will be calculated
0  16  33  50  66  83  
0  16  33  50  66  83  
0  16  33  50  66  83  
0  16  33  50  66  83  
TwoParticleGF(1111): 24 parts will be calculated
0  16  33  50  66  83  
0  16  33  50  66  83  
0  16  33  50  66  83  
0  16  33  50  66  83  
TwoParticleGF(1111): 24 parts will be calculated
0  16  33  50  66  83  
0  16  33  50  66  83  
0  16  33  50  66  83  
0  16  33  50  66  83  
TwoParticleGF(1111): 24 parts will be calculated
0  16  33  50  66  83  
0  16  33  50  66  83  
0  16  33  50  66  83  
0  16  33  50  66  83  
TwoParticleGF(1111): 24 parts will be calculated
66  83  
0  16  33  50  66  83  
TwoParticleGF(1111): 24 parts will be calculated
0  16  33  50  66  83  
0  16  33  50  66  83  
0  16  33  50  66  83  
0  16  33  50  66  83  
TwoParticleGF(1111): 24 parts will be calculated
0  16  33  50  66  83  
0  16  33  50  66  83  
0  16  33  50  66  83  
0  16  33  50  66  83  
TwoParticleGF(1111): 24 parts will be calculated
0  16  33  50  66  83  
0  16  33  50  66  83  
0  16  33  50  66  83  
0  16  33  50  66  83  
TwoParticleGF(1111): 24 parts will be calculated
0  16  33  50  66  83  
0  16  33  50  66  83  
0  16  33  50  66  83  
0  16  33  50  66  83  
TwoParticleGF(1111): 24 parts will be calculated
0  16  33  50  66  83  
0  16  33  50  66  83  
0  16  33  50  66  83  
0  16  33  50  66  83  
TwoParticleGF(1111): 24 parts will be calculated
0  16  33  50  66  83  
0  16  33  50  66  83  
0  16  33  50  66  83  
0  16  33  50  66  83  
TwoParticleGF(1111): 24 parts will be calculated
50  66  83  
0  16  33  50  66  83  
0  16  33  50  66  83  
TwoParticleGF(1111): 24 parts will be calculated
0  16  33  50  66  83  
0  16  33  50  66  83  
0  16  33  50  66  83  
0  16  33  50  66  83  
TwoParticleGF(1111): 24 parts will be calculated
0  16  33  50  66  83  
0  16  33  50  66  83  
0  16  33  50  66  83  
0  16  33  50  66  83  
TwoParticleGF(1111): 24 parts will be calculated
TwoParticleGF(1111): 24 parts will be calculated
TwoParticleGF(1111): 24 parts will be calculated
0  16  33  50  66  83  
0  16  33  50  66  83  
TwoParticleGF(1111): 24 parts will be calculated
0  16  33  50  66  83  
0  16  33  50  66  83  
0  16  33  50  66  83  
0  16  33  50  66  83  
TwoParticleGF(1111): 24 parts will be calculated
33  50  66  83  
0  16  33  50  66  83  
0  16  33  50  66  83  
TwoParticleGF(1111): 24 parts will be calculated
50  66  83  
TwoParticleGF(1111): 24 parts will be calculated
0  16  33  50  66  83  
0  16  33  50  66  83  
0  16  33  50  66  83  
0  16  33  50  66  83  
TwoParticleGF(1111): 24 parts will be calculated
66  83  
0  16  33  50  66  83  
0  16  33  50  66  83  
0  16  33  50  66  83  
TwoParticleGF(1111): 24 parts will be calculated
0  16  33  50  66  83  
0  16  33  50  66  83  
0  16  33  50  66  83  
TwoParticleGF(1111): 24 parts will be calculated
TwoParticleGF(1111): 24 parts will be calculated
66  83  
0  16  33  50  66  83  
0  16  33  50  66  83  
TwoParticleGF(1111): 24 parts will be calculated
0  16  33  50  66  83  
0  16  33  50  66  83  
0  16  33  50  66  83  
0  16  33  50  66  83  
TwoParticleGF(1111): 24 parts will be calculated
16  33  50  66  83  
0  16  33  50  66  83  
0  16  33  50  66  83  
0  16  33  50  66  83  
G2_iw_inu_inup: Filling output container
compute_g2: Filling G^2 element (up,0)(up,0)(up,0)(up,0)
TwoParticleGF(1111): 24 parts will be calculated
0  16  33  50  66  83  
0  16  33  50  66  83  
0  16  33  50  66  83  
0  16  33  50  66  83  
TwoParticleGF(1111): 24 parts will be calculated
TwoParticleGF(1111): 24 parts will be calculated
0  16  33  50  66  83  
0  16  33  50  66  83  
0  16  33  50  66  83  
0  16  33  50  66  83  
TwoParticleGF(1111): 24 parts will be calculated
0  16  33  50  66  83  
0  16  33  50  66  83  
0  16  33  50  66  83  
0  16  33  50  66  83  
TwoParticleGF(1111): 24 parts will be calculated
0  16  33  50  66  83  
0  16  33  50  66  83  
0  16  33  50  66  83  
0  16  33  50  66  83  
TwoParticleGF(1111): 24 parts will be calculated
0  16  33  50  66  83  
0  16  33  50  66  83  
0  16  33  50  66  83  
0  16  33  50  66  83  
TwoParticleGF(1111): 24 parts will be calculated
0  16  33  50  66  83  
0  16  33  50  66  83  
0  16  33  50  66  83  
0  16  33  50  66  83  
TwoParticleGF(1111): 24 parts will be calculated
0  16  33  50  66  83  
0  16  33  50  66  83  
0  16  33  50  66  83  
0  16  33  50  66  83  
TwoParticleGF(1111): 24 parts will be calculated
0  16  33  50  66  83  
0  16  33  50  66  83  
0  16  33  50  66  83  
0  16  33  50  66  83  
TwoParticleGF(1111): 24 parts will be calculated
0  16  33  50  66  83  
0  16  33  50  66  83  
0  16  33  50  66  83  
0  16  33  50  66  83  
TwoParticleGF(1111): 24 parts will be calculated
TwoParticleGF(1111): 24 parts will be calculated
0  16  33  50  66  83  
0  16  33  50  66  83  
0  16  33  50  66  83  
0  16  33  50  66  83  
TwoParticleGF(1111): 24 parts will be calculated
TwoParticleGF(1111): 24 parts will be calculated
TwoParticleGF(1111): 24 parts will be calculated
0  16  33  50  66  83  
0  16  33  50  66  83  
0  16  33  50  66  83  
0  16  33  50  66  83  
TwoParticleGF(1111): 24 parts will be calculated
0  16  33  50  66  83  
0  16  33  50  66  83  
0  16  33  50  66  83  
0  16  33  50  66  83  
TwoParticleGF(1111): 24 parts will be calculated
0  16  33  50  66  83  
0  16  33  50  66  83  
0  16  33  50  66  83  
0  16  33  50  66  83  
TwoParticleGF(1111): 24 parts will be calculated
TwoParticleGF(1111): 24 parts will be calculated
0  16  33  50  66  83  
0  16  33  50  66  83  
0  16  33  50  66  83  
0  16  33  50  66  83  
TwoParticleGF(1111): 24 parts will be calculated
0  16  33  50  66  83  
0  16  33  50  66  83  
0  16  33  50  66  83  
0  16  33  50  66  83  
TwoParticleGF(1111): 24 parts will be calculated
0  16  33  50  66  83  
0  16  33  50  66  83  
0  16  33  50  66  83  
0  16  33  50  66  83  
TwoParticleGF(1111): 24 parts will be calculated
0  16  33  50  66  83  
0  16  33  50  66  83  
0  16  33  50  66  83  
0  16  33  50  66  83  
TwoParticleGF(1111): 24 parts will be calculated
0  16  33  50  66  83  
0  16  33  50  66  83  
0  16  33  50  66  83  
0  16  33  50  66  83  
TwoParticleGF(1111): 24 parts will be calculated
0  16  33  50  66  83  
0  16  33  50  66  83  
0  16  33  50  66  83  
0  16  33  50  66  83  
TwoParticleGF(1111): 24 parts will be calculated
0  16  33  50  66  83  
0  16  33  50  66  83  
0  16  33  50  66  83  
0  16  33  50  66  83  
TwoParticleGF(1111): 24 parts will be calculated
TwoParticleGF(1111): 24 parts will be calculated
TwoParticleGF(1111): 24 parts will be calculated
TwoParticleGF(1111): 24 parts will be calculated
[21/24] P4 : part 20 [1] run;
Total 8+8=16 terms
Calculating 24 jobs using 90 procs.
[13/24] P0 : part 12 [1] run;
Total 128+128=256 terms
done.
[24/24] P1 : part 23 [1] run;
Total 8+8=16 terms
[17/24] P8 : part 16 [1] run;
Total 8+8=16 terms
[22/24] P3 : part 21 [1] run;
Total 8+8=16 terms
[20/24] P5 : part 19 [1] run;
Total 8+8=16 terms
[19/24] P6 : part 18 [1] run;
Total 8+8=16 terms
[18/24] P7 : part 17 [1] run;
Total 8+8=16 terms
[16/24] P9 : part 15 [1] run;
Total 128+128=256 terms
[15/24] P10 : part 14 [1] run;
Total 128+128=256 terms
[14/24] P11 : part 13 [1] run;
Total 128+128=256 terms
[1/24] P12 : part 0 [1] run;
Total 8+8=16 terms
[23/24] P2 : part 22 [1] run;
Total 8+8=16 terms
[11/24] P14 : part 10 [1] run;
Total 8+8=16 terms
[12/24] P13 : part 11 [1] run;
Total 8+8=16 terms
[10/24] P15 : part 9 [1] run;
Total 8+8=16 terms
[8/24] P17 : part 7 [1] run;
Total 128+128=256 terms
[7/24] P18 : part 6 [1] run;
Total 128+128=256 terms
[6/24] P19 : part 5 [1] run;
Total 128+128=256 terms
[9/24] P16 : part 8 [1] run;
Total 8+8=16 terms
[4/24] P21 : part 3 [1] run;
Total 8+8=16 terms
[3/24] P22 : part 2 [1] run;
Total 8+8=16 terms
[2/24] P23 : part 1 [1] run;
Total 8+8=16 terms
TwoParticleGF(1111): 24 parts will be calculated
0  16  33  50  66  83  
0  16  33  50  66  83  
0  16  33  50  66  83  
0  16  33  50  66  83  
TwoParticleGF(1111): 24 parts will be calculated
[5/24] P20 : part 4 [1] run;
Total 128+128=256 terms
TwoParticleGF(1311): 24 parts will be calculated
TwoParticleGF(1311): 24 parts will be calculated
TwoParticleGF(1311): 24 parts will be calculated
TwoParticleGF(1311): 24 parts will be calculated
TwoParticleGF(1311): 24 parts will be calculated
TwoParticleGF(1311): 24 parts will be calculated
TwoParticleGF(1311): 24 parts will be calculated
TwoParticleGF(1311): 24 parts will be calculated
TwoParticleGF(1311): 24 parts will be calculated
TwoParticleGF(1311): 24 parts will be calculated
TwoParticleGF(1311): 24 parts will be calculated
TwoParticleGF(1311): 24 parts will be calculated
TwoParticleGF(1311): 24 parts will be calculated
TwoParticleGF(1311): 24 parts will be calculated
TwoParticleGF(1311): 24 parts will be calculated
TwoParticleGF(1311): 24 parts will be calculated
TwoParticleGF(1311): 24 parts will be calculated
TwoParticleGF(1311): 24 parts will be calculated
TwoParticleGF(1311): 24 parts will be calculated
TwoParticleGF(1311): 24 parts will be calculated
TwoParticleGF(1311): 24 parts will be calculated
TwoParticleGF(1311): 24 parts will be calculated
TwoParticleGF(1311): 24 parts will be calculated
TwoParticleGF(1311): 24 parts will be calculated
TwoParticleGF(1311): 24 parts will be calculated
TwoParticleGF(1311): 24 parts will be calculated
TwoParticleGF(1311): 24 parts will be calculated
TwoParticleGF(1311): 24 parts will be calculated
TwoParticleGF(1311): 24 parts will be calculated
TwoParticleGF(1311): 24 parts will be calculated
TwoParticleGF(1311): 24 parts will be calculated
TwoParticleGF(1311): 24 parts will be calculated
TwoParticleGF(1311): 24 parts will be calculated
TwoParticleGF(1311): 24 parts will be calculated
TwoParticleGF(1311): 24 parts will be calculated
TwoParticleGF(1311): 24 parts will be calculated
TwoParticleGF(1311): 24 parts will be calculated
TwoParticleGF(1311): 24 parts will be calculated
TwoParticleGF(1311): 24 parts will be calculated
TwoParticleGF(1311): 24 parts will be calculated
TwoParticleGF(1311): 24 parts will be calculated
TwoParticleGF(1311): 24 parts will be calculated
TwoParticleGF(1311): 24 parts will be calculated
TwoParticleGF(1311): 24 parts will be calculated
TwoParticleGF(1311): 24 parts will be calculated
TwoParticleGF(1311): 24 parts will be calculated
TwoParticleGF(1311): 24 parts will be calculated
TwoParticleGF(1311): 24 parts will be calculated
TwoParticleGF(1311): 24 parts will be calculated
TwoParticleGF(1311): 24 parts will be calculated
TwoParticleGF(1311): 24 parts will be calculated
TwoParticleGF(1311): 24 parts will be calculated
TwoParticleGF(1311): 24 parts will be calculated
TwoParticleGF(1311): 24 parts will be calculated
TwoParticleGF(1311): 24 parts will be calculated
TwoParticleGF(1311): 24 parts will be calculated
TwoParticleGF(1311): 24 parts will be calculated
TwoParticleGF(1311): 24 parts will be calculated
TwoParticleGF(1311): 24 parts will be calculated
TwoParticleGF(1311): 24 parts will be calculated
TwoParticleGF(1311): 24 parts will be calculated
TwoParticleGF(1311): 24 parts will be calculated
TwoParticleGF(1311): 24 parts will be calculated
TwoParticleGF(1311): 24 parts will be calculated
TwoParticleGF(1311): 24 parts will be calculated
TwoParticleGF(1311): 24 parts will be calculated
TwoParticleGF(1311): 24 parts will be calculated
TwoParticleGF(1311): 24 parts will be calculated
TwoParticleGF(1311): 24 parts will be calculated
TwoParticleGF(1311): 24 parts will be calculated
TwoParticleGF(1311): 24 parts will be calculated
TwoParticleGF(1311): 24 parts will be calculated
TwoParticleGF(1311): 24 parts will be calculated
TwoParticleGF(1311): 24 parts will be calculated
TwoParticleGF(1311): 24 parts will be calculated
TwoParticleGF(1311): 24 parts will be calculated
TwoParticleGF(1311): 24 parts will be calculated
TwoParticleGF(1311): 24 parts will be calculated
TwoParticleGF(1311): 24 parts will be calculated
TwoParticleGF(1311): 24 parts will be calculated
TwoParticleGF(1311): 24 parts will be calculated
TwoParticleGF(1311): 24 parts will be calculated
TwoParticleGF(1311): 24 parts will be calculated
compute_g2: Filling G^2 element (up,0)(up,0)(up,0)(up,1)
TwoParticleGF(1311): 24 parts will be calculated
TwoParticleGF(1311): 24 parts will be calculated
TwoParticleGF(1311): 24 parts will be calculated
TwoParticleGF(1311): 24 parts will be calculated
TwoParticleGF(1311): 24 parts will be calculated
TwoParticleGF(1311): 24 parts will be calculated
TwoParticleGF(1311): 24 parts will be calculated
Calculating 24 jobs using 90 procs.
[20/24] P5 : part 19 [1] run;
Total 8+8=16 terms
[19/24] P6 : part 18 [1] run;
Total 8+8=16 terms
[16/24] P9 : part 15 [1] run;
Total 128+128=256 terms
[18/24] P7 : part 17 [1] run;
Total 8+8=16 terms
[14/24] P11 : part 13 [1] run;
Total 128+128=256 terms
[23/24] P2 : part 22 [1] run;
Total 8+8=16 terms
[11/24] P14 : part 10 [1] run;
Total 8+8=16 terms
[12/24] P13 : part 11 [1] run;
Total 8+8=16 terms
[10/24] P15 : part 9 [1] run;
Total 8+8=16 terms
[8/24] P17 : part 7 [1] run;
Total 128+128=256 terms
[15/24] P10 : part 14 [1] run;
Total 128+128=256 terms
[7/24] P18 : part 6 [1] run;
Total 128+128=256 terms
[1/24] P12 : part 0 [1] run;
Total 8+8=16 terms
[9/24] P16 : part 8 [1] run;
Total 8+8=16 terms
[3/24] P22 : part 2 [1] run;
Total 8+8=16 terms
[6/24] P19 : part 5 [1] run;
Total 128+128=256 terms
[2/24] P23 : part 1 [1] run;
Total 8+8=16 terms
[4/24] P21 : part 3 [1] run;
Total 8+8=16 terms
[5/24] P20 : part 4 [1] run;
Total 128+128=256 terms
[13/24] P0 : part 12 [1] run;
Total 128+128=256 terms
[21/24] P4 : part 20 [1] run;
Total 8+8=16 terms
[24/24] P1 : part 23 [1] run;
Total 8+8=16 terms
[17/24] P8 : part 16 [1] run;
Total 8+8=16 terms
[22/24] P3 : part 21 [1] run;
Total 8+8=16 terms
done.
TwoParticleGF(1113): 24 parts will be calculated
TwoParticleGF(1113): 24 parts will be calculated
TwoParticleGF(1113): 24 parts will be calculated
TwoParticleGF(1113): 24 parts will be calculated
TwoParticleGF(1113): 24 parts will be calculated
TwoParticleGF(1113): 24 parts will be calculated
TwoParticleGF(1113): 24 parts will be calculated
TwoParticleGF(1113): 24 parts will be calculated
TwoParticleGF(1113): 24 parts will be calculated
TwoParticleGF(1113): 24 parts will be calculated
TwoParticleGF(1113): 24 parts will be calculated
TwoParticleGF(1113): 24 parts will be calculated
TwoParticleGF(1113): 24 parts will be calculated
TwoParticleGF(1113): 24 parts will be calculated
TwoParticleGF(1113): 24 parts will be calculated
TwoParticleGF(1113): 24 parts will be calculated
TwoParticleGF(1113): 24 parts will be calculated
TwoParticleGF(1113): 24 parts will be calculated
TwoParticleGF(1113): 24 parts will be calculated
TwoParticleGF(1113): 24 parts will be calculated
TwoParticleGF(1113): 24 parts will be calculated
TwoParticleGF(1113): 24 parts will be calculated
TwoParticleGF(1113): 24 parts will be calculated
TwoParticleGF(1113): 24 parts will be calculated
TwoParticleGF(1113): 24 parts will be calculated
TwoParticleGF(1113): 24 parts will be calculated
TwoParticleGF(1113): 24 parts will be calculated
TwoParticleGF(1113): 24 parts will be calculated
TwoParticleGF(1113): 24 parts will be calculated
TwoParticleGF(1113): 24 parts will be calculated
TwoParticleGF(1113): 24 parts will be calculated
TwoParticleGF(1113): 24 parts will be calculated
TwoParticleGF(1113): 24 parts will be calculated
TwoParticleGF(1113): 24 parts will be calculated
TwoParticleGF(1113): 24 parts will be calculated
TwoParticleGF(1113): 24 parts will be calculated
TwoParticleGF(1113): 24 parts will be calculated
TwoParticleGF(1113): 24 parts will be calculated
TwoParticleGF(1113): 24 parts will be calculated
TwoParticleGF(1113): 24 parts will be calculated
TwoParticleGF(1113): 24 parts will be calculated
TwoParticleGF(1113): 24 parts will be calculated
TwoParticleGF(1113): 24 parts will be calculated
TwoParticleGF(1113): 24 parts will be calculated
TwoParticleGF(1113): 24 parts will be calculated
TwoParticleGF(1113): 24 parts will be calculated
TwoParticleGF(1113): 24 parts will be calculated
TwoParticleGF(1113): 24 parts will be calculated
TwoParticleGF(1113): 24 parts will be calculated
TwoParticleGF(1113): 24 parts will be calculated
TwoParticleGF(1113): 24 parts will be calculated
TwoParticleGF(1113): 24 parts will be calculated
TwoParticleGF(1113): 24 parts will be calculated
TwoParticleGF(1113): 24 parts will be calculated
TwoParticleGF(1113): 24 parts will be calculated
TwoParticleGF(1113): 24 parts will be calculated
TwoParticleGF(1113): 24 parts will be calculated
TwoParticleGF(1113): 24 parts will be calculated
TwoParticleGF(1113): 24 parts will be calculated
TwoParticleGF(1113): 24 parts will be calculated
TwoParticleGF(1113): 24 parts will be calculated
TwoParticleGF(1113): 24 parts will be calculated
TwoParticleGF(1113): 24 parts will be calculated
TwoParticleGF(1113): 24 parts will be calculated
TwoParticleGF(1113): 24 parts will be calculated
TwoParticleGF(1113): 24 parts will be calculated
TwoParticleGF(1113): 24 parts will be calculated
TwoParticleGF(1113): 24 parts will be calculated
TwoParticleGF(1113): 24 parts will be calculated
TwoParticleGF(1113): 24 parts will be calculated
TwoParticleGF(1113): 24 parts will be calculated
TwoParticleGF(1113): 24 parts will be calculated
TwoParticleGF(1113): 24 parts will be calculated
TwoParticleGF(1113): 24 parts will be calculated
TwoParticleGF(1113): 24 parts will be calculated
TwoParticleGF(1113): 24 parts will be calculated
TwoParticleGF(1113): 24 parts will be calculated
TwoParticleGF(1113): 24 parts will be calculated
TwoParticleGF(1113): 24 parts will be calculated
TwoParticleGF(1113): 24 parts will be calculated
TwoParticleGF(1113): 24 parts will be calculated
TwoParticleGF(1113): 24 parts will be calculated
TwoParticleGF(1113): 24 parts will be calculated
TwoParticleGF(1113): 24 parts will be calculated
TwoParticleGF(1113): 24 parts will be calculated
TwoParticleGF(1113): 24 parts will be calculated
TwoParticleGF(1113): 24 parts will be calculated
TwoParticleGF(1113): 24 parts will be calculated
compute_g2: Filling G^2 element (up,0)(up,0)(up,1)(up,0)
TwoParticleGF(1113): 24 parts will be calculated
TwoParticleGF(1113): 24 parts will be calculated
Calculating 24 jobs using 90 procs.
[7/24] P18 : part 6 [1] run;
Total 128+128=256 terms
[3/24] P22 : part 2 [1] run;
Total 8+8=16 terms
[2/24] P23 : part 1 [1] run;
Total 8+8=16 terms
[6/24] P19 : part 5 [1] run;
Total 128+128=256 terms
[4/24] P21 : part 3 [1] run;
Total 8+8=16 terms
[13/24] P0 : part 12 [1] run;
Total 128+128=256 terms
[24/24] P1 : part 23 [1] run;
Total 8+8=16 terms
[17/24] P8 : part 16 [1] run;
Total 8+8=16 terms
[21/24] P4 : part 20 [1] run;
Total 8+8=16 terms
[5/24] P20 : part 4 [1] run;
Total 128+128=256 terms
[20/24] P5 : part 19 [1] run;
Total 8+8=16 terms
[19/24] P6 : part 18 [1] run;
Total 8+8=16 terms
[16/24] P9 : part 15 [1] run;
Total 128+128=256 terms
[18/24] P7 : part 17 [1] run;
Total 8+8=16 terms
[23/24] P2 : part 22 [1] run;
Total 8+8=16 terms
[11/24] P14 : part 10 [1] run;
Total 8+8=16 terms
[12/24] P13 : part 11 [1] run;
Total 8+8=16 terms
[14/24] P11 : part 13 [1] run;
Total 128+128=256 terms
[8/24] P17 : part 7 [1] run;
Total 128+128=256 terms
[15/24] P10 : part 14 [1] run;
Total 128+128=256 terms
[10/24] P15 : part 9 [1] run;
Total 8+8=16 terms
[1/24] P12 : part 0 [1] run;
Total 8+8=16 terms
[9/24] P16 : part 8 [1] run;
Total 8+8=16 terms
[22/24] P3 : part 21 [1] run;
Total 8+8=16 terms
done.
TwoParticleGF(1313): 24 parts will be calculated
TwoParticleGF(1313): 24 parts will be calculated
TwoParticleGF(1313): 24 parts will be calculated
TwoParticleGF(1313): 24 parts will be calculated
TwoParticleGF(1313): 24 parts will be calculated
TwoParticleGF(1313): 24 parts will be calculated
TwoParticleGF(1313): 24 parts will be calculated
TwoParticleGF(1313): 24 parts will be calculated
TwoParticleGF(1313): 24 parts will be calculated
TwoParticleGF(1313): 24 parts will be calculated
TwoParticleGF(1313): 24 parts will be calculated
TwoParticleGF(1313): 24 parts will be calculated
TwoParticleGF(1313): 24 parts will be calculated
TwoParticleGF(1313): 24 parts will be calculated
TwoParticleGF(1313): 24 parts will be calculated
TwoParticleGF(1313): 24 parts will be calculated
TwoParticleGF(1313): 24 parts will be calculated
TwoParticleGF(1313): 24 parts will be calculated
TwoParticleGF(1313): 24 parts will be calculated
TwoParticleGF(1313): 24 parts will be calculated
TwoParticleGF(1313): 24 parts will be calculated
TwoParticleGF(1313): 24 parts will be calculated
TwoParticleGF(1313): 24 parts will be calculated
TwoParticleGF(1313): 24 parts will be calculated
TwoParticleGF(1313): 24 parts will be calculated
TwoParticleGF(1313): 24 parts will be calculated
TwoParticleGF(1313): 24 parts will be calculated
TwoParticleGF(1313): 24 parts will be calculated
TwoParticleGF(1313): 24 parts will be calculated
TwoParticleGF(1313): 24 parts will be calculated
TwoParticleGF(1313): 24 parts will be calculated
TwoParticleGF(1313): 24 parts will be calculated
TwoParticleGF(1313): 24 parts will be calculated
TwoParticleGF(1313): 24 parts will be calculated
TwoParticleGF(1313): 24 parts will be calculated
TwoParticleGF(1313): 24 parts will be calculated
TwoParticleGF(1313): 24 parts will be calculated
TwoParticleGF(1313): 24 parts will be calculated
TwoParticleGF(1313): 24 parts will be calculated
TwoParticleGF(1313): 24 parts will be calculated
TwoParticleGF(1313): 24 parts will be calculated
TwoParticleGF(1313): 24 parts will be calculated
TwoParticleGF(1313): 24 parts will be calculated
TwoParticleGF(1313): 24 parts will be calculated
TwoParticleGF(1313): 24 parts will be calculated
TwoParticleGF(1313): 24 parts will be calculated
TwoParticleGF(1313): 24 parts will be calculated
TwoParticleGF(1313): 24 parts will be calculated
TwoParticleGF(1313): 24 parts will be calculated
TwoParticleGF(1313): 24 parts will be calculated
TwoParticleGF(1313): 24 parts will be calculated
TwoParticleGF(1313): 24 parts will be calculated
TwoParticleGF(1313): 24 parts will be calculated
TwoParticleGF(1313): 24 parts will be calculated
TwoParticleGF(1313): 24 parts will be calculated
TwoParticleGF(1313): 24 parts will be calculated
TwoParticleGF(1313): 24 parts will be calculated
TwoParticleGF(1313): 24 parts will be calculated
TwoParticleGF(1313): 24 parts will be calculated
TwoParticleGF(1313): 24 parts will be calculated
TwoParticleGF(1313): 24 parts will be calculated
TwoParticleGF(1313): 24 parts will be calculated
TwoParticleGF(1313): 24 parts will be calculated
TwoParticleGF(1313): 24 parts will be calculated
TwoParticleGF(1313): 24 parts will be calculated
TwoParticleGF(1313): 24 parts will be calculated
TwoParticleGF(1313): 24 parts will be calculated
TwoParticleGF(1313): 24 parts will be calculated
TwoParticleGF(1313): 24 parts will be calculated
compute_g2: Filling G^2 element (up,0)(up,0)(up,1)(up,1)
TwoParticleGF(1313): 24 parts will be calculated
TwoParticleGF(1313): 24 parts will be calculated
TwoParticleGF(1313): 24 parts will be calculated
TwoParticleGF(1313): 24 parts will be calculated
TwoParticleGF(1313): 24 parts will be calculated
TwoParticleGF(1313): 24 parts will be calculated
TwoParticleGF(1313): 24 parts will be calculated
TwoParticleGF(1313): 24 parts will be calculated
TwoParticleGF(1313): 24 parts will be calculated
TwoParticleGF(1313): 24 parts will be calculated
TwoParticleGF(1313): 24 parts will be calculated
TwoParticleGF(1313): 24 parts will be calculated
TwoParticleGF(1313): 24 parts will be calculated
TwoParticleGF(1313): 24 parts will be calculated
TwoParticleGF(1313): 24 parts will be calculated
TwoParticleGF(1313): 24 parts will be calculated
TwoParticleGF(1313): 24 parts will be calculated
TwoParticleGF(1313): 24 parts will be calculated
TwoParticleGF(1313): 24 parts will be calculated
TwoParticleGF(1313): 24 parts will be calculated
TwoParticleGF(1313): 24 parts will be calculated
Calculating 24 jobs using 90 procs.
[7/24] P18 : part 6 [1] run;
Total 128+128=256 terms
[13/24] P0 : part 12 [1] run;
Total 128+128=256 terms
[24/24] P1 : part 23 [1] run;
Total 8+8=16 terms
[22/24] P3 : part 21 [1] run;
Total 8+8=16 terms
[17/24] P8 : part 16 [1] run;
Total 8+8=16 terms
[5/24] P20 : part 4 [1] run;
Total 128+128=256 terms
[21/24] P4 : part 20 [1] run;
Total 8+8=16 terms
[20/24] P5 : part 19 [1] run;
Total 8+8=16 terms
[19/24] P6 : part 18 [1] run;
Total 8+8=16 terms
[18/24] P7 : part 17 [1] run;
Total 8+8=16 terms
[23/24] P2 : part 22 [1] run;
Total 8+8=16 terms
[11/24] P14 : part 10 [1] run;
Total 8+8=16 terms
[16/24] P9 : part 15 [1] run;
Total 128+128=256 terms
[12/24] P13 : part 11 [1] run;
Total 8+8=16 terms
[14/24] P11 : part 13 [1] run;
Total 128+128=256 terms
[8/24] P17 : part 7 [1] run;
Total 128+128=256 terms
[10/24] P15 : part 9 [1] run;
Total 8+8=16 terms
[1/24] P12 : part 0 [1] run;
Total 8+8=16 terms
[15/24] P10 : part 14 [1] run;
Total 128+128=256 terms
[2/24] P23 : part 1 [1] run;
Total 8+8=16 terms
[4/24] P21 : part 3 [1] run;
Total 8+8=16 terms
[3/24] P22 : part 2 [1] run;
Total 8+8=16 terms
[6/24] P19 : part 5 [1] run;
Total 128+128=256 terms
[9/24] P16 : part 8 [1] run;
Total 8+8=16 terms
done.
TwoParticleGF(3111): 24 parts will be calculated
TwoParticleGF(3111): 24 parts will be calculated
TwoParticleGF(3111): 24 parts will be calculated
TwoParticleGF(3111): 24 parts will be calculated
TwoParticleGF(3111): 24 parts will be calculated
TwoParticleGF(3111): 24 parts will be calculated
TwoParticleGF(3111): 24 parts will be calculated
TwoParticleGF(3111): 24 parts will be calculated
TwoParticleGF(3111): 24 parts will be calculated
TwoParticleGF(3111): 24 parts will be calculated
TwoParticleGF(3111): 24 parts will be calculated
TwoParticleGF(3111): 24 parts will be calculated
TwoParticleGF(3111): 24 parts will be calculated
TwoParticleGF(3111): 24 parts will be calculated
TwoParticleGF(3111): 24 parts will be calculated
TwoParticleGF(3111): 24 parts will be calculated
TwoParticleGF(3111): 24 parts will be calculated
TwoParticleGF(3111): 24 parts will be calculated
TwoParticleGF(3111): 24 parts will be calculated
TwoParticleGF(3111): 24 parts will be calculated
TwoParticleGF(3111): 24 parts will be calculated
TwoParticleGF(3111): 24 parts will be calculated
TwoParticleGF(3111): 24 parts will be calculated
TwoParticleGF(3111): 24 parts will be calculated
TwoParticleGF(3111): 24 parts will be calculated
TwoParticleGF(3111): 24 parts will be calculated
TwoParticleGF(3111): 24 parts will be calculated
TwoParticleGF(3111): 24 parts will be calculated
TwoParticleGF(3111): 24 parts will be calculated
TwoParticleGF(3111): 24 parts will be calculated
TwoParticleGF(3111): 24 parts will be calculated
TwoParticleGF(3111): 24 parts will be calculated
TwoParticleGF(3111): 24 parts will be calculated
TwoParticleGF(3111): 24 parts will be calculated
TwoParticleGF(3111): 24 parts will be calculated
TwoParticleGF(3111): 24 parts will be calculated
TwoParticleGF(3111): 24 parts will be calculated
TwoParticleGF(3111): 24 parts will be calculated
TwoParticleGF(3111): 24 parts will be calculated
TwoParticleGF(3111): 24 parts will be calculated
TwoParticleGF(3111): 24 parts will be calculated
TwoParticleGF(3111): 24 parts will be calculated
TwoParticleGF(3111): 24 parts will be calculated
TwoParticleGF(3111): 24 parts will be calculated
TwoParticleGF(3111): 24 parts will be calculated
TwoParticleGF(3111): 24 parts will be calculated
TwoParticleGF(3111): 24 parts will be calculated
TwoParticleGF(3111): 24 parts will be calculated
TwoParticleGF(3111): 24 parts will be calculated
TwoParticleGF(3111): 24 parts will be calculated
TwoParticleGF(3111): 24 parts will be calculated
TwoParticleGF(3111): 24 parts will be calculated
TwoParticleGF(3111): 24 parts will be calculated
TwoParticleGF(3111): 24 parts will be calculated
TwoParticleGF(3111): 24 parts will be calculated
TwoParticleGF(3111): 24 parts will be calculated
TwoParticleGF(3111): 24 parts will be calculated
TwoParticleGF(3111): 24 parts will be calculated
TwoParticleGF(3111): 24 parts will be calculated
TwoParticleGF(3111): 24 parts will be calculated
TwoParticleGF(3111): 24 parts will be calculated
TwoParticleGF(3111): 24 parts will be calculated
TwoParticleGF(3111): 24 parts will be calculated
TwoParticleGF(3111): 24 parts will be calculated
TwoParticleGF(3111): 24 parts will be calculated
TwoParticleGF(3111): 24 parts will be calculated
TwoParticleGF(3111): 24 parts will be calculated
TwoParticleGF(3111): 24 parts will be calculated
TwoParticleGF(3111): 24 parts will be calculated
TwoParticleGF(3111): 24 parts will be calculated
TwoParticleGF(3111): 24 parts will be calculated
TwoParticleGF(3111): 24 parts will be calculated
TwoParticleGF(3111): 24 parts will be calculated
TwoParticleGF(3111): 24 parts will be calculated
TwoParticleGF(3111): 24 parts will be calculated
TwoParticleGF(3111): 24 parts will be calculated
TwoParticleGF(3111): 24 parts will be calculated
TwoParticleGF(3111): 24 parts will be calculated
TwoParticleGF(3111): 24 parts will be calculated
TwoParticleGF(3111): 24 parts will be calculated
TwoParticleGF(3111): 24 parts will be calculated
TwoParticleGF(3111): 24 parts will be calculated
TwoParticleGF(3111): 24 parts will be calculated
TwoParticleGF(3111): 24 parts will be calculated
TwoParticleGF(3111): 24 parts will be calculated
TwoParticleGF(3111): 24 parts will be calculated
compute_g2: Filling G^2 element (up,0)(up,1)(up,0)(up,0)
TwoParticleGF(3111): 24 parts will be calculated
TwoParticleGF(3111): 24 parts will be calculated
TwoParticleGF(3111): 24 parts will be calculated
TwoParticleGF(3111): 24 parts will be calculated
[19/24] P6 : part 18 [1] run;
Total 8+8=16 terms
Calculating 24 jobs using 90 procs.
[6/24] P19 : part 5 [1] run;
Total 128+128=256 terms
[22/24] P3 : part 21 [1] run;
Total 8+8=16 terms
[20/24] P5 : part 19 [1] run;
Total 8+8=16 terms
[18/24] P7 : part 17 [1] run;
Total 8+8=16 terms
[11/24] P14 : part 10 [1] run;
Total 8+8=16 terms
[14/24] P11 : part 13 [1] run;
Total 128+128=256 terms
[8/24] P17 : part 7 [1] run;
Total 128+128=256 terms
[12/24] P13 : part 11 [1] run;
Total 8+8=16 terms
[16/24] P9 : part 15 [1] run;
Total 128+128=256 terms
[10/24] P15 : part 9 [1] run;
Total 8+8=16 terms
[2/24] P23 : part 1 [1] run;
Total 8+8=16 terms
[4/24] P21 : part 3 [1] run;
Total 8+8=16 terms
[3/24] P22 : part 2 [1] run;
Total 8+8=16 terms
[13/24] P0 : part 12 [1] run;
Total 128+128=256 terms
[9/24] P16 : part 8 [1] run;
Total 8+8=16 terms
[24/24] P1 : part 23 [1] run;
Total 8+8=16 terms
[17/24] P8 : part 16 [1] run;
Total 8+8=16 terms
[7/24] P18 : part 6 [1] run;
Total 128+128=256 terms
[21/24] P4 : part 20 [1] run;
Total 8+8=16 terms
[23/24] P2 : part 22 [1] run;
Total 8+8=16 terms
[5/24] P20 : part 4 [1] run;
Total 128+128=256 terms
[1/24] P12 : part 0 [1] run;
Total 8+8=16 terms
[15/24] P10 : part 14 [1] run;
Total 128+128=256 terms
done.
TwoParticleGF(3311): 24 parts will be calculated
TwoParticleGF(3311): 24 parts will be calculated
TwoParticleGF(3311): 24 parts will be calculated
TwoParticleGF(3311): 24 parts will be calculated
TwoParticleGF(3311): 24 parts will be calculated
TwoParticleGF(3311): 24 parts will be calculated
TwoParticleGF(3311): 24 parts will be calculated
TwoParticleGF(3311): 24 parts will be calculated
TwoParticleGF(3311): 24 parts will be calculated
TwoParticleGF(3311): 24 parts will be calculated
TwoParticleGF(3311): 24 parts will be calculated
TwoParticleGF(3311): 24 parts will be calculated
TwoParticleGF(3311): 24 parts will be calculated
TwoParticleGF(3311): 24 parts will be calculated
TwoParticleGF(3311): 24 parts will be calculated
TwoParticleGF(3311): 24 parts will be calculated
TwoParticleGF(3311): 24 parts will be calculated
TwoParticleGF(3311): 24 parts will be calculated
TwoParticleGF(3311): 24 parts will be calculated
TwoParticleGF(3311): 24 parts will be calculated
TwoParticleGF(3311): 24 parts will be calculated
TwoParticleGF(3311): 24 parts will be calculated
TwoParticleGF(3311): 24 parts will be calculated
TwoParticleGF(3311): 24 parts will be calculated
TwoParticleGF(3311): 24 parts will be calculated
TwoParticleGF(3311): 24 parts will be calculated
TwoParticleGF(3311): 24 parts will be calculated
TwoParticleGF(3311): 24 parts will be calculated
TwoParticleGF(3311): 24 parts will be calculated
TwoParticleGF(3311): 24 parts will be calculated
TwoParticleGF(3311): 24 parts will be calculated
TwoParticleGF(3311): 24 parts will be calculated
TwoParticleGF(3311): 24 parts will be calculated
TwoParticleGF(3311): 24 parts will be calculated
TwoParticleGF(3311): 24 parts will be calculated
TwoParticleGF(3311): 24 parts will be calculated
TwoParticleGF(3311): 24 parts will be calculated
TwoParticleGF(3311): 24 parts will be calculated
TwoParticleGF(3311): 24 parts will be calculated
TwoParticleGF(3311): 24 parts will be calculated
TwoParticleGF(3311): 24 parts will be calculated
TwoParticleGF(3311): 24 parts will be calculated
TwoParticleGF(3311): 24 parts will be calculated
TwoParticleGF(3311): 24 parts will be calculated
TwoParticleGF(3311): 24 parts will be calculated
TwoParticleGF(3311): 24 parts will be calculated
TwoParticleGF(3311): 24 parts will be calculated
TwoParticleGF(3311): 24 parts will be calculated
TwoParticleGF(3311): 24 parts will be calculated
TwoParticleGF(3311): 24 parts will be calculated
TwoParticleGF(3311): 24 parts will be calculated
TwoParticleGF(3311): 24 parts will be calculated
TwoParticleGF(3311): 24 parts will be calculated
TwoParticleGF(3311): 24 parts will be calculated
TwoParticleGF(3311): 24 parts will be calculated
TwoParticleGF(3311): 24 parts will be calculated
TwoParticleGF(3311): 24 parts will be calculated
TwoParticleGF(3311): 24 parts will be calculated
TwoParticleGF(3311): 24 parts will be calculated
TwoParticleGF(3311): 24 parts will be calculated
TwoParticleGF(3311): 24 parts will be calculated
TwoParticleGF(3311): 24 parts will be calculated
TwoParticleGF(3311): 24 parts will be calculated
TwoParticleGF(3311): 24 parts will be calculated
TwoParticleGF(3311): 24 parts will be calculated
TwoParticleGF(3311): 24 parts will be calculated
TwoParticleGF(3311): 24 parts will be calculated
TwoParticleGF(3311): 24 parts will be calculated
TwoParticleGF(3311): 24 parts will be calculated
TwoParticleGF(3311): 24 parts will be calculated
compute_g2: Filling G^2 element (up,0)(up,1)(up,0)(up,1)
TwoParticleGF(3311): 24 parts will be calculated
Calculating 24 jobs using 90 procs.
TwoParticleGF(3311): 24 parts will be calculated
TwoParticleGF(3311): 24 parts will be calculated
TwoParticleGF(3311): 24 parts will be calculated
TwoParticleGF(3311): 24 parts will be calculated
TwoParticleGF(3311): 24 parts will be calculated
TwoParticleGF(3311): 24 parts will be calculated
TwoParticleGF(3311): 24 parts will be calculated
TwoParticleGF(3311): 24 parts will be calculated
TwoParticleGF(3311): 24 parts will be calculated
TwoParticleGF(3311): 24 parts will be calculated
TwoParticleGF(3311): 24 parts will be calculated
TwoParticleGF(3311): 24 parts will be calculated
TwoParticleGF(3311): 24 parts will be calculated
TwoParticleGF(3311): 24 parts will be calculated
TwoParticleGF(3311): 24 parts will be calculated
TwoParticleGF(3311): 24 parts will be calculated
TwoParticleGF(3311): 24 parts will be calculated
TwoParticleGF(3311): 24 parts will be calculated
TwoParticleGF(3311): 24 parts will be calculated
[4/24] P21 : part 3 [1] run;
Total 8+8=16 terms
[17/24] P8 : part 16 [1] run;
Total 8+8=16 terms
[23/24] P2 : part 22 [1] run;
Total 8+8=16 terms
[13/24] P0 : part 12 [1] run;
[15/24] P10 : part 14 [1] run;
Total 128+128=256 terms
[9/24] P16 : part 8 [1] run;
Total 8+8=16 terms
[24/24] P1 : part 23 [1] run;
Total 8+8=16 terms
[3/24] P22 : part 2 [1] run;
Total 8+8=16 terms
[6/24] P19 : part 5 [1] run;
Total 128+128=256 terms
[7/24] P18 : part 6 [1] run;
Total 128+128=256 terms
[22/24] P3 : part 21 [1] run;
Total 8+8=16 terms
[20/24] P5 : part 19 [1] run;
Total 8+8=16 terms
[18/24] P7 : part 17 [1] run;
Total 8+8=16 terms
[11/24] P14 : part 10 [1] run;
Total 8+8=16 terms
[14/24] P11 : part 13 [1] run;
Total 128+128=256 terms
[21/24] P4 : part 20 [1] run;
Total 8+8=16 terms
[12/24] P13 : part 11 [1] run;
Total 8+8=16 terms
[8/24] P17 : part 7 [1] run;
Total 128+128=256 terms
[16/24] P9 : part 15 [1] run;
Total 128+128=256 terms
[19/24] P6 : part 18 [1] run;
Total 8+8=16 terms
[5/24] P20 : part 4 [1] run;
Total 128+128=256 terms
[10/24] P15 : part 9 [1] run;
Total 8+8=16 terms
[1/24] P12 : part 0 [1] run;
Total 8+8=16 terms
[2/24] P23 : part 1 [1] run;
Total 8+8=16 terms
Total 128+128=256 terms
done.
TwoParticleGF(3113): 24 parts will be calculated
TwoParticleGF(3113): 24 parts will be calculated
TwoParticleGF(3113): 24 parts will be calculated
TwoParticleGF(3113): 24 parts will be calculated
TwoParticleGF(3113): 24 parts will be calculated
TwoParticleGF(3113): 24 parts will be calculated
TwoParticleGF(3113): 24 parts will be calculated
TwoParticleGF(3113): 24 parts will be calculated
TwoParticleGF(3113): 24 parts will be calculated
TwoParticleGF(3113): 24 parts will be calculated
TwoParticleGF(3113): 24 parts will be calculated
TwoParticleGF(3113): 24 parts will be calculated
TwoParticleGF(3113): 24 parts will be calculated
TwoParticleGF(3113): 24 parts will be calculated
TwoParticleGF(3113): 24 parts will be calculated
TwoParticleGF(3113): 24 parts will be calculated
TwoParticleGF(3113): 24 parts will be calculated
TwoParticleGF(3113): 24 parts will be calculated
TwoParticleGF(3113): 24 parts will be calculated
TwoParticleGF(3113): 24 parts will be calculated
TwoParticleGF(3113): 24 parts will be calculated
TwoParticleGF(3113): 24 parts will be calculated
TwoParticleGF(3113): 24 parts will be calculated
TwoParticleGF(3113): 24 parts will be calculated
TwoParticleGF(3113): 24 parts will be calculated
TwoParticleGF(3113): 24 parts will be calculated
TwoParticleGF(3113): 24 parts will be calculated
TwoParticleGF(3113): 24 parts will be calculated
TwoParticleGF(3113): 24 parts will be calculated
TwoParticleGF(3113): 24 parts will be calculated
TwoParticleGF(3113): 24 parts will be calculated
TwoParticleGF(3113): 24 parts will be calculated
TwoParticleGF(3113): 24 parts will be calculated
TwoParticleGF(3113): 24 parts will be calculated
TwoParticleGF(3113): 24 parts will be calculated
TwoParticleGF(3113): 24 parts will be calculated
TwoParticleGF(3113): 24 parts will be calculated
TwoParticleGF(3113): 24 parts will be calculated
TwoParticleGF(3113): 24 parts will be calculated
TwoParticleGF(3113): 24 parts will be calculated
TwoParticleGF(3113): 24 parts will be calculated
TwoParticleGF(3113): 24 parts will be calculated
TwoParticleGF(3113): 24 parts will be calculated
TwoParticleGF(3113): 24 parts will be calculated
TwoParticleGF(3113): 24 parts will be calculated
TwoParticleGF(3113): 24 parts will be calculated
TwoParticleGF(3113): 24 parts will be calculated
TwoParticleGF(3113): 24 parts will be calculated
TwoParticleGF(3113): 24 parts will be calculated
TwoParticleGF(3113): 24 parts will be calculated
TwoParticleGF(3113): 24 parts will be calculated
TwoParticleGF(3113): 24 parts will be calculated
TwoParticleGF(3113): 24 parts will be calculated
TwoParticleGF(3113): 24 parts will be calculated
TwoParticleGF(3113): 24 parts will be calculated
TwoParticleGF(3113): 24 parts will be calculated
compute_g2: Filling G^2 element (up,0)(up,1)(up,1)(up,0)
TwoParticleGF(3113): 24 parts will be calculated
TwoParticleGF(3113): 24 parts will be calculated
TwoParticleGF(3113): 24 parts will be calculated
TwoParticleGF(3113): 24 parts will be calculated
TwoParticleGF(3113): 24 parts will be calculated
TwoParticleGF(3113): 24 parts will be calculated
TwoParticleGF(3113): 24 parts will be calculated
TwoParticleGF(3113): 24 parts will be calculated
TwoParticleGF(3113): 24 parts will be calculated
TwoParticleGF(3113): 24 parts will be calculated
TwoParticleGF(3113): 24 parts will be calculated
TwoParticleGF(3113): 24 parts will be calculated
TwoParticleGF(3113): 24 parts will be calculated
TwoParticleGF(3113): 24 parts will be calculated
TwoParticleGF(3113): 24 parts will be calculated
TwoParticleGF(3113): 24 parts will be calculated
TwoParticleGF(3113): 24 parts will be calculated
TwoParticleGF(3113): 24 parts will be calculated
TwoParticleGF(3113): 24 parts will be calculated
TwoParticleGF(3113): 24 parts will be calculated
TwoParticleGF(3113): 24 parts will be calculated
TwoParticleGF(3113): 24 parts will be calculated
TwoParticleGF(3113): 24 parts will be calculated
TwoParticleGF(3113): 24 parts will be calculated
TwoParticleGF(3113): 24 parts will be calculated
TwoParticleGF(3113): 24 parts will be calculated
TwoParticleGF(3113): 24 parts will be calculated
TwoParticleGF(3113): 24 parts will be calculated
TwoParticleGF(3113): 24 parts will be calculated
TwoParticleGF(3113): 24 parts will be calculated
TwoParticleGF(3113): 24 parts will be calculated
TwoParticleGF(3113): 24 parts will be calculated
TwoParticleGF(3113): 24 parts will be calculated
Calculating 24 jobs using 90 procs.
TwoParticleGF(3113): 24 parts will be calculated
[17/24] P8 : part 16 [1] run;
Total 8+8=16 terms
[4/24] P21 : part 3 [1] run;
Total 8+8=16 terms
[15/24] P10 : part 14 [1] run;
Total 128+128=256 terms
[23/24] P2 : part 22 [1] run;
Total 8+8=16 terms
[13/24] P0 : part 12 [1] run;
Total 128+128=256 terms
[2/24] P23 : part 1 [1] run;
Total 8+8=16 terms
[9/24] P16 : part 8 [1] run;
Total 8+8=16 terms
[24/24] P1 : part 23 [1] run;
Total 8+8=16 terms
[3/24] P22 : part 2 [1] run;
Total 8+8=16 terms
[6/24] P19 : part 5 [1] run;
Total 128+128=256 terms
[7/24] P18 : part 6 [1] run;
Total 128+128=256 terms
[22/24] P3 : part 21 [1] run;
[20/24] P5 : part 19 [1] run;
Total 8+8=16 terms
[18/24] P7 : part 17 [1] run;
Total 8+8=16 terms
[11/24] P14 : part 10 [1] run;
Total 8+8=16 terms
[14/24] P11 : part 13 [1] run;
Total 128+128=256 terms
[21/24] P4 : part 20 [1] run;
Total 8+8=16 terms
[12/24] P13 : part 11 [1] run;
Total 8+8=16 terms
[8/24] P17 : part 7 [1] run;
Total 128+128=256 terms
[16/24] P9 : part 15 [1] run;
Total 128+128=256 terms
[5/24] P20 : part 4 [1] run;
Total 128+128=256 terms
[19/24] P6 : part 18 [1] run;
Total 8+8=16 terms
[10/24] P15 : part 9 [1] run;
Total 8+8=16 terms
[1/24] P12 : part 0 [1] run;
Total 8+8=16 terms
Total 8+8=16 terms
done.
TwoParticleGF(3313): 24 parts will be calculated
TwoParticleGF(3313): 24 parts will be calculated
TwoParticleGF(3313): 24 parts will be calculated
TwoParticleGF(3313): 24 parts will be calculated
TwoParticleGF(3313): 24 parts will be calculated
TwoParticleGF(3313): 24 parts will be calculated
TwoParticleGF(3313): 24 parts will be calculated
TwoParticleGF(3313): 24 parts will be calculated
TwoParticleGF(3313): 24 parts will be calculated
TwoParticleGF(3313): 24 parts will be calculated
TwoParticleGF(3313): 24 parts will be calculated
TwoParticleGF(3313): 24 parts will be calculated
TwoParticleGF(3313): 24 parts will be calculated
TwoParticleGF(3313): 24 parts will be calculated
TwoParticleGF(3313): 24 parts will be calculated
TwoParticleGF(3313): 24 parts will be calculated
TwoParticleGF(3313): 24 parts will be calculated
TwoParticleGF(3313): 24 parts will be calculated
TwoParticleGF(3313): 24 parts will be calculated
TwoParticleGF(3313): 24 parts will be calculated
TwoParticleGF(3313): 24 parts will be calculated
TwoParticleGF(3313): 24 parts will be calculated
TwoParticleGF(3313): 24 parts will be calculated
TwoParticleGF(3313): 24 parts will be calculated
TwoParticleGF(3313): 24 parts will be calculated
TwoParticleGF(3313): 24 parts will be calculated
TwoParticleGF(3313): 24 parts will be calculated
TwoParticleGF(3313): 24 parts will be calculated
TwoParticleGF(3313): 24 parts will be calculated
TwoParticleGF(3313): 24 parts will be calculated
TwoParticleGF(3313): 24 parts will be calculated
TwoParticleGF(3313): 24 parts will be calculated
TwoParticleGF(3313): 24 parts will be calculated
TwoParticleGF(3313): 24 parts will be calculated
TwoParticleGF(3313): 24 parts will be calculated
TwoParticleGF(3313): 24 parts will be calculated
TwoParticleGF(3313): 24 parts will be calculated
TwoParticleGF(3313): 24 parts will be calculated
TwoParticleGF(3313): 24 parts will be calculated
TwoParticleGF(3313): 24 parts will be calculated
TwoParticleGF(3313): 24 parts will be calculated
TwoParticleGF(3313): 24 parts will be calculated
TwoParticleGF(3313): 24 parts will be calculated
TwoParticleGF(3313): 24 parts will be calculated
TwoParticleGF(3313): 24 parts will be calculated
TwoParticleGF(3313): 24 parts will be calculated
TwoParticleGF(3313): 24 parts will be calculated
TwoParticleGF(3313): 24 parts will be calculated
TwoParticleGF(3313): 24 parts will be calculated
TwoParticleGF(3313): 24 parts will be calculated
TwoParticleGF(3313): 24 parts will be calculated
TwoParticleGF(3313): 24 parts will be calculated
TwoParticleGF(3313): 24 parts will be calculated
TwoParticleGF(3313): 24 parts will be calculated
TwoParticleGF(3313): 24 parts will be calculated
TwoParticleGF(3313): 24 parts will be calculated
TwoParticleGF(3313): 24 parts will be calculated
TwoParticleGF(3313): 24 parts will be calculated
TwoParticleGF(3313): 24 parts will be calculated
TwoParticleGF(3313): 24 parts will be calculated
TwoParticleGF(3313): 24 parts will be calculated
TwoParticleGF(3313): 24 parts will be calculated
TwoParticleGF(3313): 24 parts will be calculated
TwoParticleGF(3313): 24 parts will be calculated
TwoParticleGF(3313): 24 parts will be calculated
TwoParticleGF(3313): 24 parts will be calculated
TwoParticleGF(3313): 24 parts will be calculated
TwoParticleGF(3313): 24 parts will be calculated
TwoParticleGF(3313): 24 parts will be calculated
TwoParticleGF(3313): 24 parts will be calculated
TwoParticleGF(3313): 24 parts will be calculated
TwoParticleGF(3313): 24 parts will be calculated
TwoParticleGF(3313): 24 parts will be calculated
TwoParticleGF(3313): 24 parts will be calculated
TwoParticleGF(3313): 24 parts will be calculated
TwoParticleGF(3313): 24 parts will be calculated
TwoParticleGF(3313): 24 parts will be calculated
TwoParticleGF(3313): 24 parts will be calculated
TwoParticleGF(3313): 24 parts will be calculated
TwoParticleGF(3313): 24 parts will be calculated
TwoParticleGF(3313): 24 parts will be calculated
TwoParticleGF(3313): 24 parts will be calculated
TwoParticleGF(3313): 24 parts will be calculated
compute_g2: Filling G^2 element (up,0)(up,1)(up,1)(up,1)
TwoParticleGF(3313): 24 parts will be calculated
Calculating 24 jobs using 90 procs.
TwoParticleGF(3313): 24 parts will be calculated
TwoParticleGF(3313): 24 parts will be calculated
TwoParticleGF(3313): 24 parts will be calculated
TwoParticleGF(3313): 24 parts will be calculated
TwoParticleGF(3313): 24 parts will be calculated
TwoParticleGF(3313): 24 parts will be calculated
[23/24] P2 : part 22 [1] run;
Total 8+8=16 terms
[22/24] P3 : part 21 [1] run;
Total 8+8=16 terms
[2/24] P23 : part 1 [1] run;
Total 8+8=16 terms
[9/24] P16 : part 8 [1] run;
Total 8+8=16 terms
[24/24] P1 : part 23 [1] run;
Total 8+8=16 terms
[3/24] P22 : part 2 [1] run;
Total 8+8=16 terms
[6/24] P19 : part 5 [1] run;
Total 128+128=256 terms
[7/24] P18 : part 6 [1] run;
Total 128+128=256 terms
[1/24] P12 : part 0 [1] run;
Total 8+8=16 terms
[20/24] P5 : part 19 [1] run;
[18/24] P7 : part 17 [1] run;
Total 8+8=16 terms
[11/24] P14 : part 10 [1] run;
Total 8+8=16 terms
[14/24] P11 : part 13 [1] run;
Total 128+128=256 terms
[21/24] P4 : part 20 [1] run;
Total 8+8=16 terms
[13/24] P0 : part 12 [1] run;
Total 128+128=256 terms
[12/24] P13 : part 11 [1] run;
Total 8+8=16 terms
[8/24] P17 : part 7 [1] run;
Total 128+128=256 terms
[16/24] P9 : part 15 [1] run;
Total 128+128=256 terms
[19/24] P6 : part 18 [1] run;
Total 8+8=16 terms
[10/24] P15 : part 9 [1] run;
Total 8+8=16 terms
[5/24] P20 : part 4 [1] run;
Total 128+128=256 terms
[4/24] P21 : part 3 [1] run;
Total 8+8=16 terms
[17/24] P8 : part 16 [1] run;
Total 8+8=16 terms
[15/24] P10 : part 14 [1] run;
Total 128+128=256 terms
Total 8+8=16 terms
done.
TwoParticleGF(1131): 24 parts will be calculated
TwoParticleGF(1131): 24 parts will be calculated
TwoParticleGF(1131): 24 parts will be calculated
TwoParticleGF(1131): 24 parts will be calculated
TwoParticleGF(1131): 24 parts will be calculated
TwoParticleGF(1131): 24 parts will be calculated
TwoParticleGF(1131): 24 parts will be calculated
TwoParticleGF(1131): 24 parts will be calculated
TwoParticleGF(1131): 24 parts will be calculated
TwoParticleGF(1131): 24 parts will be calculated
TwoParticleGF(1131): 24 parts will be calculated
TwoParticleGF(1131): 24 parts will be calculated
TwoParticleGF(1131): 24 parts will be calculated
TwoParticleGF(1131): 24 parts will be calculated
TwoParticleGF(1131): 24 parts will be calculated
TwoParticleGF(1131): 24 parts will be calculated
TwoParticleGF(1131): 24 parts will be calculated
TwoParticleGF(1131): 24 parts will be calculated
TwoParticleGF(1131): 24 parts will be calculated
TwoParticleGF(1131): 24 parts will be calculated
TwoParticleGF(1131): 24 parts will be calculated
TwoParticleGF(1131): 24 parts will be calculated
TwoParticleGF(1131): 24 parts will be calculated
TwoParticleGF(1131): 24 parts will be calculated
TwoParticleGF(1131): 24 parts will be calculated
TwoParticleGF(1131): 24 parts will be calculated
TwoParticleGF(1131): 24 parts will be calculated
TwoParticleGF(1131): 24 parts will be calculated
TwoParticleGF(1131): 24 parts will be calculated
TwoParticleGF(1131): 24 parts will be calculated
TwoParticleGF(1131): 24 parts will be calculated
TwoParticleGF(1131): 24 parts will be calculated
TwoParticleGF(1131): 24 parts will be calculated
TwoParticleGF(1131): 24 parts will be calculated
TwoParticleGF(1131): 24 parts will be calculated
TwoParticleGF(1131): 24 parts will be calculated
TwoParticleGF(1131): 24 parts will be calculated
TwoParticleGF(1131): 24 parts will be calculated
TwoParticleGF(1131): 24 parts will be calculated
TwoParticleGF(1131): 24 parts will be calculated
TwoParticleGF(1131): 24 parts will be calculated
TwoParticleGF(1131): 24 parts will be calculated
TwoParticleGF(1131): 24 parts will be calculated
TwoParticleGF(1131): 24 parts will be calculated
TwoParticleGF(1131): 24 parts will be calculated
TwoParticleGF(1131): 24 parts will be calculated
TwoParticleGF(1131): 24 parts will be calculated
TwoParticleGF(1131): 24 parts will be calculated
TwoParticleGF(1131): 24 parts will be calculated
TwoParticleGF(1131): 24 parts will be calculated
TwoParticleGF(1131): 24 parts will be calculated
TwoParticleGF(1131): 24 parts will be calculated
TwoParticleGF(1131): 24 parts will be calculated
TwoParticleGF(1131): 24 parts will be calculated
TwoParticleGF(1131): 24 parts will be calculated
TwoParticleGF(1131): 24 parts will be calculated
TwoParticleGF(1131): 24 parts will be calculated
TwoParticleGF(1131): 24 parts will be calculated
TwoParticleGF(1131): 24 parts will be calculated
TwoParticleGF(1131): 24 parts will be calculated
TwoParticleGF(1131): 24 parts will be calculated
compute_g2: Filling G^2 element (up,1)(up,0)(up,0)(up,0)
TwoParticleGF(1131): 24 parts will be calculated
Calculating 24 jobs using 90 procs.
TwoParticleGF(1131): 24 parts will be calculated
TwoParticleGF(1131): 24 parts will be calculated
TwoParticleGF(1131): 24 parts will be calculated
TwoParticleGF(1131): 24 parts will be calculated
TwoParticleGF(1131): 24 parts will be calculated
TwoParticleGF(1131): 24 parts will be calculated
TwoParticleGF(1131): 24 parts will be calculated
TwoParticleGF(1131): 24 parts will be calculated
TwoParticleGF(1131): 24 parts will be calculated
TwoParticleGF(1131): 24 parts will be calculated
TwoParticleGF(1131): 24 parts will be calculated
TwoParticleGF(1131): 24 parts will be calculated
TwoParticleGF(1131): 24 parts will be calculated
TwoParticleGF(1131): 24 parts will be calculated
TwoParticleGF(1131): 24 parts will be calculated
TwoParticleGF(1131): 24 parts will be calculated
TwoParticleGF(1131): 24 parts will be calculated
TwoParticleGF(1131): 24 parts will be calculated
TwoParticleGF(1131): 24 parts will be calculated
TwoParticleGF(1131): 24 parts will be calculated
TwoParticleGF(1131): 24 parts will be calculated
TwoParticleGF(1131): 24 parts will be calculated
TwoParticleGF(1131): 24 parts will be calculated
TwoParticleGF(1131): 24 parts will be calculated
TwoParticleGF(1131): 24 parts will be calculated
TwoParticleGF(1131): 24 parts will be calculated
TwoParticleGF(1131): 24 parts will be calculated
TwoParticleGF(1131): 24 parts will be calculated
[4/24] P21 : part 3 [1] run;
Total 8+8=16 terms
[1/24] P12 : part 0 [1] run;
Total 8+8=16 terms
[17/24] P8 : part 16 [1] run;
Total 8+8=16 terms
[23/24] P2 : part 22 [1] run;
[22/24] P3 : part 21 [1] run;
Total 8+8=16 terms
[2/24] P23 : part 1 [1] run;
Total 8+8=16 terms
[9/24] P16 : part 8 [1] run;
Total 8+8=16 terms
[24/24] P1 : part 23 [1] run;
Total 8+8=16 terms
[3/24] P22 : part 2 [1] run;
Total 8+8=16 terms
[6/24] P19 : part 5 [1] run;
Total 128+128=256 terms
[7/24] P18 : part 6 [1] run;
Total 128+128=256 terms
[15/24] P10 : part 14 [1] run;
Total 128+128=256 terms
[18/24] P7 : part 17 [1] run;
Total 8+8=16 terms
[11/24] P14 : part 10 [1] run;
Total 8+8=16 terms
[14/24] P11 : part 13 [1] run;
Total 128+128=256 terms
[21/24] P4 : part 20 [1] run;
Total 8+8=16 terms
[20/24] P5 : part 19 [1] run;
Total 8+8=16 terms
[12/24] P13 : part 11 [1] run;
Total 8+8=16 terms
[8/24] P17 : part 7 [1] run;
Total 128+128=256 terms
[16/24] P9 : part 15 [1] run;
Total 128+128=256 terms
[19/24] P6 : part 18 [1] run;
Total 8+8=16 terms
[10/24] P15 : part 9 [1] run;
Total 8+8=16 terms
[5/24] P20 : part 4 [1] run;
Total 128+128=256 terms
[13/24] P0 : part 12 [1] run;
Total 128+128=256 terms
Total 8+8=16 terms
done.
TwoParticleGF(1331): 24 parts will be calculated
TwoParticleGF(1331): 24 parts will be calculated
TwoParticleGF(1331): 24 parts will be calculated
TwoParticleGF(1331): 24 parts will be calculated
TwoParticleGF(1331): 24 parts will be calculated
TwoParticleGF(1331): 24 parts will be calculated
TwoParticleGF(1331): 24 parts will be calculated
TwoParticleGF(1331): 24 parts will be calculated
TwoParticleGF(1331): 24 parts will be calculated
TwoParticleGF(1331): 24 parts will be calculated
TwoParticleGF(1331): 24 parts will be calculated
TwoParticleGF(1331): 24 parts will be calculated
TwoParticleGF(1331): 24 parts will be calculated
TwoParticleGF(1331): 24 parts will be calculated
TwoParticleGF(1331): 24 parts will be calculated
TwoParticleGF(1331): 24 parts will be calculated
TwoParticleGF(1331): 24 parts will be calculated
TwoParticleGF(1331): 24 parts will be calculated
TwoParticleGF(1331): 24 parts will be calculated
TwoParticleGF(1331): 24 parts will be calculated
TwoParticleGF(1331): 24 parts will be calculated
TwoParticleGF(1331): 24 parts will be calculated
TwoParticleGF(1331): 24 parts will be calculated
TwoParticleGF(1331): 24 parts will be calculated
TwoParticleGF(1331): 24 parts will be calculated
TwoParticleGF(1331): 24 parts will be calculated
TwoParticleGF(1331): 24 parts will be calculated
TwoParticleGF(1331): 24 parts will be calculated
TwoParticleGF(1331): 24 parts will be calculated
TwoParticleGF(1331): 24 parts will be calculated
TwoParticleGF(1331): 24 parts will be calculated
TwoParticleGF(1331): 24 parts will be calculated
TwoParticleGF(1331): 24 parts will be calculated
TwoParticleGF(1331): 24 parts will be calculated
TwoParticleGF(1331): 24 parts will be calculated
TwoParticleGF(1331): 24 parts will be calculated
TwoParticleGF(1331): 24 parts will be calculated
TwoParticleGF(1331): 24 parts will be calculated
TwoParticleGF(1331): 24 parts will be calculated
TwoParticleGF(1331): 24 parts will be calculated
TwoParticleGF(1331): 24 parts will be calculated
TwoParticleGF(1331): 24 parts will be calculated
TwoParticleGF(1331): 24 parts will be calculated
TwoParticleGF(1331): 24 parts will be calculated
TwoParticleGF(1331): 24 parts will be calculated
TwoParticleGF(1331): 24 parts will be calculated
TwoParticleGF(1331): 24 parts will be calculated
TwoParticleGF(1331): 24 parts will be calculated
TwoParticleGF(1331): 24 parts will be calculated
TwoParticleGF(1331): 24 parts will be calculated
TwoParticleGF(1331): 24 parts will be calculated
TwoParticleGF(1331): 24 parts will be calculated
TwoParticleGF(1331): 24 parts will be calculated
TwoParticleGF(1331): 24 parts will be calculated
compute_g2: Filling G^2 element (up,1)(up,0)(up,0)(up,1)
TwoParticleGF(1331): 24 parts will be calculated
TwoParticleGF(1331): 24 parts will be calculated
TwoParticleGF(1331): 24 parts will be calculated
TwoParticleGF(1331): 24 parts will be calculated
TwoParticleGF(1331): 24 parts will be calculated
TwoParticleGF(1331): 24 parts will be calculated
TwoParticleGF(1331): 24 parts will be calculated
TwoParticleGF(1331): 24 parts will be calculated
TwoParticleGF(1331): 24 parts will be calculated
TwoParticleGF(1331): 24 parts will be calculated
TwoParticleGF(1331): 24 parts will be calculated
TwoParticleGF(1331): 24 parts will be calculated
TwoParticleGF(1331): 24 parts will be calculated
TwoParticleGF(1331): 24 parts will be calculated
TwoParticleGF(1331): 24 parts will be calculated
TwoParticleGF(1331): 24 parts will be calculated
TwoParticleGF(1331): 24 parts will be calculated
TwoParticleGF(1331): 24 parts will be calculated
TwoParticleGF(1331): 24 parts will be calculated
TwoParticleGF(1331): 24 parts will be calculated
TwoParticleGF(1331): 24 parts will be calculated
TwoParticleGF(1331): 24 parts will be calculated
TwoParticleGF(1331): 24 parts will be calculated
TwoParticleGF(1331): 24 parts will be calculated
TwoParticleGF(1331): 24 parts will be calculated
TwoParticleGF(1331): 24 parts will be calculated
TwoParticleGF(1331): 24 parts will be calculated
TwoParticleGF(1331): 24 parts will be calculated
TwoParticleGF(1331): 24 parts will be calculated
TwoParticleGF(1331): 24 parts will be calculated
TwoParticleGF(1331): 24 parts will be calculated
TwoParticleGF(1331): 24 parts will be calculated
TwoParticleGF(1331): 24 parts will be calculated
TwoParticleGF(1331): 24 parts will be calculated
TwoParticleGF(1331): 24 parts will be calculated
TwoParticleGF(1331): 24 parts will be calculated
Calculating 24 jobs using 90 procs.
[1/24] P12 : part 0 [1] run;
Total 8+8=16 terms
[17/24] P8 : part 16 [1] run;
Total 8+8=16 terms
[23/24] P2 : part 22 [1] run;
Total 8+8=16 terms
[22/24] P3 : part 21 [1] run;
Total 8+8=16 terms
[2/24] P23 : part 1 [1] run;
Total 8+8=16 terms
[9/24] P16 : part 8 [1] run;
Total 8+8=16 terms
[24/24] P1 : part 23 [1] run;
[3/24] P22 : part 2 [1] run;
Total 8+8=16 terms
[6/24] P19 : part 5 [1] run;
Total 128+128=256 terms
[7/24] P18 : part 6 [1] run;
Total 128+128=256 terms
[15/24] P10 : part 14 [1] run;
Total 128+128=256 terms
[18/24] P7 : part 17 [1] run;
Total 8+8=16 terms
[11/24] P14 : part 10 [1] run;
Total 8+8=16 terms
[21/24] P4 : part 20 [1] run;
Total 8+8=16 terms
[20/24] P5 : part 19 [1] run;
Total 8+8=16 terms
[12/24] P13 : part 11 [1] run;
Total 8+8=16 terms
[14/24] P11 : part 13 [1] run;
Total 128+128=256 terms
[19/24] P6 : part 18 [1] run;
Total 8+8=16 terms
[16/24] P9 : part 15 [1] run;
Total 128+128=256 terms
[10/24] P15 : part 9 [1] run;
Total 8+8=16 terms
[8/24] P17 : part 7 [1] run;
Total 128+128=256 terms
[5/24] P20 : part 4 [1] run;
Total 128+128=256 terms
[4/24] P21 : part 3 [1] run;
Total 8+8=16 terms
[13/24] P0 : part 12 [1] run;
Total 128+128=256 terms
Total 8+8=16 terms
done.
TwoParticleGF(1133): 24 parts will be calculated
TwoParticleGF(1133): 24 parts will be calculated
TwoParticleGF(1133): 24 parts will be calculated
TwoParticleGF(1133): 24 parts will be calculated
TwoParticleGF(1133): 24 parts will be calculated
TwoParticleGF(1133): 24 parts will be calculated
TwoParticleGF(1133): 24 parts will be calculated
TwoParticleGF(1133): 24 parts will be calculated
TwoParticleGF(1133): 24 parts will be calculated
TwoParticleGF(1133): 24 parts will be calculated
TwoParticleGF(1133): 24 parts will be calculated
TwoParticleGF(1133): 24 parts will be calculated
TwoParticleGF(1133): 24 parts will be calculated
TwoParticleGF(1133): 24 parts will be calculated
TwoParticleGF(1133): 24 parts will be calculated
TwoParticleGF(1133): 24 parts will be calculated
TwoParticleGF(1133): 24 parts will be calculated
TwoParticleGF(1133): 24 parts will be calculated
TwoParticleGF(1133): 24 parts will be calculated
TwoParticleGF(1133): 24 parts will be calculated
TwoParticleGF(1133): 24 parts will be calculated
TwoParticleGF(1133): 24 parts will be calculated
TwoParticleGF(1133): 24 parts will be calculated
TwoParticleGF(1133): 24 parts will be calculated
TwoParticleGF(1133): 24 parts will be calculated
TwoParticleGF(1133): 24 parts will be calculated
TwoParticleGF(1133): 24 parts will be calculated
TwoParticleGF(1133): 24 parts will be calculated
TwoParticleGF(1133): 24 parts will be calculated
TwoParticleGF(1133): 24 parts will be calculated
TwoParticleGF(1133): 24 parts will be calculated
TwoParticleGF(1133): 24 parts will be calculated
TwoParticleGF(1133): 24 parts will be calculated
TwoParticleGF(1133): 24 parts will be calculated
TwoParticleGF(1133): 24 parts will be calculated
TwoParticleGF(1133): 24 parts will be calculated
TwoParticleGF(1133): 24 parts will be calculated
TwoParticleGF(1133): 24 parts will be calculated
TwoParticleGF(1133): 24 parts will be calculated
TwoParticleGF(1133): 24 parts will be calculated
TwoParticleGF(1133): 24 parts will be calculated
TwoParticleGF(1133): 24 parts will be calculated
TwoParticleGF(1133): 24 parts will be calculated
TwoParticleGF(1133): 24 parts will be calculated
TwoParticleGF(1133): 24 parts will be calculated
TwoParticleGF(1133): 24 parts will be calculated
TwoParticleGF(1133): 24 parts will be calculated
TwoParticleGF(1133): 24 parts will be calculated
TwoParticleGF(1133): 24 parts will be calculated
TwoParticleGF(1133): 24 parts will be calculated
TwoParticleGF(1133): 24 parts will be calculated
TwoParticleGF(1133): 24 parts will be calculated
TwoParticleGF(1133): 24 parts will be calculated
TwoParticleGF(1133): 24 parts will be calculated
TwoParticleGF(1133): 24 parts will be calculated
TwoParticleGF(1133): 24 parts will be calculated
TwoParticleGF(1133): 24 parts will be calculated
TwoParticleGF(1133): 24 parts will be calculated
TwoParticleGF(1133): 24 parts will be calculated
TwoParticleGF(1133): 24 parts will be calculated
TwoParticleGF(1133): 24 parts will be calculated
TwoParticleGF(1133): 24 parts will be calculated
TwoParticleGF(1133): 24 parts will be calculated
TwoParticleGF(1133): 24 parts will be calculated
TwoParticleGF(1133): 24 parts will be calculated
TwoParticleGF(1133): 24 parts will be calculated
TwoParticleGF(1133): 24 parts will be calculated
TwoParticleGF(1133): 24 parts will be calculated
TwoParticleGF(1133): 24 parts will be calculated
TwoParticleGF(1133): 24 parts will be calculated
TwoParticleGF(1133): 24 parts will be calculated
TwoParticleGF(1133): 24 parts will be calculated
TwoParticleGF(1133): 24 parts will be calculated
TwoParticleGF(1133): 24 parts will be calculated
TwoParticleGF(1133): 24 parts will be calculated
TwoParticleGF(1133): 24 parts will be calculated
TwoParticleGF(1133): 24 parts will be calculated
TwoParticleGF(1133): 24 parts will be calculated
TwoParticleGF(1133): 24 parts will be calculated
TwoParticleGF(1133): 24 parts will be calculated
TwoParticleGF(1133): 24 parts will be calculated
TwoParticleGF(1133): 24 parts will be calculated
TwoParticleGF(1133): 24 parts will be calculated
TwoParticleGF(1133): 24 parts will be calculated
TwoParticleGF(1133): 24 parts will be calculated
TwoParticleGF(1133): 24 parts will be calculated
TwoParticleGF(1133): 24 parts will be calculated
TwoParticleGF(1133): 24 parts will be calculated
TwoParticleGF(1133): 24 parts will be calculated
compute_g2: Filling G^2 element (up,1)(up,0)(up,1)(up,0)
TwoParticleGF(1133): 24 parts will be calculated
Calculating 24 jobs using 90 procs.
[1/24] P12 : part 0 [1] run;
Total 8+8=16 terms
[17/24] P8 : part 16 [1] run;
Total 8+8=16 terms
[23/24] P2 : part 22 [1] run;
Total 8+8=16 terms
[22/24] P3 : part 21 [1] run;
Total 8+8=16 terms
[9/24] P16 : part 8 [1] run;
Total 8+8=16 terms
[24/24] P1 : part 23 [1] run;
Total 8+8=16 terms
[18/24] P7 : part 17 [1] run;
Total 8+8=16 terms
[11/24] P14 : part 10 [1] run;
Total 8+8=16 terms
[21/24] P4 : part 20 [1] run;
Total 8+8=16 terms
[20/24] P5 : part 19 [1] run;
Total 8+8=16 terms
[12/24] P13 : part 11 [1] run;
Total 8+8=16 terms
[15/24] P10 : part 14 [1] run;
Total 128+128=256 terms
[14/24] P11 : part 13 [1] run;
Total 128+128=256 terms
[19/24] P6 : part 18 [1] run;
Total 8+8=16 terms
[16/24] P9 : part 15 [1] run;
Total 128+128=256 terms
[10/24] P15 : part 9 [1] run;
Total 8+8=16 terms
[4/24] P21 : part 3 [1] run;
Total 8+8=16 terms
[13/24] P0 : part 12 [1] run;
Total 128+128=256 terms
[2/24] P23 : part 1 [1] run;
Total 8+8=16 terms
[3/24] P22 : part 2 [1] run;
Total 8+8=16 terms
[7/24] P18 : part 6 [1] run;
Total 128+128=256 terms
[6/24] P19 : part 5 [1] run;
Total 128+128=256 terms
[8/24] P17 : part 7 [1] run;
Total 128+128=256 terms
[5/24] P20 : part 4 [1] run;
Total 128+128=256 terms
done.
TwoParticleGF(1333): 24 parts will be calculated
TwoParticleGF(1333): 24 parts will be calculated
TwoParticleGF(1333): 24 parts will be calculated
TwoParticleGF(1333): 24 parts will be calculated
TwoParticleGF(1333): 24 parts will be calculated
TwoParticleGF(1333): 24 parts will be calculated
TwoParticleGF(1333): 24 parts will be calculated
TwoParticleGF(1333): 24 parts will be calculated
TwoParticleGF(1333): 24 parts will be calculated
TwoParticleGF(1333): 24 parts will be calculated
TwoParticleGF(1333): 24 parts will be calculated
TwoParticleGF(1333): 24 parts will be calculated
TwoParticleGF(1333): 24 parts will be calculated
TwoParticleGF(1333): 24 parts will be calculated
TwoParticleGF(1333): 24 parts will be calculated
TwoParticleGF(1333): 24 parts will be calculated
TwoParticleGF(1333): 24 parts will be calculated
TwoParticleGF(1333): 24 parts will be calculated
TwoParticleGF(1333): 24 parts will be calculated
TwoParticleGF(1333): 24 parts will be calculated
TwoParticleGF(1333): 24 parts will be calculated
TwoParticleGF(1333): 24 parts will be calculated
TwoParticleGF(1333): 24 parts will be calculated
TwoParticleGF(1333): 24 parts will be calculated
TwoParticleGF(1333): 24 parts will be calculated
TwoParticleGF(1333): 24 parts will be calculated
TwoParticleGF(1333): 24 parts will be calculated
TwoParticleGF(1333): 24 parts will be calculated
TwoParticleGF(1333): 24 parts will be calculated
TwoParticleGF(1333): 24 parts will be calculated
TwoParticleGF(1333): 24 parts will be calculated
TwoParticleGF(1333): 24 parts will be calculated
TwoParticleGF(1333): 24 parts will be calculated
TwoParticleGF(1333): 24 parts will be calculated
TwoParticleGF(1333): 24 parts will be calculated
TwoParticleGF(1333): 24 parts will be calculated
TwoParticleGF(1333): 24 parts will be calculated
TwoParticleGF(1333): 24 parts will be calculated
TwoParticleGF(1333): 24 parts will be calculated
TwoParticleGF(1333): 24 parts will be calculated
TwoParticleGF(1333): 24 parts will be calculated
TwoParticleGF(1333): 24 parts will be calculated
TwoParticleGF(1333): 24 parts will be calculated
TwoParticleGF(1333): 24 parts will be calculated
TwoParticleGF(1333): 24 parts will be calculated
TwoParticleGF(1333): 24 parts will be calculated
TwoParticleGF(1333): 24 parts will be calculated
TwoParticleGF(1333): 24 parts will be calculated
TwoParticleGF(1333): 24 parts will be calculated
TwoParticleGF(1333): 24 parts will be calculated
TwoParticleGF(1333): 24 parts will be calculated
TwoParticleGF(1333): 24 parts will be calculated
TwoParticleGF(1333): 24 parts will be calculated
TwoParticleGF(1333): 24 parts will be calculated
TwoParticleGF(1333): 24 parts will be calculated
TwoParticleGF(1333): 24 parts will be calculated
TwoParticleGF(1333): 24 parts will be calculated
compute_g2: Filling G^2 element (up,1)(up,0)(up,1)(up,1)
TwoParticleGF(1333): 24 parts will be calculated
Calculating 24 jobs using 90 procs.
TwoParticleGF(1333): 24 parts will be calculated
TwoParticleGF(1333): 24 parts will be calculated
TwoParticleGF(1333): 24 parts will be calculated
TwoParticleGF(1333): 24 parts will be calculated
TwoParticleGF(1333): 24 parts will be calculated
TwoParticleGF(1333): 24 parts will be calculated
TwoParticleGF(1333): 24 parts will be calculated
TwoParticleGF(1333): 24 parts will be calculated
TwoParticleGF(1333): 24 parts will be calculated
TwoParticleGF(1333): 24 parts will be calculated
TwoParticleGF(1333): 24 parts will be calculated
TwoParticleGF(1333): 24 parts will be calculated
TwoParticleGF(1333): 24 parts will be calculated
TwoParticleGF(1333): 24 parts will be calculated
TwoParticleGF(1333): 24 parts will be calculated
TwoParticleGF(1333): 24 parts will be calculated
TwoParticleGF(1333): 24 parts will be calculated
TwoParticleGF(1333): 24 parts will be calculated
TwoParticleGF(1333): 24 parts will be calculated
TwoParticleGF(1333): 24 parts will be calculated
TwoParticleGF(1333): 24 parts will be calculated
TwoParticleGF(1333): 24 parts will be calculated
TwoParticleGF(1333): 24 parts will be calculated
TwoParticleGF(1333): 24 parts will be calculated
TwoParticleGF(1333): 24 parts will be calculated
TwoParticleGF(1333): 24 parts will be calculated
TwoParticleGF(1333): 24 parts will be calculated
TwoParticleGF(1333): 24 parts will be calculated
TwoParticleGF(1333): 24 parts will be calculated
TwoParticleGF(1333): 24 parts will be calculated
TwoParticleGF(1333): 24 parts will be calculated
TwoParticleGF(1333): 24 parts will be calculated
[19/24] P6 : part 18 [1] run;
Total 8+8=16 terms
[16/24] P9 : part 15 [1] run;
Total 128+128=256 terms
[15/24] P10 : part 14 [1] run;
Total 128+128=256 terms
[17/24] P8 : part 16 [1] run;
Total 8+8=16 terms
[23/24] P2 : part 22 [1] run;
Total 8+8=16 terms
[22/24] P3 : part 21 [1] run;
Total 8+8=16 terms
[18/24] P7 : part 17 [1] run;
Total 8+8=16 terms
[21/24] P4 : part 20 [1] run;
Total 8+8=16 terms
[20/24] P5 : part 19 [1] run;
Total 8+8=16 terms
[24/24] P1 : part 23 [1] run;
Total 8+8=16 terms
[10/24] P15 : part 9 [1] run;
Total 8+8=16 terms
[4/24] P21 : part 3 [1] run;
Total 8+8=16 terms
[1/24] P12 : part 0 [1] run;
Total 8+8=16 terms
[9/24] P16 : part 8 [1] run;
Total 8+8=16 terms
[5/24] P20 : part 4 [1] run;
Total 128+128=256 terms
[2/24] P23 : part 1 [1] run;
Total 8+8=16 terms
[3/24] P22 : part 2 [1] run;
Total 8+8=16 terms
[7/24] P18 : part 6 [1] run;
Total 128+128=256 terms
[11/24] P14 : part 10 [1] run;
Total 8+8=16 terms
[12/24] P13 : part 11 [1] run;
Total 8+8=16 terms
[14/24] P11 : part 13 [1] run;
[13/24] P0 : part 12 [1] run;
Total 128+128=256 terms
[6/24] P19 : part 5 [1] run;
Total 128+128=256 terms
[8/24] P17 : part 7 [1] run;
Total 128+128=256 terms
Total 128+128=256 terms
done.
TwoParticleGF(3131): 24 parts will be calculated
TwoParticleGF(3131): 24 parts will be calculated
TwoParticleGF(3131): 24 parts will be calculated
TwoParticleGF(3131): 24 parts will be calculated
TwoParticleGF(3131): 24 parts will be calculated
TwoParticleGF(3131): 24 parts will be calculated
TwoParticleGF(3131): 24 parts will be calculated
TwoParticleGF(3131): 24 parts will be calculated
TwoParticleGF(3131): 24 parts will be calculated
TwoParticleGF(3131): 24 parts will be calculated
TwoParticleGF(3131): 24 parts will be calculated
TwoParticleGF(3131): 24 parts will be calculated
TwoParticleGF(3131): 24 parts will be calculated
TwoParticleGF(3131): 24 parts will be calculated
TwoParticleGF(3131): 24 parts will be calculated
TwoParticleGF(3131): 24 parts will be calculated
TwoParticleGF(3131): 24 parts will be calculated
TwoParticleGF(3131): 24 parts will be calculated
TwoParticleGF(3131): 24 parts will be calculated
TwoParticleGF(3131): 24 parts will be calculated
TwoParticleGF(3131): 24 parts will be calculated
TwoParticleGF(3131): 24 parts will be calculated
TwoParticleGF(3131): 24 parts will be calculated
TwoParticleGF(3131): 24 parts will be calculated
TwoParticleGF(3131): 24 parts will be calculated
TwoParticleGF(3131): 24 parts will be calculated
TwoParticleGF(3131): 24 parts will be calculated
TwoParticleGF(3131): 24 parts will be calculated
TwoParticleGF(3131): 24 parts will be calculated
TwoParticleGF(3131): 24 parts will be calculated
TwoParticleGF(3131): 24 parts will be calculated
TwoParticleGF(3131): 24 parts will be calculated
TwoParticleGF(3131): 24 parts will be calculated
TwoParticleGF(3131): 24 parts will be calculated
TwoParticleGF(3131): 24 parts will be calculated
TwoParticleGF(3131): 24 parts will be calculated
TwoParticleGF(3131): 24 parts will be calculated
TwoParticleGF(3131): 24 parts will be calculated
TwoParticleGF(3131): 24 parts will be calculated
TwoParticleGF(3131): 24 parts will be calculated
TwoParticleGF(3131): 24 parts will be calculated
TwoParticleGF(3131): 24 parts will be calculated
TwoParticleGF(3131): 24 parts will be calculated
TwoParticleGF(3131): 24 parts will be calculated
TwoParticleGF(3131): 24 parts will be calculated
TwoParticleGF(3131): 24 parts will be calculated
TwoParticleGF(3131): 24 parts will be calculated
TwoParticleGF(3131): 24 parts will be calculated
TwoParticleGF(3131): 24 parts will be calculated
TwoParticleGF(3131): 24 parts will be calculated
TwoParticleGF(3131): 24 parts will be calculated
TwoParticleGF(3131): 24 parts will be calculated
TwoParticleGF(3131): 24 parts will be calculated
TwoParticleGF(3131): 24 parts will be calculated
TwoParticleGF(3131): 24 parts will be calculated
TwoParticleGF(3131): 24 parts will be calculated
TwoParticleGF(3131): 24 parts will be calculated
TwoParticleGF(3131): 24 parts will be calculated
TwoParticleGF(3131): 24 parts will be calculated
TwoParticleGF(3131): 24 parts will be calculated
TwoParticleGF(3131): 24 parts will be calculated
TwoParticleGF(3131): 24 parts will be calculated
TwoParticleGF(3131): 24 parts will be calculated
TwoParticleGF(3131): 24 parts will be calculated
TwoParticleGF(3131): 24 parts will be calculated
TwoParticleGF(3131): 24 parts will be calculated
TwoParticleGF(3131): 24 parts will be calculated
TwoParticleGF(3131): 24 parts will be calculated
TwoParticleGF(3131): 24 parts will be calculated
TwoParticleGF(3131): 24 parts will be calculated
TwoParticleGF(3131): 24 parts will be calculated
TwoParticleGF(3131): 24 parts will be calculated
TwoParticleGF(3131): 24 parts will be calculated
TwoParticleGF(3131): 24 parts will be calculated
TwoParticleGF(3131): 24 parts will be calculated
TwoParticleGF(3131): 24 parts will be calculated
TwoParticleGF(3131): 24 parts will be calculated
TwoParticleGF(3131): 24 parts will be calculated
TwoParticleGF(3131): 24 parts will be calculated
TwoParticleGF(3131): 24 parts will be calculated
TwoParticleGF(3131): 24 parts will be calculated
TwoParticleGF(3131): 24 parts will be calculated
TwoParticleGF(3131): 24 parts will be calculated
TwoParticleGF(3131): 24 parts will be calculated
TwoParticleGF(3131): 24 parts will be calculated
compute_g2: Filling G^2 element (up,1)(up,1)(up,0)(up,0)
TwoParticleGF(3131): 24 parts will be calculated
TwoParticleGF(3131): 24 parts will be calculated
TwoParticleGF(3131): 24 parts will be calculated
TwoParticleGF(3131): 24 parts will be calculated
Calculating 24 jobs using 90 procs.
TwoParticleGF(3131): 24 parts will be calculated
[2/24] P23 : part 1 [1] run;
Total 8+8=16 terms
[5/24] P20 : part 4 [1] run;
Total 128+128=256 terms
[3/24] P22 : part 2 [1] run;
Total 8+8=16 terms
[7/24] P18 : part 6 [1] run;
Total 128+128=256 terms
[18/24] P7 : part 17 [1] run;
Total 8+8=16 terms
[21/24] P4 : part 20 [1] run;
Total 8+8=16 terms
[20/24] P5 : part 19 [1] run;
Total 8+8=16 terms
[11/24] P14 : part 10 [1] run;
Total 8+8=16 terms
[13/24] P0 : part 12 [1] run;
Total 128+128=256 terms
[12/24] P13 : part 11 [1] run;
Total 8+8=16 terms
[8/24] P17 : part 7 [1] run;
Total 128+128=256 terms
[16/24] P9 : part 15 [1] run;
Total 128+128=256 terms
[19/24] P6 : part 18 [1] run;
Total 8+8=16 terms
[24/24] P1 : part 23 [1] run;
[4/24] P21 : part 3 [1] run;
Total 8+8=16 terms
[15/24] P10 : part 14 [1] run;
Total 128+128=256 terms
[10/24] P15 : part 9 [1] run;
Total 8+8=16 terms
[17/24] P8 : part 16 [1] run;
Total 8+8=16 terms
[23/24] P2 : part 22 [1] run;
Total 8+8=16 terms
[1/24] P12 : part 0 [1] run;
Total 8+8=16 terms
[9/24] P16 : part 8 [1] run;
Total 8+8=16 terms
Total 8+8=16 terms
[6/24] P19 : part 5 [1] run;
Total 128+128=256 terms
[14/24] P11 : part 13 [1] run;
Total 128+128=256 terms
[22/24] P3 : part 21 [1] run;
Total 8+8=16 terms
done.
TwoParticleGF(3331): 24 parts will be calculated
TwoParticleGF(3331): 24 parts will be calculated
TwoParticleGF(3331): 24 parts will be calculated
TwoParticleGF(3331): 24 parts will be calculated
TwoParticleGF(3331): 24 parts will be calculated
TwoParticleGF(3331): 24 parts will be calculated
TwoParticleGF(3331): 24 parts will be calculated
TwoParticleGF(3331): 24 parts will be calculated
TwoParticleGF(3331): 24 parts will be calculated
TwoParticleGF(3331): 24 parts will be calculated
TwoParticleGF(3331): 24 parts will be calculated
TwoParticleGF(3331): 24 parts will be calculated
TwoParticleGF(3331): 24 parts will be calculated
TwoParticleGF(3331): 24 parts will be calculated
TwoParticleGF(3331): 24 parts will be calculated
TwoParticleGF(3331): 24 parts will be calculated
TwoParticleGF(3331): 24 parts will be calculated
TwoParticleGF(3331): 24 parts will be calculated
TwoParticleGF(3331): 24 parts will be calculated
TwoParticleGF(3331): 24 parts will be calculated
TwoParticleGF(3331): 24 parts will be calculated
TwoParticleGF(3331): 24 parts will be calculated
TwoParticleGF(3331): 24 parts will be calculated
TwoParticleGF(3331): 24 parts will be calculated
TwoParticleGF(3331): 24 parts will be calculated
TwoParticleGF(3331): 24 parts will be calculated
TwoParticleGF(3331): 24 parts will be calculated
TwoParticleGF(3331): 24 parts will be calculated
TwoParticleGF(3331): 24 parts will be calculated
TwoParticleGF(3331): 24 parts will be calculated
TwoParticleGF(3331): 24 parts will be calculated
TwoParticleGF(3331): 24 parts will be calculated
TwoParticleGF(3331): 24 parts will be calculated
TwoParticleGF(3331): 24 parts will be calculated
TwoParticleGF(3331): 24 parts will be calculated
TwoParticleGF(3331): 24 parts will be calculated
TwoParticleGF(3331): 24 parts will be calculated
TwoParticleGF(3331): 24 parts will be calculated
TwoParticleGF(3331): 24 parts will be calculated
TwoParticleGF(3331): 24 parts will be calculated
TwoParticleGF(3331): 24 parts will be calculated
TwoParticleGF(3331): 24 parts will be calculated
TwoParticleGF(3331): 24 parts will be calculated
TwoParticleGF(3331): 24 parts will be calculated
TwoParticleGF(3331): 24 parts will be calculated
TwoParticleGF(3331): 24 parts will be calculated
TwoParticleGF(3331): 24 parts will be calculated
TwoParticleGF(3331): 24 parts will be calculated
TwoParticleGF(3331): 24 parts will be calculated
TwoParticleGF(3331): 24 parts will be calculated
TwoParticleGF(3331): 24 parts will be calculated
TwoParticleGF(3331): 24 parts will be calculated
TwoParticleGF(3331): 24 parts will be calculated
TwoParticleGF(3331): 24 parts will be calculated
TwoParticleGF(3331): 24 parts will be calculated
TwoParticleGF(3331): 24 parts will be calculated
TwoParticleGF(3331): 24 parts will be calculated
TwoParticleGF(3331): 24 parts will be calculated
TwoParticleGF(3331): 24 parts will be calculated
TwoParticleGF(3331): 24 parts will be calculated
TwoParticleGF(3331): 24 parts will be calculated
TwoParticleGF(3331): 24 parts will be calculated
TwoParticleGF(3331): 24 parts will be calculated
TwoParticleGF(3331): 24 parts will be calculated
TwoParticleGF(3331): 24 parts will be calculated
TwoParticleGF(3331): 24 parts will be calculated
TwoParticleGF(3331): 24 parts will be calculated
TwoParticleGF(3331): 24 parts will be calculated
TwoParticleGF(3331): 24 parts will be calculated
TwoParticleGF(3331): 24 parts will be calculated
TwoParticleGF(3331): 24 parts will be calculated
TwoParticleGF(3331): 24 parts will be calculated
compute_g2: Filling G^2 element (up,1)(up,1)(up,0)(up,1)
TwoParticleGF(3331): 24 parts will be calculated
TwoParticleGF(3331): 24 parts will be calculated
TwoParticleGF(3331): 24 parts will be calculated
TwoParticleGF(3331): 24 parts will be calculated
TwoParticleGF(3331): 24 parts will be calculated
TwoParticleGF(3331): 24 parts will be calculated
TwoParticleGF(3331): 24 parts will be calculated
TwoParticleGF(3331): 24 parts will be calculated
TwoParticleGF(3331): 24 parts will be calculated
TwoParticleGF(3331): 24 parts will be calculated
TwoParticleGF(3331): 24 parts will be calculated
TwoParticleGF(3331): 24 parts will be calculated
TwoParticleGF(3331): 24 parts will be calculated
TwoParticleGF(3331): 24 parts will be calculated
TwoParticleGF(3331): 24 parts will be calculated
TwoParticleGF(3331): 24 parts will be calculated
TwoParticleGF(3331): 24 parts will be calculated
TwoParticleGF(3331): 24 parts will be calculated
Calculating 24 jobs using 90 procs.
[19/24] P6 : part 18 [1] run;
Total 8+8=16 terms
[9/24] P16 : part 8 [1] run;
Total 8+8=16 terms
[15/24] P10 : part 14 [1] run;
Total 128+128=256 terms
[4/24] P21 : part 3 [1] run;
Total 8+8=16 terms
[10/24] P15 : part 9 [1] run;
Total 8+8=16 terms
[17/24] P8 : part 16 [1] run;
Total 8+8=16 terms
[23/24] P2 : part 22 [1] run;
[1/24] P12 : part 0 [1] run;
Total 8+8=16 terms
[2/24] P23 : part 1 [1] run;
Total 8+8=16 terms
[3/24] P22 : part 2 [1] run;
Total 8+8=16 terms
[14/24] P11 : part 13 [1] run;
Total 128+128=256 terms
[7/24] P18 : part 6 [1] run;
Total 128+128=256 terms
[5/24] P20 : part 4 [1] run;
Total 128+128=256 terms
[18/24] P7 : part 17 [1] run;
Total 8+8=16 terms
[21/24] P4 : part 20 [1] run;
Total 8+8=16 terms
[20/24] P5 : part 19 [1] run;
Total 8+8=16 terms
[24/24] P1 : part 23 [1] run;
Total 8+8=16 terms
[11/24] P14 : part 10 [1] run;
Total 8+8=16 terms
[22/24] P3 : part 21 [1] run;
Total 8+8=16 terms
[12/24] P13 : part 11 [1] run;
Total 8+8=16 terms
[13/24] P0 : part 12 [1] run;
Total 128+128=256 terms
[16/24] P9 : part 15 [1] run;
Total 128+128=256 terms
[8/24] P17 : part 7 [1] run;
Total 128+128=256 terms
[6/24] P19 : part 5 [1] run;
Total 128+128=256 terms
Total 8+8=16 terms
done.
TwoParticleGF(3133): 24 parts will be calculated
TwoParticleGF(3133): 24 parts will be calculated
TwoParticleGF(3133): 24 parts will be calculated
TwoParticleGF(3133): 24 parts will be calculated
TwoParticleGF(3133): 24 parts will be calculated
TwoParticleGF(3133): 24 parts will be calculated
TwoParticleGF(3133): 24 parts will be calculated
TwoParticleGF(3133): 24 parts will be calculated
TwoParticleGF(3133): 24 parts will be calculated
TwoParticleGF(3133): 24 parts will be calculated
TwoParticleGF(3133): 24 parts will be calculated
TwoParticleGF(3133): 24 parts will be calculated
TwoParticleGF(3133): 24 parts will be calculated
TwoParticleGF(3133): 24 parts will be calculated
TwoParticleGF(3133): 24 parts will be calculated
TwoParticleGF(3133): 24 parts will be calculated
TwoParticleGF(3133): 24 parts will be calculated
TwoParticleGF(3133): 24 parts will be calculated
TwoParticleGF(3133): 24 parts will be calculated
TwoParticleGF(3133): 24 parts will be calculated
TwoParticleGF(3133): 24 parts will be calculated
TwoParticleGF(3133): 24 parts will be calculated
TwoParticleGF(3133): 24 parts will be calculated
TwoParticleGF(3133): 24 parts will be calculated
TwoParticleGF(3133): 24 parts will be calculated
TwoParticleGF(3133): 24 parts will be calculated
TwoParticleGF(3133): 24 parts will be calculated
TwoParticleGF(3133): 24 parts will be calculated
TwoParticleGF(3133): 24 parts will be calculated
TwoParticleGF(3133): 24 parts will be calculated
TwoParticleGF(3133): 24 parts will be calculated
TwoParticleGF(3133): 24 parts will be calculated
TwoParticleGF(3133): 24 parts will be calculated
TwoParticleGF(3133): 24 parts will be calculated
TwoParticleGF(3133): 24 parts will be calculated
TwoParticleGF(3133): 24 parts will be calculated
TwoParticleGF(3133): 24 parts will be calculated
TwoParticleGF(3133): 24 parts will be calculated
TwoParticleGF(3133): 24 parts will be calculated
TwoParticleGF(3133): 24 parts will be calculated
TwoParticleGF(3133): 24 parts will be calculated
TwoParticleGF(3133): 24 parts will be calculated
TwoParticleGF(3133): 24 parts will be calculated
TwoParticleGF(3133): 24 parts will be calculated
TwoParticleGF(3133): 24 parts will be calculated
TwoParticleGF(3133): 24 parts will be calculated
TwoParticleGF(3133): 24 parts will be calculated
TwoParticleGF(3133): 24 parts will be calculated
TwoParticleGF(3133): 24 parts will be calculated
TwoParticleGF(3133): 24 parts will be calculated
TwoParticleGF(3133): 24 parts will be calculated
TwoParticleGF(3133): 24 parts will be calculated
TwoParticleGF(3133): 24 parts will be calculated
TwoParticleGF(3133): 24 parts will be calculated
TwoParticleGF(3133): 24 parts will be calculated
TwoParticleGF(3133): 24 parts will be calculated
TwoParticleGF(3133): 24 parts will be calculated
compute_g2: Filling G^2 element (up,1)(up,1)(up,1)(up,0)
TwoParticleGF(3133): 24 parts will be calculated
Calculating 24 jobs using 90 procs.
TwoParticleGF(3133): 24 parts will be calculated
TwoParticleGF(3133): 24 parts will be calculated
TwoParticleGF(3133): 24 parts will be calculated
TwoParticleGF(3133): 24 parts will be calculated
TwoParticleGF(3133): 24 parts will be calculated
TwoParticleGF(3133): 24 parts will be calculated
TwoParticleGF(3133): 24 parts will be calculated
TwoParticleGF(3133): 24 parts will be calculated
TwoParticleGF(3133): 24 parts will be calculated
TwoParticleGF(3133): 24 parts will be calculated
TwoParticleGF(3133): 24 parts will be calculated
TwoParticleGF(3133): 24 parts will be calculated
TwoParticleGF(3133): 24 parts will be calculated
TwoParticleGF(3133): 24 parts will be calculated
TwoParticleGF(3133): 24 parts will be calculated
TwoParticleGF(3133): 24 parts will be calculated
TwoParticleGF(3133): 24 parts will be calculated
TwoParticleGF(3133): 24 parts will be calculated
TwoParticleGF(3133): 24 parts will be calculated
TwoParticleGF(3133): 24 parts will be calculated
TwoParticleGF(3133): 24 parts will be calculated
TwoParticleGF(3133): 24 parts will be calculated
TwoParticleGF(3133): 24 parts will be calculated
TwoParticleGF(3133): 24 parts will be calculated
TwoParticleGF(3133): 24 parts will be calculated
TwoParticleGF(3133): 24 parts will be calculated
TwoParticleGF(3133): 24 parts will be calculated
TwoParticleGF(3133): 24 parts will be calculated
TwoParticleGF(3133): 24 parts will be calculated
TwoParticleGF(3133): 24 parts will be calculated
TwoParticleGF(3133): 24 parts will be calculated
TwoParticleGF(3133): 24 parts will be calculated
[6/24] P19 : part 5 [1] run;
Total 128+128=256 terms
[23/24] P2 : part 22 [1] run;
Total 8+8=16 terms
[16/24] P9 : part 15 [1] run;
Total 128+128=256 terms
[8/24] P17 : part 7 [1] run;
Total 128+128=256 terms
[12/24] P13 : part 11 [1] run;
Total 8+8=16 terms
[19/24] P6 : part 18 [1] run;
Total 8+8=16 terms
[9/24] P16 : part 8 [1] run;
Total 8+8=16 terms
[4/24] P21 : part 3 [1] run;
Total 8+8=16 terms
[10/24] P15 : part 9 [1] run;
Total 8+8=16 terms
[17/24] P8 : part 16 [1] run;
Total 8+8=16 terms
[15/24] P10 : part 14 [1] run;
Total 128+128=256 terms
[1/24] P12 : part 0 [1] run;
Total 8+8=16 terms
[2/24] P23 : part 1 [1] run;
Total 8+8=16 terms
[14/24] P11 : part 13 [1] run;
Total 128+128=256 terms
[7/24] P18 : part 6 [1] run;
Total 128+128=256 terms
[5/24] P20 : part 4 [1] run;
Total 128+128=256 terms
[3/24] P22 : part 2 [1] run;
Total 8+8=16 terms
[21/24] P4 : part 20 [1] run;
Total 8+8=16 terms
[18/24] P7 : part 17 [1] run;
Total 8+8=16 terms
[20/24] P5 : part 19 [1] run;
[24/24] P1 : part 23 [1] run;
Total 8+8=16 terms
[13/24] P0 : part 12 [1] run;
Total 128+128=256 terms
[11/24] P14 : part 10 [1] run;
Total 8+8=16 terms
[22/24] P3 : part 21 [1] run;
Total 8+8=16 terms
Total 8+8=16 terms
done.
TwoParticleGF(3333): 24 parts will be calculated
TwoParticleGF(3333): 24 parts will be calculated
TwoParticleGF(3333): 24 parts will be calculated
TwoParticleGF(3333): 24 parts will be calculated
TwoParticleGF(3333): 24 parts will be calculated
TwoParticleGF(3333): 24 parts will be calculated
TwoParticleGF(3333): 24 parts will be calculated
TwoParticleGF(3333): 24 parts will be calculated
TwoParticleGF(3333): 24 parts will be calculated
TwoParticleGF(3333): 24 parts will be calculated
TwoParticleGF(3333): 24 parts will be calculated
TwoParticleGF(3333): 24 parts will be calculated
TwoParticleGF(3333): 24 parts will be calculated
TwoParticleGF(3333): 24 parts will be calculated
TwoParticleGF(3333): 24 parts will be calculated
TwoParticleGF(3333): 24 parts will be calculated
TwoParticleGF(3333): 24 parts will be calculated
TwoParticleGF(3333): 24 parts will be calculated
TwoParticleGF(3333): 24 parts will be calculated
TwoParticleGF(3333): 24 parts will be calculated
TwoParticleGF(3333): 24 parts will be calculated
TwoParticleGF(3333): 24 parts will be calculated
TwoParticleGF(3333): 24 parts will be calculated
TwoParticleGF(3333): 24 parts will be calculated
TwoParticleGF(3333): 24 parts will be calculated
TwoParticleGF(3333): 24 parts will be calculated
TwoParticleGF(3333): 24 parts will be calculated
TwoParticleGF(3333): 24 parts will be calculated
TwoParticleGF(3333): 24 parts will be calculated
TwoParticleGF(3333): 24 parts will be calculated
TwoParticleGF(3333): 24 parts will be calculated
TwoParticleGF(3333): 24 parts will be calculated
TwoParticleGF(3333): 24 parts will be calculated
TwoParticleGF(3333): 24 parts will be calculated
TwoParticleGF(3333): 24 parts will be calculated
TwoParticleGF(3333): 24 parts will be calculated
TwoParticleGF(3333): 24 parts will be calculated
TwoParticleGF(3333): 24 parts will be calculated
TwoParticleGF(3333): 24 parts will be calculated
TwoParticleGF(3333): 24 parts will be calculated
TwoParticleGF(3333): 24 parts will be calculated
TwoParticleGF(3333): 24 parts will be calculated
TwoParticleGF(3333): 24 parts will be calculated
TwoParticleGF(3333): 24 parts will be calculated
TwoParticleGF(3333): 24 parts will be calculated
TwoParticleGF(3333): 24 parts will be calculated
TwoParticleGF(3333): 24 parts will be calculated
TwoParticleGF(3333): 24 parts will be calculated
TwoParticleGF(3333): 24 parts will be calculated
TwoParticleGF(3333): 24 parts will be calculated
TwoParticleGF(3333): 24 parts will be calculated
TwoParticleGF(3333): 24 parts will be calculated
TwoParticleGF(3333): 24 parts will be calculated
TwoParticleGF(3333): 24 parts will be calculated
TwoParticleGF(3333): 24 parts will be calculated
TwoParticleGF(3333): 24 parts will be calculated
TwoParticleGF(3333): 24 parts will be calculated
TwoParticleGF(3333): 24 parts will be calculated
TwoParticleGF(3333): 24 parts will be calculated
TwoParticleGF(3333): 24 parts will be calculated
TwoParticleGF(3333): 24 parts will be calculated
TwoParticleGF(3333): 24 parts will be calculated
TwoParticleGF(3333): 24 parts will be calculated
TwoParticleGF(3333): 24 parts will be calculated
TwoParticleGF(3333): 24 parts will be calculated
TwoParticleGF(3333): 24 parts will be calculated
TwoParticleGF(3333): 24 parts will be calculated
TwoParticleGF(3333): 24 parts will be calculated
TwoParticleGF(3333): 24 parts will be calculated
TwoParticleGF(3333): 24 parts will be calculated
TwoParticleGF(3333): 24 parts will be calculated
TwoParticleGF(3333): 24 parts will be calculated
TwoParticleGF(3333): 24 parts will be calculated
TwoParticleGF(3333): 24 parts will be calculated
TwoParticleGF(3333): 24 parts will be calculated
TwoParticleGF(3333): 24 parts will be calculated
TwoParticleGF(3333): 24 parts will be calculated
TwoParticleGF(3333): 24 parts will be calculated
TwoParticleGF(3333): 24 parts will be calculated
compute_g2: Filling G^2 element (up,1)(up,1)(up,1)(up,1)
TwoParticleGF(3333): 24 parts will be calculated
Calculating 24 jobs using 90 procs.
TwoParticleGF(3333): 24 parts will be calculated
TwoParticleGF(3333): 24 parts will be calculated
TwoParticleGF(3333): 24 parts will be calculated
TwoParticleGF(3333): 24 parts will be calculated
TwoParticleGF(3333): 24 parts will be calculated
TwoParticleGF(3333): 24 parts will be calculated
TwoParticleGF(3333): 24 parts will be calculated
TwoParticleGF(3333): 24 parts will be calculated
TwoParticleGF(3333): 24 parts will be calculated
TwoParticleGF(3333): 24 parts will be calculated
[8/24] P17 : part 7 [1] run;
Total 128+128=256 terms
[12/24] P13 : part 11 [1] run;
Total 8+8=16 terms
[19/24] P6 : part 18 [1] run;
Total 8+8=16 terms
[9/24] P16 : part 8 [1] run;
Total 8+8=16 terms
[4/24] P21 : part 3 [1] run;
Total 8+8=16 terms
[10/24] P15 : part 9 [1] run;
Total 8+8=16 terms
[17/24] P8 : part 16 [1] run;
Total 8+8=16 terms
[13/24] P0 : part 12 [1] run;
Total 128+128=256 terms
[1/24] P12 : part 0 [1] run;
Total 8+8=16 terms
[2/24] P23 : part 1 [1] run;
Total 8+8=16 terms
[14/24] P11 : part 13 [1] run;
Total 128+128=256 terms
[15/24] P10 : part 14 [1] run;
Total 128+128=256 terms
[7/24] P18 : part 6 [1] run;
Total 128+128=256 terms
[3/24] P22 : part 2 [1] run;
Total 8+8=16 terms
[21/24] P4 : part 20 [1] run;
Total 8+8=16 terms
[18/24] P7 : part 17 [1] run;
Total 8+8=16 terms
[11/24] P14 : part 10 [1] run;
Total 8+8=16 terms
[22/24] P3 : part 21 [1] run;
Total 8+8=16 terms
[24/24] P1 : part 23 [1] run;
[20/24] P5 : part 19 [1] run;
Total 8+8=16 terms
[5/24] P20 : part 4 [1] run;
Total 128+128=256 terms
[6/24] P19 : part 5 [1] run;
Total 128+128=256 terms
[16/24] P9 : part 15 [1] run;
Total 128+128=256 terms
[23/24] P2 : part 22 [1] run;
Total 8+8=16 terms
Total 8+8=16 terms
done.
TwoParticleGF(1010): 24 parts will be calculated
TwoParticleGF(1010): 24 parts will be calculated
TwoParticleGF(1010): 24 parts will be calculated
TwoParticleGF(1010): 24 parts will be calculated
TwoParticleGF(1010): 24 parts will be calculated
TwoParticleGF(1010): 24 parts will be calculated
TwoParticleGF(1010): 24 parts will be calculated
TwoParticleGF(1010): 24 parts will be calculated
TwoParticleGF(1010): 24 parts will be calculated
TwoParticleGF(1010): 24 parts will be calculated
TwoParticleGF(1010): 24 parts will be calculated
TwoParticleGF(1010): 24 parts will be calculated
TwoParticleGF(1010): 24 parts will be calculated
TwoParticleGF(1010): 24 parts will be calculated
TwoParticleGF(1010): 24 parts will be calculated
TwoParticleGF(1010): 24 parts will be calculated
TwoParticleGF(1010): 24 parts will be calculated
TwoParticleGF(1010): 24 parts will be calculated
TwoParticleGF(1010): 24 parts will be calculated
TwoParticleGF(1010): 24 parts will be calculated
TwoParticleGF(1010): 24 parts will be calculated
TwoParticleGF(1010): 24 parts will be calculated
TwoParticleGF(1010): 24 parts will be calculated
TwoParticleGF(1010): 24 parts will be calculated
TwoParticleGF(1010): 24 parts will be calculated
TwoParticleGF(1010): 24 parts will be calculated
TwoParticleGF(1010): 24 parts will be calculated
TwoParticleGF(1010): 24 parts will be calculated
TwoParticleGF(1010): 24 parts will be calculated
TwoParticleGF(1010): 24 parts will be calculated
TwoParticleGF(1010): 24 parts will be calculated
TwoParticleGF(1010): 24 parts will be calculated
TwoParticleGF(1010): 24 parts will be calculated
TwoParticleGF(1010): 24 parts will be calculated
TwoParticleGF(1010): 24 parts will be calculated
TwoParticleGF(1010): 24 parts will be calculated
TwoParticleGF(1010): 24 parts will be calculated
TwoParticleGF(1010): 24 parts will be calculated
TwoParticleGF(1010): 24 parts will be calculated
TwoParticleGF(1010): 24 parts will be calculated
compute_g2: Filling G^2 element (up,0)(up,0)(dn,0)(dn,0)
TwoParticleGF(1010): 24 parts will be calculated
TwoParticleGF(1010): 24 parts will be calculated
TwoParticleGF(1010): 24 parts will be calculated
TwoParticleGF(1010): 24 parts will be calculated
TwoParticleGF(1010): 24 parts will be calculated
TwoParticleGF(1010): 24 parts will be calculated
TwoParticleGF(1010): 24 parts will be calculated
TwoParticleGF(1010): 24 parts will be calculated
TwoParticleGF(1010): 24 parts will be calculated
TwoParticleGF(1010): 24 parts will be calculated
TwoParticleGF(1010): 24 parts will be calculated
TwoParticleGF(1010): 24 parts will be calculated
TwoParticleGF(1010): 24 parts will be calculated
TwoParticleGF(1010): 24 parts will be calculated
TwoParticleGF(1010): 24 parts will be calculated
TwoParticleGF(1010): 24 parts will be calculated
TwoParticleGF(1010): 24 parts will be calculated
TwoParticleGF(1010): 24 parts will be calculated
TwoParticleGF(1010): 24 parts will be calculated
TwoParticleGF(1010): 24 parts will be calculated
TwoParticleGF(1010): 24 parts will be calculated
TwoParticleGF(1010): 24 parts will be calculated
TwoParticleGF(1010): 24 parts will be calculated
TwoParticleGF(1010): 24 parts will be calculated
TwoParticleGF(1010): 24 parts will be calculated
TwoParticleGF(1010): 24 parts will be calculated
TwoParticleGF(1010): 24 parts will be calculated
TwoParticleGF(1010): 24 parts will be calculated
TwoParticleGF(1010): 24 parts will be calculated
TwoParticleGF(1010): 24 parts will be calculated
TwoParticleGF(1010): 24 parts will be calculated
TwoParticleGF(1010): 24 parts will be calculated
TwoParticleGF(1010): 24 parts will be calculated
TwoParticleGF(1010): 24 parts will be calculated
TwoParticleGF(1010): 24 parts will be calculated
TwoParticleGF(1010): 24 parts will be calculated
TwoParticleGF(1010): 24 parts will be calculated
TwoParticleGF(1010): 24 parts will be calculated
TwoParticleGF(1010): 24 parts will be calculated
TwoParticleGF(1010): 24 parts will be calculated
TwoParticleGF(1010): 24 parts will be calculated
TwoParticleGF(1010): 24 parts will be calculated
TwoParticleGF(1010): 24 parts will be calculated
TwoParticleGF(1010): 24 parts will be calculated
TwoParticleGF(1010): 24 parts will be calculated
TwoParticleGF(1010): 24 parts will be calculated
TwoParticleGF(1010): 24 parts will be calculated
TwoParticleGF(1010): 24 parts will be calculated
TwoParticleGF(1010): 24 parts will be calculated
TwoParticleGF(1010): 24 parts will be calculated
Calculating 24 jobs using 90 procs.
[22/24] P3 : part 21 [1] run;
Total 8+8=16 terms
[23/24] P2 : part 22 [1] run;
Total 32+32=64 terms
[11/24] P14 : part 10 [1] run;
Total 32+32=64 terms
[20/24] P5 : part 19 [1] run;
Total 8+8=16 terms
[16/24] P9 : part 15 [1] run;
Total 32+32=64 terms
[12/24] P13 : part 11 [1] run;
Total 32+32=64 terms
[19/24] P6 : part 18 [1] run;
Total 32+32=64 terms
[17/24] P8 : part 16 [1] run;
Total 128+128=256 terms
[24/24] P1 : part 23 [1] run;
Total 32+32=64 terms
[10/24] P15 : part 9 [1] run;
Total 128+128=256 terms
[1/24] P12 : part 0 [1] run;
Total 32+32=64 terms
[14/24] P11 : part 13 [1] run;
Total 128+128=256 terms
[15/24] P10 : part 14 [1] run;
Total 32+32=64 terms
[21/24] P4 : part 20 [1] run;
Total 32+32=64 terms
[18/24] P7 : part 17 [1] run;
Total 32+32=64 terms
[7/24] P18 : part 6 [1] run;
Total 32+32=64 terms
[13/24] P0 : part 12 [1] run;
Total 32+32=64 terms
[5/24] P20 : part 4 [1] run;
Total 32+32=64 terms
[6/24] P19 : part 5 [1] run;
Total 8+8=16 terms
[8/24] P17 : part 7 [1] run;
Total 32+32=64 terms
[9/24] P16 : part 8 [1] run;
[4/24] P21 : part 3 [1] run;
Total 32+32=64 terms
[2/24] P23 : part 1 [1] run;
Total 8+8=16 terms
[3/24] P22 : part 2 [1] run;
Total 32+32=64 terms
Total 128+128=256 terms
done.
TwoParticleGF(1210): 24 parts will be calculated
TwoParticleGF(1210): 24 parts will be calculated
TwoParticleGF(1210): 24 parts will be calculated
TwoParticleGF(1210): 24 parts will be calculated
TwoParticleGF(1210): 24 parts will be calculated
TwoParticleGF(1210): 24 parts will be calculated
TwoParticleGF(1210): 24 parts will be calculated
TwoParticleGF(1210): 24 parts will be calculated
TwoParticleGF(1210): 24 parts will be calculated
TwoParticleGF(1210): 24 parts will be calculated
TwoParticleGF(1210): 24 parts will be calculated
TwoParticleGF(1210): 24 parts will be calculated
TwoParticleGF(1210): 24 parts will be calculated
TwoParticleGF(1210): 24 parts will be calculated
TwoParticleGF(1210): 24 parts will be calculated
TwoParticleGF(1210): 24 parts will be calculated
TwoParticleGF(1210): 24 parts will be calculated
TwoParticleGF(1210): 24 parts will be calculated
TwoParticleGF(1210): 24 parts will be calculated
TwoParticleGF(1210): 24 parts will be calculated
TwoParticleGF(1210): 24 parts will be calculated
TwoParticleGF(1210): 24 parts will be calculated
TwoParticleGF(1210): 24 parts will be calculated
TwoParticleGF(1210): 24 parts will be calculated
TwoParticleGF(1210): 24 parts will be calculated
TwoParticleGF(1210): 24 parts will be calculated
TwoParticleGF(1210): 24 parts will be calculated
TwoParticleGF(1210): 24 parts will be calculated
TwoParticleGF(1210): 24 parts will be calculated
TwoParticleGF(1210): 24 parts will be calculated
TwoParticleGF(1210): 24 parts will be calculated
TwoParticleGF(1210): 24 parts will be calculated
TwoParticleGF(1210): 24 parts will be calculated
TwoParticleGF(1210): 24 parts will be calculated
TwoParticleGF(1210): 24 parts will be calculated
TwoParticleGF(1210): 24 parts will be calculated
TwoParticleGF(1210): 24 parts will be calculated
TwoParticleGF(1210): 24 parts will be calculated
TwoParticleGF(1210): 24 parts will be calculated
TwoParticleGF(1210): 24 parts will be calculated
TwoParticleGF(1210): 24 parts will be calculated
TwoParticleGF(1210): 24 parts will be calculated
TwoParticleGF(1210): 24 parts will be calculated
TwoParticleGF(1210): 24 parts will be calculated
TwoParticleGF(1210): 24 parts will be calculated
TwoParticleGF(1210): 24 parts will be calculated
TwoParticleGF(1210): 24 parts will be calculated
TwoParticleGF(1210): 24 parts will be calculated
TwoParticleGF(1210): 24 parts will be calculated
TwoParticleGF(1210): 24 parts will be calculated
TwoParticleGF(1210): 24 parts will be calculated
TwoParticleGF(1210): 24 parts will be calculated
TwoParticleGF(1210): 24 parts will be calculated
TwoParticleGF(1210): 24 parts will be calculated
TwoParticleGF(1210): 24 parts will be calculated
TwoParticleGF(1210): 24 parts will be calculated
TwoParticleGF(1210): 24 parts will be calculated
TwoParticleGF(1210): 24 parts will be calculated
TwoParticleGF(1210): 24 parts will be calculated
TwoParticleGF(1210): 24 parts will be calculated
TwoParticleGF(1210): 24 parts will be calculated
TwoParticleGF(1210): 24 parts will be calculated
TwoParticleGF(1210): 24 parts will be calculated
TwoParticleGF(1210): 24 parts will be calculated
TwoParticleGF(1210): 24 parts will be calculated
TwoParticleGF(1210): 24 parts will be calculated
TwoParticleGF(1210): 24 parts will be calculated
TwoParticleGF(1210): 24 parts will be calculated
TwoParticleGF(1210): 24 parts will be calculated
TwoParticleGF(1210): 24 parts will be calculated
TwoParticleGF(1210): 24 parts will be calculated
TwoParticleGF(1210): 24 parts will be calculated
TwoParticleGF(1210): 24 parts will be calculated
TwoParticleGF(1210): 24 parts will be calculated
TwoParticleGF(1210): 24 parts will be calculated
TwoParticleGF(1210): 24 parts will be calculated
TwoParticleGF(1210): 24 parts will be calculated
TwoParticleGF(1210): 24 parts will be calculated
TwoParticleGF(1210): 24 parts will be calculated
TwoParticleGF(1210): 24 parts will be calculated
TwoParticleGF(1210): 24 parts will be calculated
TwoParticleGF(1210): 24 parts will be calculated
TwoParticleGF(1210): 24 parts will be calculated
TwoParticleGF(1210): 24 parts will be calculated
compute_g2: Filling G^2 element (up,0)(up,0)(dn,0)(dn,1)
TwoParticleGF(1210): 24 parts will be calculated
TwoParticleGF(1210): 24 parts will be calculated
TwoParticleGF(1210): 24 parts will be calculated
TwoParticleGF(1210): 24 parts will be calculated
TwoParticleGF(1210): 24 parts will be calculated
Calculating 24 jobs using 90 procs.
TwoParticleGF(1210): 24 parts will be calculated
[21/24] P4 : part 20 [1] run;
Total 32+32=64 terms
[18/24] P7 : part 17 [1] run;
Total 32+32=64 terms
[7/24] P18 : part 6 [1] run;
Total 32+32=64 terms
[22/24] P3 : part 21 [1] run;
[23/24] P2 : part 22 [1] run;
Total 32+32=64 terms
[15/24] P10 : part 14 [1] run;
Total 32+32=64 terms
[5/24] P20 : part 4 [1] run;
Total 32+32=64 terms
[9/24] P16 : part 8 [1] run;
Total 128+128=256 terms
[20/24] P5 : part 19 [1] run;
Total 8+8=16 terms
[16/24] P9 : part 15 [1] run;
Total 32+32=64 terms
[6/24] P19 : part 5 [1] run;
Total 8+8=16 terms
[13/24] P0 : part 12 [1] run;
Total 32+32=64 terms
[11/24] P14 : part 10 [1] run;
Total 32+32=64 terms
[8/24] P17 : part 7 [1] run;
Total 32+32=64 terms
[3/24] P22 : part 2 [1] run;
Total 32+32=64 terms
[12/24] P13 : part 11 [1] run;
Total 32+32=64 terms
[19/24] P6 : part 18 [1] run;
Total 32+32=64 terms
[17/24] P8 : part 16 [1] run;
Total 128+128=256 terms
[24/24] P1 : part 23 [1] run;
Total 32+32=64 terms
[10/24] P15 : part 9 [1] run;
Total 128+128=256 terms
[1/24] P12 : part 0 [1] run;
Total 32+32=64 terms
[4/24] P21 : part 3 [1] run;
Total 32+32=64 terms
[14/24] P11 : part 13 [1] run;
Total 128+128=256 terms
[2/24] P23 : part 1 [1] run;
Total 8+8=16 terms
Total 8+8=16 terms
done.
TwoParticleGF(1012): 24 parts will be calculated
TwoParticleGF(1012): 24 parts will be calculated
TwoParticleGF(1012): 24 parts will be calculated
TwoParticleGF(1012): 24 parts will be calculated
TwoParticleGF(1012): 24 parts will be calculated
TwoParticleGF(1012): 24 parts will be calculated
TwoParticleGF(1012): 24 parts will be calculated
TwoParticleGF(1012): 24 parts will be calculated
TwoParticleGF(1012): 24 parts will be calculated
TwoParticleGF(1012): 24 parts will be calculated
TwoParticleGF(1012): 24 parts will be calculated
TwoParticleGF(1012): 24 parts will be calculated
TwoParticleGF(1012): 24 parts will be calculated
TwoParticleGF(1012): 24 parts will be calculated
TwoParticleGF(1012): 24 parts will be calculated
TwoParticleGF(1012): 24 parts will be calculated
TwoParticleGF(1012): 24 parts will be calculated
TwoParticleGF(1012): 24 parts will be calculated
TwoParticleGF(1012): 24 parts will be calculated
TwoParticleGF(1012): 24 parts will be calculated
TwoParticleGF(1012): 24 parts will be calculated
TwoParticleGF(1012): 24 parts will be calculated
TwoParticleGF(1012): 24 parts will be calculated
TwoParticleGF(1012): 24 parts will be calculated
TwoParticleGF(1012): 24 parts will be calculated
TwoParticleGF(1012): 24 parts will be calculated
TwoParticleGF(1012): 24 parts will be calculated
TwoParticleGF(1012): 24 parts will be calculated
TwoParticleGF(1012): 24 parts will be calculated
TwoParticleGF(1012): 24 parts will be calculated
TwoParticleGF(1012): 24 parts will be calculated
TwoParticleGF(1012): 24 parts will be calculated
TwoParticleGF(1012): 24 parts will be calculated
TwoParticleGF(1012): 24 parts will be calculated
TwoParticleGF(1012): 24 parts will be calculated
TwoParticleGF(1012): 24 parts will be calculated
TwoParticleGF(1012): 24 parts will be calculated
TwoParticleGF(1012): 24 parts will be calculated
TwoParticleGF(1012): 24 parts will be calculated
TwoParticleGF(1012): 24 parts will be calculated
TwoParticleGF(1012): 24 parts will be calculated
TwoParticleGF(1012): 24 parts will be calculated
TwoParticleGF(1012): 24 parts will be calculated
TwoParticleGF(1012): 24 parts will be calculated
TwoParticleGF(1012): 24 parts will be calculated
TwoParticleGF(1012): 24 parts will be calculated
TwoParticleGF(1012): 24 parts will be calculated
TwoParticleGF(1012): 24 parts will be calculated
TwoParticleGF(1012): 24 parts will be calculated
TwoParticleGF(1012): 24 parts will be calculated
TwoParticleGF(1012): 24 parts will be calculated
TwoParticleGF(1012): 24 parts will be calculated
TwoParticleGF(1012): 24 parts will be calculated
TwoParticleGF(1012): 24 parts will be calculated
TwoParticleGF(1012): 24 parts will be calculated
TwoParticleGF(1012): 24 parts will be calculated
TwoParticleGF(1012): 24 parts will be calculated
TwoParticleGF(1012): 24 parts will be calculated
TwoParticleGF(1012): 24 parts will be calculated
TwoParticleGF(1012): 24 parts will be calculated
TwoParticleGF(1012): 24 parts will be calculated
TwoParticleGF(1012): 24 parts will be calculated
TwoParticleGF(1012): 24 parts will be calculated
TwoParticleGF(1012): 24 parts will be calculated
compute_g2: Filling G^2 element (up,0)(up,0)(dn,1)(dn,0)
TwoParticleGF(1012): 24 parts will be calculated
TwoParticleGF(1012): 24 parts will be calculated
TwoParticleGF(1012): 24 parts will be calculated
TwoParticleGF(1012): 24 parts will be calculated
TwoParticleGF(1012): 24 parts will be calculated
TwoParticleGF(1012): 24 parts will be calculated
TwoParticleGF(1012): 24 parts will be calculated
TwoParticleGF(1012): 24 parts will be calculated
TwoParticleGF(1012): 24 parts will be calculated
TwoParticleGF(1012): 24 parts will be calculated
TwoParticleGF(1012): 24 parts will be calculated
TwoParticleGF(1012): 24 parts will be calculated
TwoParticleGF(1012): 24 parts will be calculated
TwoParticleGF(1012): 24 parts will be calculated
TwoParticleGF(1012): 24 parts will be calculated
TwoParticleGF(1012): 24 parts will be calculated
TwoParticleGF(1012): 24 parts will be calculated
TwoParticleGF(1012): 24 parts will be calculated
TwoParticleGF(1012): 24 parts will be calculated
TwoParticleGF(1012): 24 parts will be calculated
TwoParticleGF(1012): 24 parts will be calculated
TwoParticleGF(1012): 24 parts will be calculated
TwoParticleGF(1012): 24 parts will be calculated
TwoParticleGF(1012): 24 parts will be calculated
TwoParticleGF(1012): 24 parts will be calculated
TwoParticleGF(1012): 24 parts will be calculated
Calculating 24 jobs using 90 procs.
[24/24] P1 : part 23 [1] run;
[1/24] P12 : part 0 [1] run;
Total 32+32=64 terms
[4/24] P21 : part 3 [1] run;
Total 32+32=64 terms
[14/24] P11 : part 13 [1] run;
Total 128+128=256 terms
[21/24] P4 : part 20 [1] run;
Total 32+32=64 terms
[18/24] P7 : part 17 [1] run;
Total 32+32=64 terms
[7/24] P18 : part 6 [1] run;
Total 32+32=64 terms
[13/24] P0 : part 12 [1] run;
Total 32+32=64 terms
[2/24] P23 : part 1 [1] run;
Total 8+8=16 terms
[23/24] P2 : part 22 [1] run;
Total 32+32=64 terms
[15/24] P10 : part 14 [1] run;
Total 32+32=64 terms
[5/24] P20 : part 4 [1] run;
Total 32+32=64 terms
[9/24] P16 : part 8 [1] run;
Total 128+128=256 terms
[16/24] P9 : part 15 [1] run;
Total 32+32=64 terms
[6/24] P19 : part 5 [1] run;
Total 8+8=16 terms
[20/24] P5 : part 19 [1] run;
Total 8+8=16 terms
[22/24] P3 : part 21 [1] run;
Total 8+8=16 terms
[11/24] P14 : part 10 [1] run;
Total 32+32=64 terms
[8/24] P17 : part 7 [1] run;
Total 32+32=64 terms
[3/24] P22 : part 2 [1] run;
Total 32+32=64 terms
[12/24] P13 : part 11 [1] run;
Total 32+32=64 terms
[19/24] P6 : part 18 [1] run;
Total 32+32=64 terms
[17/24] P8 : part 16 [1] run;
Total 128+128=256 terms
[10/24] P15 : part 9 [1] run;
Total 128+128=256 terms
Total 32+32=64 terms
done.
TwoParticleGF(1212): 24 parts will be calculated
TwoParticleGF(1212): 24 parts will be calculated
TwoParticleGF(1212): 24 parts will be calculated
TwoParticleGF(1212): 24 parts will be calculated
TwoParticleGF(1212): 24 parts will be calculated
TwoParticleGF(1212): 24 parts will be calculated
TwoParticleGF(1212): 24 parts will be calculated
TwoParticleGF(1212): 24 parts will be calculated
TwoParticleGF(1212): 24 parts will be calculated
TwoParticleGF(1212): 24 parts will be calculated
TwoParticleGF(1212): 24 parts will be calculated
TwoParticleGF(1212): 24 parts will be calculated
TwoParticleGF(1212): 24 parts will be calculated
TwoParticleGF(1212): 24 parts will be calculated
TwoParticleGF(1212): 24 parts will be calculated
TwoParticleGF(1212): 24 parts will be calculated
TwoParticleGF(1212): 24 parts will be calculated
TwoParticleGF(1212): 24 parts will be calculated
TwoParticleGF(1212): 24 parts will be calculated
TwoParticleGF(1212): 24 parts will be calculated
TwoParticleGF(1212): 24 parts will be calculated
TwoParticleGF(1212): 24 parts will be calculated
TwoParticleGF(1212): 24 parts will be calculated
TwoParticleGF(1212): 24 parts will be calculated
TwoParticleGF(1212): 24 parts will be calculated
TwoParticleGF(1212): 24 parts will be calculated
TwoParticleGF(1212): 24 parts will be calculated
TwoParticleGF(1212): 24 parts will be calculated
TwoParticleGF(1212): 24 parts will be calculated
TwoParticleGF(1212): 24 parts will be calculated
TwoParticleGF(1212): 24 parts will be calculated
TwoParticleGF(1212): 24 parts will be calculated
TwoParticleGF(1212): 24 parts will be calculated
TwoParticleGF(1212): 24 parts will be calculated
TwoParticleGF(1212): 24 parts will be calculated
TwoParticleGF(1212): 24 parts will be calculated
TwoParticleGF(1212): 24 parts will be calculated
TwoParticleGF(1212): 24 parts will be calculated
TwoParticleGF(1212): 24 parts will be calculated
TwoParticleGF(1212): 24 parts will be calculated
TwoParticleGF(1212): 24 parts will be calculated
TwoParticleGF(1212): 24 parts will be calculated
TwoParticleGF(1212): 24 parts will be calculated
TwoParticleGF(1212): 24 parts will be calculated
TwoParticleGF(1212): 24 parts will be calculated
TwoParticleGF(1212): 24 parts will be calculated
TwoParticleGF(1212): 24 parts will be calculated
TwoParticleGF(1212): 24 parts will be calculated
TwoParticleGF(1212): 24 parts will be calculated
TwoParticleGF(1212): 24 parts will be calculated
TwoParticleGF(1212): 24 parts will be calculated
TwoParticleGF(1212): 24 parts will be calculated
TwoParticleGF(1212): 24 parts will be calculated
TwoParticleGF(1212): 24 parts will be calculated
TwoParticleGF(1212): 24 parts will be calculated
TwoParticleGF(1212): 24 parts will be calculated
TwoParticleGF(1212): 24 parts will be calculated
TwoParticleGF(1212): 24 parts will be calculated
TwoParticleGF(1212): 24 parts will be calculated
TwoParticleGF(1212): 24 parts will be calculated
TwoParticleGF(1212): 24 parts will be calculated
TwoParticleGF(1212): 24 parts will be calculated
TwoParticleGF(1212): 24 parts will be calculated
TwoParticleGF(1212): 24 parts will be calculated
TwoParticleGF(1212): 24 parts will be calculated
TwoParticleGF(1212): 24 parts will be calculated
TwoParticleGF(1212): 24 parts will be calculated
TwoParticleGF(1212): 24 parts will be calculated
TwoParticleGF(1212): 24 parts will be calculated
TwoParticleGF(1212): 24 parts will be calculated
TwoParticleGF(1212): 24 parts will be calculated
TwoParticleGF(1212): 24 parts will be calculated
TwoParticleGF(1212): 24 parts will be calculated
TwoParticleGF(1212): 24 parts will be calculated
TwoParticleGF(1212): 24 parts will be calculated
TwoParticleGF(1212): 24 parts will be calculated
TwoParticleGF(1212): 24 parts will be calculated
TwoParticleGF(1212): 24 parts will be calculated
TwoParticleGF(1212): 24 parts will be calculated
TwoParticleGF(1212): 24 parts will be calculated
TwoParticleGF(1212): 24 parts will be calculated
TwoParticleGF(1212): 24 parts will be calculated
TwoParticleGF(1212): 24 parts will be calculated
TwoParticleGF(1212): 24 parts will be calculated
TwoParticleGF(1212): 24 parts will be calculated
TwoParticleGF(1212): 24 parts will be calculated
TwoParticleGF(1212): 24 parts will be calculated
TwoParticleGF(1212): 24 parts will be calculated
TwoParticleGF(1212): 24 parts will be calculated
compute_g2: Filling G^2 element (up,0)(up,0)(dn,1)(dn,1)
TwoParticleGF(1212): 24 parts will be calculated
Calculating 24 jobs using 90 procs.
[13/24] P0 : part 12 [1] run;
Total 32+32=64 terms
[14/24] P11 : part 13 [1] run;
Total 128+128=256 terms
[18/24] P7 : part 17 [1] run;
[2/24] P23 : part 1 [1] run;
Total 8+8=16 terms
[24/24] P1 : part 23 [1] run;
Total 32+32=64 terms
[15/24] P10 : part 14 [1] run;
Total 32+32=64 terms
[5/24] P20 : part 4 [1] run;
Total 32+32=64 terms
[23/24] P2 : part 22 [1] run;
Total 32+32=64 terms
[16/24] P9 : part 15 [1] run;
Total 32+32=64 terms
[7/24] P18 : part 6 [1] run;
Total 32+32=64 terms
[6/24] P19 : part 5 [1] run;
Total 8+8=16 terms
[9/24] P16 : part 8 [1] run;
Total 128+128=256 terms
[20/24] P5 : part 19 [1] run;
Total 8+8=16 terms
[22/24] P3 : part 21 [1] run;
Total 8+8=16 terms
[11/24] P14 : part 10 [1] run;
Total 32+32=64 terms
[8/24] P17 : part 7 [1] run;
Total 32+32=64 terms
[3/24] P22 : part 2 [1] run;
Total 32+32=64 terms
[12/24] P13 : part 11 [1] run;
Total 32+32=64 terms
[19/24] P6 : part 18 [1] run;
Total 32+32=64 terms
[17/24] P8 : part 16 [1] run;
Total 128+128=256 terms
[10/24] P15 : part 9 [1] run;
Total 128+128=256 terms
[1/24] P12 : part 0 [1] run;
Total 32+32=64 terms
[4/24] P21 : part 3 [1] run;
Total 32+32=64 terms
[21/24] P4 : part 20 [1] run;
Total 32+32=64 terms
Total 32+32=64 terms
done.
TwoParticleGF(3010): 24 parts will be calculated
TwoParticleGF(3010): 24 parts will be calculated
TwoParticleGF(3010): 24 parts will be calculated
TwoParticleGF(3010): 24 parts will be calculated
TwoParticleGF(3010): 24 parts will be calculated
TwoParticleGF(3010): 24 parts will be calculated
TwoParticleGF(3010): 24 parts will be calculated
TwoParticleGF(3010): 24 parts will be calculated
TwoParticleGF(3010): 24 parts will be calculated
TwoParticleGF(3010): 24 parts will be calculated
TwoParticleGF(3010): 24 parts will be calculated
TwoParticleGF(3010): 24 parts will be calculated
TwoParticleGF(3010): 24 parts will be calculated
TwoParticleGF(3010): 24 parts will be calculated
TwoParticleGF(3010): 24 parts will be calculated
TwoParticleGF(3010): 24 parts will be calculated
TwoParticleGF(3010): 24 parts will be calculated
TwoParticleGF(3010): 24 parts will be calculated
TwoParticleGF(3010): 24 parts will be calculated
TwoParticleGF(3010): 24 parts will be calculated
TwoParticleGF(3010): 24 parts will be calculated
TwoParticleGF(3010): 24 parts will be calculated
TwoParticleGF(3010): 24 parts will be calculated
TwoParticleGF(3010): 24 parts will be calculated
TwoParticleGF(3010): 24 parts will be calculated
TwoParticleGF(3010): 24 parts will be calculated
TwoParticleGF(3010): 24 parts will be calculated
TwoParticleGF(3010): 24 parts will be calculated
TwoParticleGF(3010): 24 parts will be calculated
TwoParticleGF(3010): 24 parts will be calculated
TwoParticleGF(3010): 24 parts will be calculated
TwoParticleGF(3010): 24 parts will be calculated
TwoParticleGF(3010): 24 parts will be calculated
TwoParticleGF(3010): 24 parts will be calculated
TwoParticleGF(3010): 24 parts will be calculated
TwoParticleGF(3010): 24 parts will be calculated
TwoParticleGF(3010): 24 parts will be calculated
TwoParticleGF(3010): 24 parts will be calculated
TwoParticleGF(3010): 24 parts will be calculated
TwoParticleGF(3010): 24 parts will be calculated
TwoParticleGF(3010): 24 parts will be calculated
TwoParticleGF(3010): 24 parts will be calculated
TwoParticleGF(3010): 24 parts will be calculated
TwoParticleGF(3010): 24 parts will be calculated
TwoParticleGF(3010): 24 parts will be calculated
TwoParticleGF(3010): 24 parts will be calculated
TwoParticleGF(3010): 24 parts will be calculated
TwoParticleGF(3010): 24 parts will be calculated
TwoParticleGF(3010): 24 parts will be calculated
TwoParticleGF(3010): 24 parts will be calculated
TwoParticleGF(3010): 24 parts will be calculated
TwoParticleGF(3010): 24 parts will be calculated
TwoParticleGF(3010): 24 parts will be calculated
TwoParticleGF(3010): 24 parts will be calculated
TwoParticleGF(3010): 24 parts will be calculated
TwoParticleGF(3010): 24 parts will be calculated
TwoParticleGF(3010): 24 parts will be calculated
TwoParticleGF(3010): 24 parts will be calculated
TwoParticleGF(3010): 24 parts will be calculated
TwoParticleGF(3010): 24 parts will be calculated
TwoParticleGF(3010): 24 parts will be calculated
TwoParticleGF(3010): 24 parts will be calculated
TwoParticleGF(3010): 24 parts will be calculated
TwoParticleGF(3010): 24 parts will be calculated
TwoParticleGF(3010): 24 parts will be calculated
TwoParticleGF(3010): 24 parts will be calculated
TwoParticleGF(3010): 24 parts will be calculated
TwoParticleGF(3010): 24 parts will be calculated
TwoParticleGF(3010): 24 parts will be calculated
TwoParticleGF(3010): 24 parts will be calculated
TwoParticleGF(3010): 24 parts will be calculated
TwoParticleGF(3010): 24 parts will be calculated
TwoParticleGF(3010): 24 parts will be calculated
TwoParticleGF(3010): 24 parts will be calculated
TwoParticleGF(3010): 24 parts will be calculated
TwoParticleGF(3010): 24 parts will be calculated
TwoParticleGF(3010): 24 parts will be calculated
TwoParticleGF(3010): 24 parts will be calculated
TwoParticleGF(3010): 24 parts will be calculated
TwoParticleGF(3010): 24 parts will be calculated
TwoParticleGF(3010): 24 parts will be calculated
TwoParticleGF(3010): 24 parts will be calculated
compute_g2: Filling G^2 element (up,0)(up,1)(dn,0)(dn,0)
TwoParticleGF(3010): 24 parts will be calculated
Calculating 24 jobs using 90 procs.
TwoParticleGF(3010): 24 parts will be calculated
TwoParticleGF(3010): 24 parts will be calculated
TwoParticleGF(3010): 24 parts will be calculated
TwoParticleGF(3010): 24 parts will be calculated
TwoParticleGF(3010): 24 parts will be calculated
TwoParticleGF(3010): 24 parts will be calculated
TwoParticleGF(3010): 24 parts will be calculated
[1/24] P12 : part 0 [1] run;
Total 32+32=64 terms
[15/24] P10 : part 14 [1] run;
Total 32+32=64 terms
[4/24] P21 : part 3 [1] run;
Total 32+32=64 terms
[18/24] P7 : part 17 [1] run;
Total 32+32=64 terms
[14/24] P11 : part 13 [1] run;
Total 128+128=256 terms
[21/24] P4 : part 20 [1] run;
Total 32+32=64 terms
[2/24] P23 : part 1 [1] run;
Total 8+8=16 terms
[24/24] P1 : part 23 [1] run;
[5/24] P20 : part 4 [1] run;
Total 32+32=64 terms
[23/24] P2 : part 22 [1] run;
Total 32+32=64 terms
[16/24] P9 : part 15 [1] run;
Total 32+32=64 terms
[7/24] P18 : part 6 [1] run;
Total 32+32=64 terms
[13/24] P0 : part 12 [1] run;
Total 32+32=64 terms
[6/24] P19 : part 5 [1] run;
Total 8+8=16 terms
[9/24] P16 : part 8 [1] run;
Total 128+128=256 terms
[20/24] P5 : part 19 [1] run;
Total 8+8=16 terms
[22/24] P3 : part 21 [1] run;
Total 8+8=16 terms
[11/24] P14 : part 10 [1] run;
Total 32+32=64 terms
[8/24] P17 : part 7 [1] run;
Total 32+32=64 terms
[3/24] P22 : part 2 [1] run;
Total 32+32=64 terms
[12/24] P13 : part 11 [1] run;
Total 32+32=64 terms
[19/24] P6 : part 18 [1] run;
Total 32+32=64 terms
[17/24] P8 : part 16 [1] run;
Total 128+128=256 terms
[10/24] P15 : part 9 [1] run;
Total 128+128=256 terms
Total 32+32=64 terms
done.
TwoParticleGF(3210): 24 parts will be calculated
TwoParticleGF(3210): 24 parts will be calculated
TwoParticleGF(3210): 24 parts will be calculated
TwoParticleGF(3210): 24 parts will be calculated
TwoParticleGF(3210): 24 parts will be calculated
TwoParticleGF(3210): 24 parts will be calculated
TwoParticleGF(3210): 24 parts will be calculated
TwoParticleGF(3210): 24 parts will be calculated
TwoParticleGF(3210): 24 parts will be calculated
TwoParticleGF(3210): 24 parts will be calculated
TwoParticleGF(3210): 24 parts will be calculated
TwoParticleGF(3210): 24 parts will be calculated
TwoParticleGF(3210): 24 parts will be calculated
TwoParticleGF(3210): 24 parts will be calculated
TwoParticleGF(3210): 24 parts will be calculated
TwoParticleGF(3210): 24 parts will be calculated
TwoParticleGF(3210): 24 parts will be calculated
TwoParticleGF(3210): 24 parts will be calculated
TwoParticleGF(3210): 24 parts will be calculated
TwoParticleGF(3210): 24 parts will be calculated
TwoParticleGF(3210): 24 parts will be calculated
TwoParticleGF(3210): 24 parts will be calculated
TwoParticleGF(3210): 24 parts will be calculated
TwoParticleGF(3210): 24 parts will be calculated
TwoParticleGF(3210): 24 parts will be calculated
TwoParticleGF(3210): 24 parts will be calculated
TwoParticleGF(3210): 24 parts will be calculated
TwoParticleGF(3210): 24 parts will be calculated
TwoParticleGF(3210): 24 parts will be calculated
TwoParticleGF(3210): 24 parts will be calculated
TwoParticleGF(3210): 24 parts will be calculated
TwoParticleGF(3210): 24 parts will be calculated
TwoParticleGF(3210): 24 parts will be calculated
TwoParticleGF(3210): 24 parts will be calculated
TwoParticleGF(3210): 24 parts will be calculated
TwoParticleGF(3210): 24 parts will be calculated
TwoParticleGF(3210): 24 parts will be calculated
TwoParticleGF(3210): 24 parts will be calculated
TwoParticleGF(3210): 24 parts will be calculated
TwoParticleGF(3210): 24 parts will be calculated
TwoParticleGF(3210): 24 parts will be calculated
TwoParticleGF(3210): 24 parts will be calculated
TwoParticleGF(3210): 24 parts will be calculated
TwoParticleGF(3210): 24 parts will be calculated
TwoParticleGF(3210): 24 parts will be calculated
TwoParticleGF(3210): 24 parts will be calculated
TwoParticleGF(3210): 24 parts will be calculated
TwoParticleGF(3210): 24 parts will be calculated
TwoParticleGF(3210): 24 parts will be calculated
TwoParticleGF(3210): 24 parts will be calculated
TwoParticleGF(3210): 24 parts will be calculated
TwoParticleGF(3210): 24 parts will be calculated
TwoParticleGF(3210): 24 parts will be calculated
TwoParticleGF(3210): 24 parts will be calculated
TwoParticleGF(3210): 24 parts will be calculated
TwoParticleGF(3210): 24 parts will be calculated
TwoParticleGF(3210): 24 parts will be calculated
TwoParticleGF(3210): 24 parts will be calculated
TwoParticleGF(3210): 24 parts will be calculated
TwoParticleGF(3210): 24 parts will be calculated
TwoParticleGF(3210): 24 parts will be calculated
TwoParticleGF(3210): 24 parts will be calculated
TwoParticleGF(3210): 24 parts will be calculated
TwoParticleGF(3210): 24 parts will be calculated
TwoParticleGF(3210): 24 parts will be calculated
TwoParticleGF(3210): 24 parts will be calculated
TwoParticleGF(3210): 24 parts will be calculated
compute_g2: Filling G^2 element (up,0)(up,1)(dn,0)(dn,1)
TwoParticleGF(3210): 24 parts will be calculated
TwoParticleGF(3210): 24 parts will be calculated
TwoParticleGF(3210): 24 parts will be calculated
TwoParticleGF(3210): 24 parts will be calculated
TwoParticleGF(3210): 24 parts will be calculated
TwoParticleGF(3210): 24 parts will be calculated
TwoParticleGF(3210): 24 parts will be calculated
TwoParticleGF(3210): 24 parts will be calculated
TwoParticleGF(3210): 24 parts will be calculated
TwoParticleGF(3210): 24 parts will be calculated
TwoParticleGF(3210): 24 parts will be calculated
TwoParticleGF(3210): 24 parts will be calculated
TwoParticleGF(3210): 24 parts will be calculated
TwoParticleGF(3210): 24 parts will be calculated
TwoParticleGF(3210): 24 parts will be calculated
TwoParticleGF(3210): 24 parts will be calculated
TwoParticleGF(3210): 24 parts will be calculated
TwoParticleGF(3210): 24 parts will be calculated
TwoParticleGF(3210): 24 parts will be calculated
TwoParticleGF(3210): 24 parts will be calculated
TwoParticleGF(3210): 24 parts will be calculated
TwoParticleGF(3210): 24 parts will be calculated
TwoParticleGF(3210): 24 parts will be calculated
[5/24] P20 : part 4 [1] run;
Total 32+32=64 terms
[23/24] P2 : part 22 [1] run;
Total 32+32=64 terms
[16/24] P9 : part 15 [1] run;
[7/24] P18 : part 6 [1] run;
Total 32+32=64 terms
[24/24] P1 : part 23 [1] run;
Total 32+32=64 terms
[9/24] P16 : part 8 [1] run;
Total 128+128=256 terms
[20/24] P5 : part 19 [1] run;
Total 8+8=16 terms
[22/24] P3 : part 21 [1] run;
Total 8+8=16 terms
[6/24] P19 : part 5 [1] run;
Total 8+8=16 terms
[11/24] P14 : part 10 [1] run;
Total 32+32=64 terms
[8/24] P17 : part 7 [1] run;
Total 32+32=64 terms
[3/24] P22 : part 2 [1] run;
Total 32+32=64 terms
[12/24] P13 : part 11 [1] run;
Total 32+32=64 terms
[19/24] P6 : part 18 [1] run;
Total 32+32=64 terms
[1/24] P12 : part 0 [1] run;
Total 32+32=64 terms
[17/24] P8 : part 16 [1] run;
Total 128+128=256 terms
Calculating 24 jobs using 90 procs.
[13/24] P0 : part 12 [1] run;
Total 32+32=64 terms
[18/24] P7 : part 17 [1] run;
Total 32+32=64 terms
[14/24] P11 : part 13 [1] run;
Total 128+128=256 terms
[21/24] P4 : part 20 [1] run;
Total 32+32=64 terms
[15/24] P10 : part 14 [1] run;
Total 32+32=64 terms
[2/24] P23 : part 1 [1] run;
Total 8+8=16 terms
[10/24] P15 : part 9 [1] run;
Total 128+128=256 terms
[4/24] P21 : part 3 [1] run;
Total 32+32=64 terms
Total 32+32=64 terms
done.
TwoParticleGF(3012): 24 parts will be calculated
TwoParticleGF(3012): 24 parts will be calculated
TwoParticleGF(3012): 24 parts will be calculated
TwoParticleGF(3012): 24 parts will be calculated
TwoParticleGF(3012): 24 parts will be calculated
TwoParticleGF(3012): 24 parts will be calculated
TwoParticleGF(3012): 24 parts will be calculated
TwoParticleGF(3012): 24 parts will be calculated
TwoParticleGF(3012): 24 parts will be calculated
TwoParticleGF(3012): 24 parts will be calculated
TwoParticleGF(3012): 24 parts will be calculated
TwoParticleGF(3012): 24 parts will be calculated
TwoParticleGF(3012): 24 parts will be calculated
TwoParticleGF(3012): 24 parts will be calculated
TwoParticleGF(3012): 24 parts will be calculated
TwoParticleGF(3012): 24 parts will be calculated
TwoParticleGF(3012): 24 parts will be calculated
TwoParticleGF(3012): 24 parts will be calculated
TwoParticleGF(3012): 24 parts will be calculated
TwoParticleGF(3012): 24 parts will be calculated
TwoParticleGF(3012): 24 parts will be calculated
TwoParticleGF(3012): 24 parts will be calculated
TwoParticleGF(3012): 24 parts will be calculated
TwoParticleGF(3012): 24 parts will be calculated
TwoParticleGF(3012): 24 parts will be calculated
TwoParticleGF(3012): 24 parts will be calculated
TwoParticleGF(3012): 24 parts will be calculated
TwoParticleGF(3012): 24 parts will be calculated
TwoParticleGF(3012): 24 parts will be calculated
TwoParticleGF(3012): 24 parts will be calculated
TwoParticleGF(3012): 24 parts will be calculated
TwoParticleGF(3012): 24 parts will be calculated
TwoParticleGF(3012): 24 parts will be calculated
TwoParticleGF(3012): 24 parts will be calculated
TwoParticleGF(3012): 24 parts will be calculated
TwoParticleGF(3012): 24 parts will be calculated
TwoParticleGF(3012): 24 parts will be calculated
TwoParticleGF(3012): 24 parts will be calculated
TwoParticleGF(3012): 24 parts will be calculated
TwoParticleGF(3012): 24 parts will be calculated
TwoParticleGF(3012): 24 parts will be calculated
TwoParticleGF(3012): 24 parts will be calculated
TwoParticleGF(3012): 24 parts will be calculated
TwoParticleGF(3012): 24 parts will be calculated
TwoParticleGF(3012): 24 parts will be calculated
TwoParticleGF(3012): 24 parts will be calculated
TwoParticleGF(3012): 24 parts will be calculated
TwoParticleGF(3012): 24 parts will be calculated
TwoParticleGF(3012): 24 parts will be calculated
TwoParticleGF(3012): 24 parts will be calculated
TwoParticleGF(3012): 24 parts will be calculated
TwoParticleGF(3012): 24 parts will be calculated
TwoParticleGF(3012): 24 parts will be calculated
TwoParticleGF(3012): 24 parts will be calculated
TwoParticleGF(3012): 24 parts will be calculated
TwoParticleGF(3012): 24 parts will be calculated
TwoParticleGF(3012): 24 parts will be calculated
TwoParticleGF(3012): 24 parts will be calculated
TwoParticleGF(3012): 24 parts will be calculated
TwoParticleGF(3012): 24 parts will be calculated
TwoParticleGF(3012): 24 parts will be calculated
TwoParticleGF(3012): 24 parts will be calculated
TwoParticleGF(3012): 24 parts will be calculated
TwoParticleGF(3012): 24 parts will be calculated
TwoParticleGF(3012): 24 parts will be calculated
TwoParticleGF(3012): 24 parts will be calculated
TwoParticleGF(3012): 24 parts will be calculated
TwoParticleGF(3012): 24 parts will be calculated
TwoParticleGF(3012): 24 parts will be calculated
TwoParticleGF(3012): 24 parts will be calculated
TwoParticleGF(3012): 24 parts will be calculated
TwoParticleGF(3012): 24 parts will be calculated
TwoParticleGF(3012): 24 parts will be calculated
TwoParticleGF(3012): 24 parts will be calculated
TwoParticleGF(3012): 24 parts will be calculated
TwoParticleGF(3012): 24 parts will be calculated
compute_g2: Filling G^2 element (up,0)(up,1)(dn,1)(dn,0)
TwoParticleGF(3012): 24 parts will be calculated
Calculating 24 jobs using 90 procs.
TwoParticleGF(3012): 24 parts will be calculated
TwoParticleGF(3012): 24 parts will be calculated
TwoParticleGF(3012): 24 parts will be calculated
TwoParticleGF(3012): 24 parts will be calculated
TwoParticleGF(3012): 24 parts will be calculated
TwoParticleGF(3012): 24 parts will be calculated
TwoParticleGF(3012): 24 parts will be calculated
TwoParticleGF(3012): 24 parts will be calculated
TwoParticleGF(3012): 24 parts will be calculated
TwoParticleGF(3012): 24 parts will be calculated
TwoParticleGF(3012): 24 parts will be calculated
TwoParticleGF(3012): 24 parts will be calculated
TwoParticleGF(3012): 24 parts will be calculated
[24/24] P1 : part 23 [1] run;
Total 32+32=64 terms
[9/24] P16 : part 8 [1] run;
Total 128+128=256 terms
[20/24] P5 : part 19 [1] run;
Total 8+8=16 terms
[6/24] P19 : part 5 [1] run;
Total 8+8=16 terms
[22/24] P3 : part 21 [1] run;
Total 8+8=16 terms
[11/24] P14 : part 10 [1] run;
Total 32+32=64 terms
[8/24] P17 : part 7 [1] run;
Total 32+32=64 terms
[3/24] P22 : part 2 [1] run;
Total 32+32=64 terms
[12/24] P13 : part 11 [1] run;
Total 32+32=64 terms
[19/24] P6 : part 18 [1] run;
Total 32+32=64 terms
[1/24] P12 : part 0 [1] run;
Total 32+32=64 terms
[17/24] P8 : part 16 [1] run;
Total 128+128=256 terms
[23/24] P2 : part 22 [1] run;
Total 32+32=64 terms
[10/24] P15 : part 9 [1] run;
Total 128+128=256 terms
[18/24] P7 : part 17 [1] run;
Total 32+32=64 terms
[14/24] P11 : part 13 [1] run;
Total 128+128=256 terms
[21/24] P4 : part 20 [1] run;
[16/24] P9 : part 15 [1] run;
Total 32+32=64 terms
[15/24] P10 : part 14 [1] run;
Total 32+32=64 terms
[2/24] P23 : part 1 [1] run;
Total 8+8=16 terms
[13/24] P0 : part 12 [1] run;
Total 32+32=64 terms
[5/24] P20 : part 4 [1] run;
Total 32+32=64 terms
[4/24] P21 : part 3 [1] run;
Total 32+32=64 terms
[7/24] P18 : part 6 [1] run;
Total 32+32=64 terms
Total 32+32=64 terms
done.
TwoParticleGF(3212): 24 parts will be calculated
TwoParticleGF(3212): 24 parts will be calculated
TwoParticleGF(3212): 24 parts will be calculated
TwoParticleGF(3212): 24 parts will be calculated
TwoParticleGF(3212): 24 parts will be calculated
TwoParticleGF(3212): 24 parts will be calculated
TwoParticleGF(3212): 24 parts will be calculated
TwoParticleGF(3212): 24 parts will be calculated
TwoParticleGF(3212): 24 parts will be calculated
TwoParticleGF(3212): 24 parts will be calculated
TwoParticleGF(3212): 24 parts will be calculated
TwoParticleGF(3212): 24 parts will be calculated
TwoParticleGF(3212): 24 parts will be calculated
TwoParticleGF(3212): 24 parts will be calculated
TwoParticleGF(3212): 24 parts will be calculated
TwoParticleGF(3212): 24 parts will be calculated
TwoParticleGF(3212): 24 parts will be calculated
TwoParticleGF(3212): 24 parts will be calculated
TwoParticleGF(3212): 24 parts will be calculated
TwoParticleGF(3212): 24 parts will be calculated
TwoParticleGF(3212): 24 parts will be calculated
TwoParticleGF(3212): 24 parts will be calculated
TwoParticleGF(3212): 24 parts will be calculated
TwoParticleGF(3212): 24 parts will be calculated
TwoParticleGF(3212): 24 parts will be calculated
TwoParticleGF(3212): 24 parts will be calculated
TwoParticleGF(3212): 24 parts will be calculated
TwoParticleGF(3212): 24 parts will be calculated
TwoParticleGF(3212): 24 parts will be calculated
TwoParticleGF(3212): 24 parts will be calculated
TwoParticleGF(3212): 24 parts will be calculated
TwoParticleGF(3212): 24 parts will be calculated
TwoParticleGF(3212): 24 parts will be calculated
TwoParticleGF(3212): 24 parts will be calculated
TwoParticleGF(3212): 24 parts will be calculated
TwoParticleGF(3212): 24 parts will be calculated
TwoParticleGF(3212): 24 parts will be calculated
TwoParticleGF(3212): 24 parts will be calculated
TwoParticleGF(3212): 24 parts will be calculated
TwoParticleGF(3212): 24 parts will be calculated
TwoParticleGF(3212): 24 parts will be calculated
TwoParticleGF(3212): 24 parts will be calculated
TwoParticleGF(3212): 24 parts will be calculated
TwoParticleGF(3212): 24 parts will be calculated
TwoParticleGF(3212): 24 parts will be calculated
TwoParticleGF(3212): 24 parts will be calculated
TwoParticleGF(3212): 24 parts will be calculated
TwoParticleGF(3212): 24 parts will be calculated
TwoParticleGF(3212): 24 parts will be calculated
TwoParticleGF(3212): 24 parts will be calculated
TwoParticleGF(3212): 24 parts will be calculated
TwoParticleGF(3212): 24 parts will be calculated
TwoParticleGF(3212): 24 parts will be calculated
TwoParticleGF(3212): 24 parts will be calculated
TwoParticleGF(3212): 24 parts will be calculated
TwoParticleGF(3212): 24 parts will be calculated
TwoParticleGF(3212): 24 parts will be calculated
TwoParticleGF(3212): 24 parts will be calculated
TwoParticleGF(3212): 24 parts will be calculated
TwoParticleGF(3212): 24 parts will be calculated
TwoParticleGF(3212): 24 parts will be calculated
TwoParticleGF(3212): 24 parts will be calculated
TwoParticleGF(3212): 24 parts will be calculated
TwoParticleGF(3212): 24 parts will be calculated
TwoParticleGF(3212): 24 parts will be calculated
TwoParticleGF(3212): 24 parts will be calculated
TwoParticleGF(3212): 24 parts will be calculated
TwoParticleGF(3212): 24 parts will be calculated
TwoParticleGF(3212): 24 parts will be calculated
TwoParticleGF(3212): 24 parts will be calculated
TwoParticleGF(3212): 24 parts will be calculated
TwoParticleGF(3212): 24 parts will be calculated
TwoParticleGF(3212): 24 parts will be calculated
TwoParticleGF(3212): 24 parts will be calculated
TwoParticleGF(3212): 24 parts will be calculated
TwoParticleGF(3212): 24 parts will be calculated
TwoParticleGF(3212): 24 parts will be calculated
TwoParticleGF(3212): 24 parts will be calculated
TwoParticleGF(3212): 24 parts will be calculated
TwoParticleGF(3212): 24 parts will be calculated
TwoParticleGF(3212): 24 parts will be calculated
TwoParticleGF(3212): 24 parts will be calculated
TwoParticleGF(3212): 24 parts will be calculated
TwoParticleGF(3212): 24 parts will be calculated
TwoParticleGF(3212): 24 parts will be calculated
TwoParticleGF(3212): 24 parts will be calculated
TwoParticleGF(3212): 24 parts will be calculated
compute_g2: Filling G^2 element (up,0)(up,1)(dn,1)(dn,1)
TwoParticleGF(3212): 24 parts will be calculated
TwoParticleGF(3212): 24 parts will be calculated
TwoParticleGF(3212): 24 parts will be calculated
Calculating 24 jobs using 90 procs.
[24/24] P1 : part 23 [1] run;
[9/24] P16 : part 8 [1] run;
Total 128+128=256 terms
[20/24] P5 : part 19 [1] run;
Total 8+8=16 terms
[19/24] P6 : part 18 [1] run;
Total 32+32=64 terms
[22/24] P3 : part 21 [1] run;
Total 8+8=16 terms
[11/24] P14 : part 10 [1] run;
Total 32+32=64 terms
[8/24] P17 : part 7 [1] run;
Total 32+32=64 terms
[3/24] P22 : part 2 [1] run;
Total 32+32=64 terms
[12/24] P13 : part 11 [1] run;
Total 32+32=64 terms
[6/24] P19 : part 5 [1] run;
Total 8+8=16 terms
[13/24] P0 : part 12 [1] run;
Total 32+32=64 terms
[1/24] P12 : part 0 [1] run;
Total 32+32=64 terms
[17/24] P8 : part 16 [1] run;
Total 128+128=256 terms
[23/24] P2 : part 22 [1] run;
Total 32+32=64 terms
[10/24] P15 : part 9 [1] run;
Total 128+128=256 terms
[18/24] P7 : part 17 [1] run;
Total 32+32=64 terms
[14/24] P11 : part 13 [1] run;
Total 128+128=256 terms
[7/24] P18 : part 6 [1] run;
Total 32+32=64 terms
[16/24] P9 : part 15 [1] run;
Total 32+32=64 terms
[15/24] P10 : part 14 [1] run;
Total 32+32=64 terms
[2/24] P23 : part 1 [1] run;
Total 8+8=16 terms
[21/24] P4 : part 20 [1] run;
Total 32+32=64 terms
[5/24] P20 : part 4 [1] run;
Total 32+32=64 terms
[4/24] P21 : part 3 [1] run;
Total 32+32=64 terms
Total 32+32=64 terms
done.
TwoParticleGF(1030): 24 parts will be calculated
TwoParticleGF(1030): 24 parts will be calculated
TwoParticleGF(1030): 24 parts will be calculated
TwoParticleGF(1030): 24 parts will be calculated
TwoParticleGF(1030): 24 parts will be calculated
TwoParticleGF(1030): 24 parts will be calculated
TwoParticleGF(1030): 24 parts will be calculated
TwoParticleGF(1030): 24 parts will be calculated
TwoParticleGF(1030): 24 parts will be calculated
TwoParticleGF(1030): 24 parts will be calculated
TwoParticleGF(1030): 24 parts will be calculated
TwoParticleGF(1030): 24 parts will be calculated
TwoParticleGF(1030): 24 parts will be calculated
TwoParticleGF(1030): 24 parts will be calculated
TwoParticleGF(1030): 24 parts will be calculated
TwoParticleGF(1030): 24 parts will be calculated
TwoParticleGF(1030): 24 parts will be calculated
TwoParticleGF(1030): 24 parts will be calculated
TwoParticleGF(1030): 24 parts will be calculated
TwoParticleGF(1030): 24 parts will be calculated
TwoParticleGF(1030): 24 parts will be calculated
TwoParticleGF(1030): 24 parts will be calculated
TwoParticleGF(1030): 24 parts will be calculated
TwoParticleGF(1030): 24 parts will be calculated
TwoParticleGF(1030): 24 parts will be calculated
TwoParticleGF(1030): 24 parts will be calculated
TwoParticleGF(1030): 24 parts will be calculated
TwoParticleGF(1030): 24 parts will be calculated
TwoParticleGF(1030): 24 parts will be calculated
TwoParticleGF(1030): 24 parts will be calculated
TwoParticleGF(1030): 24 parts will be calculated
TwoParticleGF(1030): 24 parts will be calculated
TwoParticleGF(1030): 24 parts will be calculated
TwoParticleGF(1030): 24 parts will be calculated
TwoParticleGF(1030): 24 parts will be calculated
TwoParticleGF(1030): 24 parts will be calculated
TwoParticleGF(1030): 24 parts will be calculated
TwoParticleGF(1030): 24 parts will be calculated
TwoParticleGF(1030): 24 parts will be calculated
TwoParticleGF(1030): 24 parts will be calculated
TwoParticleGF(1030): 24 parts will be calculated
TwoParticleGF(1030): 24 parts will be calculated
TwoParticleGF(1030): 24 parts will be calculated
TwoParticleGF(1030): 24 parts will be calculated
TwoParticleGF(1030): 24 parts will be calculated
TwoParticleGF(1030): 24 parts will be calculated
TwoParticleGF(1030): 24 parts will be calculated
TwoParticleGF(1030): 24 parts will be calculated
TwoParticleGF(1030): 24 parts will be calculated
compute_g2: Filling G^2 element (up,1)(up,0)(dn,0)(dn,0)
TwoParticleGF(1030): 24 parts will be calculated
Calculating 24 jobs using 90 procs.
TwoParticleGF(1030): 24 parts will be calculated
TwoParticleGF(1030): 24 parts will be calculated
TwoParticleGF(1030): 24 parts will be calculated
TwoParticleGF(1030): 24 parts will be calculated
TwoParticleGF(1030): 24 parts will be calculated
TwoParticleGF(1030): 24 parts will be calculated
TwoParticleGF(1030): 24 parts will be calculated
TwoParticleGF(1030): 24 parts will be calculated
TwoParticleGF(1030): 24 parts will be calculated
TwoParticleGF(1030): 24 parts will be calculated
TwoParticleGF(1030): 24 parts will be calculated
TwoParticleGF(1030): 24 parts will be calculated
TwoParticleGF(1030): 24 parts will be calculated
TwoParticleGF(1030): 24 parts will be calculated
TwoParticleGF(1030): 24 parts will be calculated
TwoParticleGF(1030): 24 parts will be calculated
TwoParticleGF(1030): 24 parts will be calculated
TwoParticleGF(1030): 24 parts will be calculated
TwoParticleGF(1030): 24 parts will be calculated
TwoParticleGF(1030): 24 parts will be calculated
TwoParticleGF(1030): 24 parts will be calculated
TwoParticleGF(1030): 24 parts will be calculated
TwoParticleGF(1030): 24 parts will be calculated
TwoParticleGF(1030): 24 parts will be calculated
TwoParticleGF(1030): 24 parts will be calculated
TwoParticleGF(1030): 24 parts will be calculated
TwoParticleGF(1030): 24 parts will be calculated
TwoParticleGF(1030): 24 parts will be calculated
TwoParticleGF(1030): 24 parts will be calculated
TwoParticleGF(1030): 24 parts will be calculated
TwoParticleGF(1030): 24 parts will be calculated
TwoParticleGF(1030): 24 parts will be calculated
TwoParticleGF(1030): 24 parts will be calculated
TwoParticleGF(1030): 24 parts will be calculated
TwoParticleGF(1030): 24 parts will be calculated
TwoParticleGF(1030): 24 parts will be calculated
TwoParticleGF(1030): 24 parts will be calculated
TwoParticleGF(1030): 24 parts will be calculated
TwoParticleGF(1030): 24 parts will be calculated
TwoParticleGF(1030): 24 parts will be calculated
[13/24] P0 : part 12 [1] run;
Total 32+32=64 terms
[9/24] P16 : part 8 [1] run;
Total 128+128=256 terms
[4/24] P21 : part 3 [1] run;
Total 32+32=64 terms
[20/24] P5 : part 19 [1] run;
Total 8+8=16 terms
[19/24] P6 : part 18 [1] run;
Total 32+32=64 terms
[22/24] P3 : part 21 [1] run;
Total 8+8=16 terms
[11/24] P14 : part 10 [1] run;
Total 32+32=64 terms
[8/24] P17 : part 7 [1] run;
Total 32+32=64 terms
[3/24] P22 : part 2 [1] run;
Total 32+32=64 terms
[12/24] P13 : part 11 [1] run;
Total 32+32=64 terms
[6/24] P19 : part 5 [1] run;
Total 8+8=16 terms
[24/24] P1 : part 23 [1] run;
Total 32+32=64 terms
[1/24] P12 : part 0 [1] run;
Total 32+32=64 terms
[17/24] P8 : part 16 [1] run;
Total 128+128=256 terms
[23/24] P2 : part 22 [1] run;
[10/24] P15 : part 9 [1] run;
Total 128+128=256 terms
[18/24] P7 : part 17 [1] run;
Total 32+32=64 terms
[14/24] P11 : part 13 [1] run;
Total 128+128=256 terms
[7/24] P18 : part 6 [1] run;
Total 32+32=64 terms
[2/24] P23 : part 1 [1] run;
Total 8+8=16 terms
[16/24] P9 : part 15 [1] run;
Total 32+32=64 terms
[15/24] P10 : part 14 [1] run;
Total 32+32=64 terms
[21/24] P4 : part 20 [1] run;
Total 32+32=64 terms
[5/24] P20 : part 4 [1] run;
Total 32+32=64 terms
Total 32+32=64 terms
done.
TwoParticleGF(1230): 24 parts will be calculated
TwoParticleGF(1230): 24 parts will be calculated
TwoParticleGF(1230): 24 parts will be calculated
TwoParticleGF(1230): 24 parts will be calculated
TwoParticleGF(1230): 24 parts will be calculated
TwoParticleGF(1230): 24 parts will be calculated
TwoParticleGF(1230): 24 parts will be calculated
TwoParticleGF(1230): 24 parts will be calculated
TwoParticleGF(1230): 24 parts will be calculated
TwoParticleGF(1230): 24 parts will be calculated
TwoParticleGF(1230): 24 parts will be calculated
TwoParticleGF(1230): 24 parts will be calculated
TwoParticleGF(1230): 24 parts will be calculated
TwoParticleGF(1230): 24 parts will be calculated
TwoParticleGF(1230): 24 parts will be calculated
TwoParticleGF(1230): 24 parts will be calculated
TwoParticleGF(1230): 24 parts will be calculated
TwoParticleGF(1230): 24 parts will be calculated
TwoParticleGF(1230): 24 parts will be calculated
TwoParticleGF(1230): 24 parts will be calculated
TwoParticleGF(1230): 24 parts will be calculated
TwoParticleGF(1230): 24 parts will be calculated
TwoParticleGF(1230): 24 parts will be calculated
TwoParticleGF(1230): 24 parts will be calculated
TwoParticleGF(1230): 24 parts will be calculated
TwoParticleGF(1230): 24 parts will be calculated
TwoParticleGF(1230): 24 parts will be calculated
TwoParticleGF(1230): 24 parts will be calculated
TwoParticleGF(1230): 24 parts will be calculated
TwoParticleGF(1230): 24 parts will be calculated
TwoParticleGF(1230): 24 parts will be calculated
TwoParticleGF(1230): 24 parts will be calculated
TwoParticleGF(1230): 24 parts will be calculated
TwoParticleGF(1230): 24 parts will be calculated
TwoParticleGF(1230): 24 parts will be calculated
TwoParticleGF(1230): 24 parts will be calculated
TwoParticleGF(1230): 24 parts will be calculated
TwoParticleGF(1230): 24 parts will be calculated
TwoParticleGF(1230): 24 parts will be calculated
TwoParticleGF(1230): 24 parts will be calculated
TwoParticleGF(1230): 24 parts will be calculated
TwoParticleGF(1230): 24 parts will be calculated
TwoParticleGF(1230): 24 parts will be calculated
TwoParticleGF(1230): 24 parts will be calculated
TwoParticleGF(1230): 24 parts will be calculated
TwoParticleGF(1230): 24 parts will be calculated
TwoParticleGF(1230): 24 parts will be calculated
TwoParticleGF(1230): 24 parts will be calculated
TwoParticleGF(1230): 24 parts will be calculated
TwoParticleGF(1230): 24 parts will be calculated
TwoParticleGF(1230): 24 parts will be calculated
TwoParticleGF(1230): 24 parts will be calculated
TwoParticleGF(1230): 24 parts will be calculated
TwoParticleGF(1230): 24 parts will be calculated
TwoParticleGF(1230): 24 parts will be calculated
TwoParticleGF(1230): 24 parts will be calculated
TwoParticleGF(1230): 24 parts will be calculated
TwoParticleGF(1230): 24 parts will be calculated
TwoParticleGF(1230): 24 parts will be calculated
TwoParticleGF(1230): 24 parts will be calculated
TwoParticleGF(1230): 24 parts will be calculated
TwoParticleGF(1230): 24 parts will be calculated
TwoParticleGF(1230): 24 parts will be calculated
TwoParticleGF(1230): 24 parts will be calculated
TwoParticleGF(1230): 24 parts will be calculated
TwoParticleGF(1230): 24 parts will be calculated
TwoParticleGF(1230): 24 parts will be calculated
TwoParticleGF(1230): 24 parts will be calculated
TwoParticleGF(1230): 24 parts will be calculated
TwoParticleGF(1230): 24 parts will be calculated
TwoParticleGF(1230): 24 parts will be calculated
TwoParticleGF(1230): 24 parts will be calculated
TwoParticleGF(1230): 24 parts will be calculated
compute_g2: Filling G^2 element (up,1)(up,0)(dn,0)(dn,1)
TwoParticleGF(1230): 24 parts will be calculated
TwoParticleGF(1230): 24 parts will be calculated
TwoParticleGF(1230): 24 parts will be calculated
TwoParticleGF(1230): 24 parts will be calculated
TwoParticleGF(1230): 24 parts will be calculated
TwoParticleGF(1230): 24 parts will be calculated
TwoParticleGF(1230): 24 parts will be calculated
TwoParticleGF(1230): 24 parts will be calculated
TwoParticleGF(1230): 24 parts will be calculated
TwoParticleGF(1230): 24 parts will be calculated
TwoParticleGF(1230): 24 parts will be calculated
TwoParticleGF(1230): 24 parts will be calculated
TwoParticleGF(1230): 24 parts will be calculated
TwoParticleGF(1230): 24 parts will be calculated
TwoParticleGF(1230): 24 parts will be calculated
TwoParticleGF(1230): 24 parts will be calculated
TwoParticleGF(1230): 24 parts will be calculated
Calculating 24 jobs using 90 procs.
[2/24] P23 : part 1 [1] run;
Total 8+8=16 terms
[16/24] P9 : part 15 [1] run;
Total 32+32=64 terms
[15/24] P10 : part 14 [1] run;
Total 32+32=64 terms
[21/24] P4 : part 20 [1] run;
Total 32+32=64 terms
[9/24] P16 : part 8 [1] run;
Total 128+128=256 terms
[23/24] P2 : part 22 [1] run;
Total 32+32=64 terms
[20/24] P5 : part 19 [1] run;
Total 8+8=16 terms
[19/24] P6 : part 18 [1] run;
Total 32+32=64 terms
[22/24] P3 : part 21 [1] run;
Total 8+8=16 terms
[4/24] P21 : part 3 [1] run;
Total 32+32=64 terms
[11/24] P14 : part 10 [1] run;
Total 32+32=64 terms
[8/24] P17 : part 7 [1] run;
Total 32+32=64 terms
[3/24] P22 : part 2 [1] run;
Total 32+32=64 terms
[13/24] P0 : part 12 [1] run;
Total 32+32=64 terms
[12/24] P13 : part 11 [1] run;
Total 32+32=64 terms
[24/24] P1 : part 23 [1] run;
[6/24] P19 : part 5 [1] run;
Total 8+8=16 terms
[1/24] P12 : part 0 [1] run;
Total 32+32=64 terms
[17/24] P8 : part 16 [1] run;
Total 128+128=256 terms
[10/24] P15 : part 9 [1] run;
Total 128+128=256 terms
[18/24] P7 : part 17 [1] run;
Total 32+32=64 terms
[14/24] P11 : part 13 [1] run;
Total 128+128=256 terms
[5/24] P20 : part 4 [1] run;
Total 32+32=64 terms
[7/24] P18 : part 6 [1] run;
Total 32+32=64 terms
Total 32+32=64 terms
done.
TwoParticleGF(1032): 24 parts will be calculated
TwoParticleGF(1032): 24 parts will be calculated
TwoParticleGF(1032): 24 parts will be calculated
TwoParticleGF(1032): 24 parts will be calculated
TwoParticleGF(1032): 24 parts will be calculated
TwoParticleGF(1032): 24 parts will be calculated
TwoParticleGF(1032): 24 parts will be calculated
TwoParticleGF(1032): 24 parts will be calculated
TwoParticleGF(1032): 24 parts will be calculated
TwoParticleGF(1032): 24 parts will be calculated
TwoParticleGF(1032): 24 parts will be calculated
TwoParticleGF(1032): 24 parts will be calculated
TwoParticleGF(1032): 24 parts will be calculated
TwoParticleGF(1032): 24 parts will be calculated
TwoParticleGF(1032): 24 parts will be calculated
TwoParticleGF(1032): 24 parts will be calculated
TwoParticleGF(1032): 24 parts will be calculated
TwoParticleGF(1032): 24 parts will be calculated
TwoParticleGF(1032): 24 parts will be calculated
TwoParticleGF(1032): 24 parts will be calculated
TwoParticleGF(1032): 24 parts will be calculated
TwoParticleGF(1032): 24 parts will be calculated
TwoParticleGF(1032): 24 parts will be calculated
TwoParticleGF(1032): 24 parts will be calculated
TwoParticleGF(1032): 24 parts will be calculated
TwoParticleGF(1032): 24 parts will be calculated
TwoParticleGF(1032): 24 parts will be calculated
TwoParticleGF(1032): 24 parts will be calculated
TwoParticleGF(1032): 24 parts will be calculated
TwoParticleGF(1032): 24 parts will be calculated
TwoParticleGF(1032): 24 parts will be calculated
TwoParticleGF(1032): 24 parts will be calculated
TwoParticleGF(1032): 24 parts will be calculated
TwoParticleGF(1032): 24 parts will be calculated
TwoParticleGF(1032): 24 parts will be calculated
TwoParticleGF(1032): 24 parts will be calculated
TwoParticleGF(1032): 24 parts will be calculated
TwoParticleGF(1032): 24 parts will be calculated
TwoParticleGF(1032): 24 parts will be calculated
TwoParticleGF(1032): 24 parts will be calculated
TwoParticleGF(1032): 24 parts will be calculated
TwoParticleGF(1032): 24 parts will be calculated
TwoParticleGF(1032): 24 parts will be calculated
TwoParticleGF(1032): 24 parts will be calculated
TwoParticleGF(1032): 24 parts will be calculated
TwoParticleGF(1032): 24 parts will be calculated
TwoParticleGF(1032): 24 parts will be calculated
TwoParticleGF(1032): 24 parts will be calculated
TwoParticleGF(1032): 24 parts will be calculated
TwoParticleGF(1032): 24 parts will be calculated
TwoParticleGF(1032): 24 parts will be calculated
TwoParticleGF(1032): 24 parts will be calculated
TwoParticleGF(1032): 24 parts will be calculated
TwoParticleGF(1032): 24 parts will be calculated
TwoParticleGF(1032): 24 parts will be calculated
TwoParticleGF(1032): 24 parts will be calculated
TwoParticleGF(1032): 24 parts will be calculated
TwoParticleGF(1032): 24 parts will be calculated
TwoParticleGF(1032): 24 parts will be calculated
TwoParticleGF(1032): 24 parts will be calculated
TwoParticleGF(1032): 24 parts will be calculated
TwoParticleGF(1032): 24 parts will be calculated
TwoParticleGF(1032): 24 parts will be calculated
TwoParticleGF(1032): 24 parts will be calculated
TwoParticleGF(1032): 24 parts will be calculated
TwoParticleGF(1032): 24 parts will be calculated
TwoParticleGF(1032): 24 parts will be calculated
TwoParticleGF(1032): 24 parts will be calculated
TwoParticleGF(1032): 24 parts will be calculated
TwoParticleGF(1032): 24 parts will be calculated
TwoParticleGF(1032): 24 parts will be calculated
TwoParticleGF(1032): 24 parts will be calculated
TwoParticleGF(1032): 24 parts will be calculated
TwoParticleGF(1032): 24 parts will be calculated
TwoParticleGF(1032): 24 parts will be calculated
compute_g2: Filling G^2 element (up,1)(up,0)(dn,1)(dn,0)
TwoParticleGF(1032): 24 parts will be calculated
TwoParticleGF(1032): 24 parts will be calculated
TwoParticleGF(1032): 24 parts will be calculated
TwoParticleGF(1032): 24 parts will be calculated
TwoParticleGF(1032): 24 parts will be calculated
TwoParticleGF(1032): 24 parts will be calculated
TwoParticleGF(1032): 24 parts will be calculated
TwoParticleGF(1032): 24 parts will be calculated
TwoParticleGF(1032): 24 parts will be calculated
TwoParticleGF(1032): 24 parts will be calculated
TwoParticleGF(1032): 24 parts will be calculated
TwoParticleGF(1032): 24 parts will be calculated
TwoParticleGF(1032): 24 parts will be calculated
TwoParticleGF(1032): 24 parts will be calculated
TwoParticleGF(1032): 24 parts will be calculated
[2/24] P23 : part 1 [1] run;
Total 8+8=16 terms
[16/24] P9 : part 15 [1] run;
Total 32+32=64 terms
[15/24] P10 : part 14 [1] run;
Total 32+32=64 terms
[21/24] P4 : part 20 [1] run;
Total 32+32=64 terms
[9/24] P16 : part 8 [1] run;
Total 128+128=256 terms
[23/24] P2 : part 22 [1] run;
Total 32+32=64 terms
[19/24] P6 : part 18 [1] run;
Total 32+32=64 terms
[11/24] P14 : part 10 [1] run;
Total 32+32=64 terms
[8/24] P17 : part 7 [1] run;
Total 32+32=64 terms
Calculating 24 jobs using 90 procs.
[13/24] P0 : part 12 [1] run;
Total 32+32=64 terms
[24/24] P1 : part 23 [1] run;
Total 32+32=64 terms
[7/24] P18 : part 6 [1] run;
Total 32+32=64 terms
[1/24] P12 : part 0 [1] run;
Total 32+32=64 terms
[17/24] P8 : part 16 [1] run;
Total 128+128=256 terms
[18/24] P7 : part 17 [1] run;
Total 32+32=64 terms
[5/24] P20 : part 4 [1] run;
Total 32+32=64 terms
[10/24] P15 : part 9 [1] run;
Total 128+128=256 terms
[3/24] P22 : part 2 [1] run;
Total 32+32=64 terms
[12/24] P13 : part 11 [1] run;
Total 32+32=64 terms
[14/24] P11 : part 13 [1] run;
[6/24] P19 : part 5 [1] run;
Total 8+8=16 terms
[20/24] P5 : part 19 [1] run;
Total 8+8=16 terms
[22/24] P3 : part 21 [1] run;
Total 8+8=16 terms
[4/24] P21 : part 3 [1] run;
Total 32+32=64 terms
Total 128+128=256 terms
done.
TwoParticleGF(1232): 24 parts will be calculated
TwoParticleGF(1232): 24 parts will be calculated
TwoParticleGF(1232): 24 parts will be calculated
TwoParticleGF(1232): 24 parts will be calculated
TwoParticleGF(1232): 24 parts will be calculated
TwoParticleGF(1232): 24 parts will be calculated
TwoParticleGF(1232): 24 parts will be calculated
TwoParticleGF(1232): 24 parts will be calculated
TwoParticleGF(1232): 24 parts will be calculated
TwoParticleGF(1232): 24 parts will be calculated
TwoParticleGF(1232): 24 parts will be calculated
TwoParticleGF(1232): 24 parts will be calculated
TwoParticleGF(1232): 24 parts will be calculated
TwoParticleGF(1232): 24 parts will be calculated
TwoParticleGF(1232): 24 parts will be calculated
TwoParticleGF(1232): 24 parts will be calculated
TwoParticleGF(1232): 24 parts will be calculated
TwoParticleGF(1232): 24 parts will be calculated
TwoParticleGF(1232): 24 parts will be calculated
TwoParticleGF(1232): 24 parts will be calculated
TwoParticleGF(1232): 24 parts will be calculated
TwoParticleGF(1232): 24 parts will be calculated
TwoParticleGF(1232): 24 parts will be calculated
TwoParticleGF(1232): 24 parts will be calculated
TwoParticleGF(1232): 24 parts will be calculated
TwoParticleGF(1232): 24 parts will be calculated
TwoParticleGF(1232): 24 parts will be calculated
TwoParticleGF(1232): 24 parts will be calculated
TwoParticleGF(1232): 24 parts will be calculated
TwoParticleGF(1232): 24 parts will be calculated
TwoParticleGF(1232): 24 parts will be calculated
TwoParticleGF(1232): 24 parts will be calculated
TwoParticleGF(1232): 24 parts will be calculated
TwoParticleGF(1232): 24 parts will be calculated
TwoParticleGF(1232): 24 parts will be calculated
TwoParticleGF(1232): 24 parts will be calculated
TwoParticleGF(1232): 24 parts will be calculated
TwoParticleGF(1232): 24 parts will be calculated
TwoParticleGF(1232): 24 parts will be calculated
TwoParticleGF(1232): 24 parts will be calculated
TwoParticleGF(1232): 24 parts will be calculated
TwoParticleGF(1232): 24 parts will be calculated
TwoParticleGF(1232): 24 parts will be calculated
TwoParticleGF(1232): 24 parts will be calculated
TwoParticleGF(1232): 24 parts will be calculated
TwoParticleGF(1232): 24 parts will be calculated
TwoParticleGF(1232): 24 parts will be calculated
TwoParticleGF(1232): 24 parts will be calculated
TwoParticleGF(1232): 24 parts will be calculated
TwoParticleGF(1232): 24 parts will be calculated
TwoParticleGF(1232): 24 parts will be calculated
TwoParticleGF(1232): 24 parts will be calculated
TwoParticleGF(1232): 24 parts will be calculated
TwoParticleGF(1232): 24 parts will be calculated
TwoParticleGF(1232): 24 parts will be calculated
TwoParticleGF(1232): 24 parts will be calculated
TwoParticleGF(1232): 24 parts will be calculated
TwoParticleGF(1232): 24 parts will be calculated
TwoParticleGF(1232): 24 parts will be calculated
TwoParticleGF(1232): 24 parts will be calculated
TwoParticleGF(1232): 24 parts will be calculated
TwoParticleGF(1232): 24 parts will be calculated
TwoParticleGF(1232): 24 parts will be calculated
TwoParticleGF(1232): 24 parts will be calculated
TwoParticleGF(1232): 24 parts will be calculated
TwoParticleGF(1232): 24 parts will be calculated
TwoParticleGF(1232): 24 parts will be calculated
TwoParticleGF(1232): 24 parts will be calculated
TwoParticleGF(1232): 24 parts will be calculated
TwoParticleGF(1232): 24 parts will be calculated
TwoParticleGF(1232): 24 parts will be calculated
TwoParticleGF(1232): 24 parts will be calculated
TwoParticleGF(1232): 24 parts will be calculated
TwoParticleGF(1232): 24 parts will be calculated
TwoParticleGF(1232): 24 parts will be calculated
TwoParticleGF(1232): 24 parts will be calculated
TwoParticleGF(1232): 24 parts will be calculated
TwoParticleGF(1232): 24 parts will be calculated
TwoParticleGF(1232): 24 parts will be calculated
TwoParticleGF(1232): 24 parts will be calculated
compute_g2: Filling G^2 element (up,1)(up,0)(dn,1)(dn,1)
TwoParticleGF(1232): 24 parts will be calculated
Calculating 24 jobs using 90 procs.
TwoParticleGF(1232): 24 parts will be calculated
TwoParticleGF(1232): 24 parts will be calculated
TwoParticleGF(1232): 24 parts will be calculated
TwoParticleGF(1232): 24 parts will be calculated
TwoParticleGF(1232): 24 parts will be calculated
TwoParticleGF(1232): 24 parts will be calculated
TwoParticleGF(1232): 24 parts will be calculated
TwoParticleGF(1232): 24 parts will be calculated
TwoParticleGF(1232): 24 parts will be calculated
[13/24] P0 : part 12 [1] run;
Total 32+32=64 terms
[4/24] P21 : part 3 [1] run;
Total 32+32=64 terms
[2/24] P23 : part 1 [1] run;
Total 8+8=16 terms
[16/24] P9 : part 15 [1] run;
Total 32+32=64 terms
[15/24] P10 : part 14 [1] run;
Total 32+32=64 terms
[21/24] P4 : part 20 [1] run;
Total 32+32=64 terms
[9/24] P16 : part 8 [1] run;
Total 128+128=256 terms
[20/24] P5 : part 19 [1] run;
Total 8+8=16 terms
[23/24] P2 : part 22 [1] run;
Total 32+32=64 terms
[22/24] P3 : part 21 [1] run;
Total 8+8=16 terms
[6/24] P19 : part 5 [1] run;
Total 8+8=16 terms
[19/24] P6 : part 18 [1] run;
Total 32+32=64 terms
[11/24] P14 : part 10 [1] run;
Total 32+32=64 terms
[5/24] P20 : part 4 [1] run;
Total 32+32=64 terms
[8/24] P17 : part 7 [1] run;
Total 32+32=64 terms
[14/24] P11 : part 13 [1] run;
Total 128+128=256 terms
[3/24] P22 : part 2 [1] run;
Total 32+32=64 terms
[24/24] P1 : part 23 [1] run;
Total 32+32=64 terms
[7/24] P18 : part 6 [1] run;
Total 32+32=64 terms
[1/24] P12 : part 0 [1] run;
Total 32+32=64 terms
[17/24] P8 : part 16 [1] run;
Total 128+128=256 terms
[12/24] P13 : part 11 [1] run;
Total 32+32=64 terms
[18/24] P7 : part 17 [1] run;
Total 32+32=64 terms
[10/24] P15 : part 9 [1] run;
Total 128+128=256 terms
done.
TwoParticleGF(3030): 24 parts will be calculated
TwoParticleGF(3030): 24 parts will be calculated
TwoParticleGF(3030): 24 parts will be calculated
TwoParticleGF(3030): 24 parts will be calculated
TwoParticleGF(3030): 24 parts will be calculated
TwoParticleGF(3030): 24 parts will be calculated
TwoParticleGF(3030): 24 parts will be calculated
TwoParticleGF(3030): 24 parts will be calculated
TwoParticleGF(3030): 24 parts will be calculated
TwoParticleGF(3030): 24 parts will be calculated
TwoParticleGF(3030): 24 parts will be calculated
TwoParticleGF(3030): 24 parts will be calculated
TwoParticleGF(3030): 24 parts will be calculated
TwoParticleGF(3030): 24 parts will be calculated
TwoParticleGF(3030): 24 parts will be calculated
TwoParticleGF(3030): 24 parts will be calculated
TwoParticleGF(3030): 24 parts will be calculated
TwoParticleGF(3030): 24 parts will be calculated
TwoParticleGF(3030): 24 parts will be calculated
TwoParticleGF(3030): 24 parts will be calculated
TwoParticleGF(3030): 24 parts will be calculated
TwoParticleGF(3030): 24 parts will be calculated
TwoParticleGF(3030): 24 parts will be calculated
TwoParticleGF(3030): 24 parts will be calculated
TwoParticleGF(3030): 24 parts will be calculated
TwoParticleGF(3030): 24 parts will be calculated
TwoParticleGF(3030): 24 parts will be calculated
TwoParticleGF(3030): 24 parts will be calculated
TwoParticleGF(3030): 24 parts will be calculated
TwoParticleGF(3030): 24 parts will be calculated
TwoParticleGF(3030): 24 parts will be calculated
TwoParticleGF(3030): 24 parts will be calculated
TwoParticleGF(3030): 24 parts will be calculated
TwoParticleGF(3030): 24 parts will be calculated
TwoParticleGF(3030): 24 parts will be calculated
TwoParticleGF(3030): 24 parts will be calculated
TwoParticleGF(3030): 24 parts will be calculated
TwoParticleGF(3030): 24 parts will be calculated
TwoParticleGF(3030): 24 parts will be calculated
TwoParticleGF(3030): 24 parts will be calculated
TwoParticleGF(3030): 24 parts will be calculated
TwoParticleGF(3030): 24 parts will be calculated
TwoParticleGF(3030): 24 parts will be calculated
TwoParticleGF(3030): 24 parts will be calculated
TwoParticleGF(3030): 24 parts will be calculated
TwoParticleGF(3030): 24 parts will be calculated
TwoParticleGF(3030): 24 parts will be calculated
TwoParticleGF(3030): 24 parts will be calculated
TwoParticleGF(3030): 24 parts will be calculated
TwoParticleGF(3030): 24 parts will be calculated
TwoParticleGF(3030): 24 parts will be calculated
TwoParticleGF(3030): 24 parts will be calculated
TwoParticleGF(3030): 24 parts will be calculated
TwoParticleGF(3030): 24 parts will be calculated
TwoParticleGF(3030): 24 parts will be calculated
TwoParticleGF(3030): 24 parts will be calculated
TwoParticleGF(3030): 24 parts will be calculated
TwoParticleGF(3030): 24 parts will be calculated
TwoParticleGF(3030): 24 parts will be calculated
TwoParticleGF(3030): 24 parts will be calculated
TwoParticleGF(3030): 24 parts will be calculated
TwoParticleGF(3030): 24 parts will be calculated
TwoParticleGF(3030): 24 parts will be calculated
TwoParticleGF(3030): 24 parts will be calculated
TwoParticleGF(3030): 24 parts will be calculated
TwoParticleGF(3030): 24 parts will be calculated
TwoParticleGF(3030): 24 parts will be calculated
TwoParticleGF(3030): 24 parts will be calculated
TwoParticleGF(3030): 24 parts will be calculated
TwoParticleGF(3030): 24 parts will be calculated
TwoParticleGF(3030): 24 parts will be calculated
TwoParticleGF(3030): 24 parts will be calculated
TwoParticleGF(3030): 24 parts will be calculated
TwoParticleGF(3030): 24 parts will be calculated
TwoParticleGF(3030): 24 parts will be calculated
TwoParticleGF(3030): 24 parts will be calculated
TwoParticleGF(3030): 24 parts will be calculated
TwoParticleGF(3030): 24 parts will be calculated
TwoParticleGF(3030): 24 parts will be calculated
TwoParticleGF(3030): 24 parts will be calculated
TwoParticleGF(3030): 24 parts will be calculated
TwoParticleGF(3030): 24 parts will be calculated
TwoParticleGF(3030): 24 parts will be calculated
TwoParticleGF(3030): 24 parts will be calculated
TwoParticleGF(3030): 24 parts will be calculated
TwoParticleGF(3030): 24 parts will be calculated
compute_g2: Filling G^2 element (up,1)(up,1)(dn,0)(dn,0)
TwoParticleGF(3030): 24 parts will be calculated
TwoParticleGF(3030): 24 parts will be calculated
TwoParticleGF(3030): 24 parts will be calculated
TwoParticleGF(3030): 24 parts will be calculated
Calculating 24 jobs using 90 procs.
[1/24] P12 : part 0 [1] run;
Total 32+32=64 terms
[17/24] P8 : part 16 [1] run;
Total 128+128=256 terms
[12/24] P13 : part 11 [1] run;
Total 32+32=64 terms
[6/24] P19 : part 5 [1] run;
Total 8+8=16 terms
[18/24] P7 : part 17 [1] run;
Total 32+32=64 terms
[11/24] P14 : part 10 [1] run;
Total 32+32=64 terms
[10/24] P15 : part 9 [1] run;
Total 128+128=256 terms
[4/24] P21 : part 3 [1] run;
[2/24] P23 : part 1 [1] run;
Total 8+8=16 terms
[16/24] P9 : part 15 [1] run;
Total 32+32=64 terms
[15/24] P10 : part 14 [1] run;
Total 32+32=64 terms
[21/24] P4 : part 20 [1] run;
Total 32+32=64 terms
[9/24] P16 : part 8 [1] run;
Total 128+128=256 terms
[20/24] P5 : part 19 [1] run;
Total 8+8=16 terms
[23/24] P2 : part 22 [1] run;
Total 32+32=64 terms
[22/24] P3 : part 21 [1] run;
Total 8+8=16 terms
[19/24] P6 : part 18 [1] run;
Total 32+32=64 terms
[13/24] P0 : part 12 [1] run;
Total 32+32=64 terms
[5/24] P20 : part 4 [1] run;
Total 32+32=64 terms
[8/24] P17 : part 7 [1] run;
Total 32+32=64 terms
[14/24] P11 : part 13 [1] run;
Total 128+128=256 terms
[3/24] P22 : part 2 [1] run;
Total 32+32=64 terms
[24/24] P1 : part 23 [1] run;
Total 32+32=64 terms
[7/24] P18 : part 6 [1] run;
Total 32+32=64 terms
Total 32+32=64 terms
done.
TwoParticleGF(3230): 24 parts will be calculated
TwoParticleGF(3230): 24 parts will be calculated
TwoParticleGF(3230): 24 parts will be calculated
TwoParticleGF(3230): 24 parts will be calculated
TwoParticleGF(3230): 24 parts will be calculated
TwoParticleGF(3230): 24 parts will be calculated
TwoParticleGF(3230): 24 parts will be calculated
TwoParticleGF(3230): 24 parts will be calculated
TwoParticleGF(3230): 24 parts will be calculated
TwoParticleGF(3230): 24 parts will be calculated
TwoParticleGF(3230): 24 parts will be calculated
TwoParticleGF(3230): 24 parts will be calculated
TwoParticleGF(3230): 24 parts will be calculated
TwoParticleGF(3230): 24 parts will be calculated
TwoParticleGF(3230): 24 parts will be calculated
TwoParticleGF(3230): 24 parts will be calculated
TwoParticleGF(3230): 24 parts will be calculated
TwoParticleGF(3230): 24 parts will be calculated
TwoParticleGF(3230): 24 parts will be calculated
TwoParticleGF(3230): 24 parts will be calculated
TwoParticleGF(3230): 24 parts will be calculated
TwoParticleGF(3230): 24 parts will be calculated
TwoParticleGF(3230): 24 parts will be calculated
TwoParticleGF(3230): 24 parts will be calculated
TwoParticleGF(3230): 24 parts will be calculated
TwoParticleGF(3230): 24 parts will be calculated
TwoParticleGF(3230): 24 parts will be calculated
TwoParticleGF(3230): 24 parts will be calculated
TwoParticleGF(3230): 24 parts will be calculated
TwoParticleGF(3230): 24 parts will be calculated
TwoParticleGF(3230): 24 parts will be calculated
TwoParticleGF(3230): 24 parts will be calculated
TwoParticleGF(3230): 24 parts will be calculated
TwoParticleGF(3230): 24 parts will be calculated
TwoParticleGF(3230): 24 parts will be calculated
TwoParticleGF(3230): 24 parts will be calculated
TwoParticleGF(3230): 24 parts will be calculated
TwoParticleGF(3230): 24 parts will be calculated
TwoParticleGF(3230): 24 parts will be calculated
TwoParticleGF(3230): 24 parts will be calculated
TwoParticleGF(3230): 24 parts will be calculated
TwoParticleGF(3230): 24 parts will be calculated
TwoParticleGF(3230): 24 parts will be calculated
TwoParticleGF(3230): 24 parts will be calculated
TwoParticleGF(3230): 24 parts will be calculated
TwoParticleGF(3230): 24 parts will be calculated
TwoParticleGF(3230): 24 parts will be calculated
TwoParticleGF(3230): 24 parts will be calculated
TwoParticleGF(3230): 24 parts will be calculated
TwoParticleGF(3230): 24 parts will be calculated
TwoParticleGF(3230): 24 parts will be calculated
TwoParticleGF(3230): 24 parts will be calculated
TwoParticleGF(3230): 24 parts will be calculated
TwoParticleGF(3230): 24 parts will be calculated
TwoParticleGF(3230): 24 parts will be calculated
TwoParticleGF(3230): 24 parts will be calculated
TwoParticleGF(3230): 24 parts will be calculated
TwoParticleGF(3230): 24 parts will be calculated
TwoParticleGF(3230): 24 parts will be calculated
TwoParticleGF(3230): 24 parts will be calculated
TwoParticleGF(3230): 24 parts will be calculated
TwoParticleGF(3230): 24 parts will be calculated
TwoParticleGF(3230): 24 parts will be calculated
TwoParticleGF(3230): 24 parts will be calculated
TwoParticleGF(3230): 24 parts will be calculated
TwoParticleGF(3230): 24 parts will be calculated
TwoParticleGF(3230): 24 parts will be calculated
TwoParticleGF(3230): 24 parts will be calculated
TwoParticleGF(3230): 24 parts will be calculated
TwoParticleGF(3230): 24 parts will be calculated
TwoParticleGF(3230): 24 parts will be calculated
TwoParticleGF(3230): 24 parts will be calculated
TwoParticleGF(3230): 24 parts will be calculated
TwoParticleGF(3230): 24 parts will be calculated
TwoParticleGF(3230): 24 parts will be calculated
TwoParticleGF(3230): 24 parts will be calculated
TwoParticleGF(3230): 24 parts will be calculated
TwoParticleGF(3230): 24 parts will be calculated
TwoParticleGF(3230): 24 parts will be calculated
TwoParticleGF(3230): 24 parts will be calculated
compute_g2: Filling G^2 element (up,1)(up,1)(dn,0)(dn,1)
TwoParticleGF(3230): 24 parts will be calculated
TwoParticleGF(3230): 24 parts will be calculated
TwoParticleGF(3230): 24 parts will be calculated
TwoParticleGF(3230): 24 parts will be calculated
TwoParticleGF(3230): 24 parts will be calculated
TwoParticleGF(3230): 24 parts will be calculated
TwoParticleGF(3230): 24 parts will be calculated
TwoParticleGF(3230): 24 parts will be calculated
TwoParticleGF(3230): 24 parts will be calculated
Calculating 24 jobs using 90 procs.
TwoParticleGF(3230): 24 parts will be calculated
[24/24] P1 : part 23 [1] run;
Total 32+32=64 terms
[19/24] P6 : part 18 [1] run;
Total 32+32=64 terms
[1/24] P12 : part 0 [1] run;
Total 32+32=64 terms
[17/24] P8 : part 16 [1] run;
Total 128+128=256 terms
[15/24] P10 : part 14 [1] run;
Total 32+32=64 terms
[12/24] P13 : part 11 [1] run;
Total 32+32=64 terms
[18/24] P7 : part 17 [1] run;
Total 32+32=64 terms
[6/24] P19 : part 5 [1] run;
Total 8+8=16 terms
[11/24] P14 : part 10 [1] run;
Total 32+32=64 terms
[10/24] P15 : part 9 [1] run;
Total 128+128=256 terms
[13/24] P0 : part 12 [1] run;
Total 32+32=64 terms
[16/24] P9 : part 15 [1] run;
Total 32+32=64 terms
[2/24] P23 : part 1 [1] run;
Total 8+8=16 terms
[21/24] P4 : part 20 [1] run;
Total 32+32=64 terms
[9/24] P16 : part 8 [1] run;
Total 128+128=256 terms
[20/24] P5 : part 19 [1] run;
Total 8+8=16 terms
[23/24] P2 : part 22 [1] run;
Total 32+32=64 terms
[7/24] P18 : part 6 [1] run;
Total 32+32=64 terms
[4/24] P21 : part 3 [1] run;
Total 32+32=64 terms
[5/24] P20 : part 4 [1] run;
Total 32+32=64 terms
[8/24] P17 : part 7 [1] run;
Total 32+32=64 terms
[14/24] P11 : part 13 [1] run;
Total 128+128=256 terms
[3/24] P22 : part 2 [1] run;
Total 32+32=64 terms
[22/24] P3 : part 21 [1] run;
Total 8+8=16 terms
done.
TwoParticleGF(3032): 24 parts will be calculated
TwoParticleGF(3032): 24 parts will be calculated
TwoParticleGF(3032): 24 parts will be calculated
TwoParticleGF(3032): 24 parts will be calculated
TwoParticleGF(3032): 24 parts will be calculated
TwoParticleGF(3032): 24 parts will be calculated
TwoParticleGF(3032): 24 parts will be calculated
TwoParticleGF(3032): 24 parts will be calculated
TwoParticleGF(3032): 24 parts will be calculated
TwoParticleGF(3032): 24 parts will be calculated
TwoParticleGF(3032): 24 parts will be calculated
TwoParticleGF(3032): 24 parts will be calculated
TwoParticleGF(3032): 24 parts will be calculated
TwoParticleGF(3032): 24 parts will be calculated
TwoParticleGF(3032): 24 parts will be calculated
TwoParticleGF(3032): 24 parts will be calculated
TwoParticleGF(3032): 24 parts will be calculated
TwoParticleGF(3032): 24 parts will be calculated
TwoParticleGF(3032): 24 parts will be calculated
TwoParticleGF(3032): 24 parts will be calculated
TwoParticleGF(3032): 24 parts will be calculated
TwoParticleGF(3032): 24 parts will be calculated
TwoParticleGF(3032): 24 parts will be calculated
TwoParticleGF(3032): 24 parts will be calculated
TwoParticleGF(3032): 24 parts will be calculated
TwoParticleGF(3032): 24 parts will be calculated
TwoParticleGF(3032): 24 parts will be calculated
TwoParticleGF(3032): 24 parts will be calculated
TwoParticleGF(3032): 24 parts will be calculated
TwoParticleGF(3032): 24 parts will be calculated
TwoParticleGF(3032): 24 parts will be calculated
TwoParticleGF(3032): 24 parts will be calculated
TwoParticleGF(3032): 24 parts will be calculated
TwoParticleGF(3032): 24 parts will be calculated
TwoParticleGF(3032): 24 parts will be calculated
TwoParticleGF(3032): 24 parts will be calculated
TwoParticleGF(3032): 24 parts will be calculated
TwoParticleGF(3032): 24 parts will be calculated
TwoParticleGF(3032): 24 parts will be calculated
TwoParticleGF(3032): 24 parts will be calculated
TwoParticleGF(3032): 24 parts will be calculated
TwoParticleGF(3032): 24 parts will be calculated
TwoParticleGF(3032): 24 parts will be calculated
TwoParticleGF(3032): 24 parts will be calculated
TwoParticleGF(3032): 24 parts will be calculated
TwoParticleGF(3032): 24 parts will be calculated
TwoParticleGF(3032): 24 parts will be calculated
TwoParticleGF(3032): 24 parts will be calculated
TwoParticleGF(3032): 24 parts will be calculated
TwoParticleGF(3032): 24 parts will be calculated
TwoParticleGF(3032): 24 parts will be calculated
TwoParticleGF(3032): 24 parts will be calculated
TwoParticleGF(3032): 24 parts will be calculated
TwoParticleGF(3032): 24 parts will be calculated
TwoParticleGF(3032): 24 parts will be calculated
TwoParticleGF(3032): 24 parts will be calculated
TwoParticleGF(3032): 24 parts will be calculated
TwoParticleGF(3032): 24 parts will be calculated
TwoParticleGF(3032): 24 parts will be calculated
TwoParticleGF(3032): 24 parts will be calculated
TwoParticleGF(3032): 24 parts will be calculated
TwoParticleGF(3032): 24 parts will be calculated
TwoParticleGF(3032): 24 parts will be calculated
TwoParticleGF(3032): 24 parts will be calculated
TwoParticleGF(3032): 24 parts will be calculated
TwoParticleGF(3032): 24 parts will be calculated
TwoParticleGF(3032): 24 parts will be calculated
TwoParticleGF(3032): 24 parts will be calculated
TwoParticleGF(3032): 24 parts will be calculated
TwoParticleGF(3032): 24 parts will be calculated
TwoParticleGF(3032): 24 parts will be calculated
TwoParticleGF(3032): 24 parts will be calculated
TwoParticleGF(3032): 24 parts will be calculated
TwoParticleGF(3032): 24 parts will be calculated
TwoParticleGF(3032): 24 parts will be calculated
TwoParticleGF(3032): 24 parts will be calculated
TwoParticleGF(3032): 24 parts will be calculated
compute_g2: Filling G^2 element (up,1)(up,1)(dn,1)(dn,0)
TwoParticleGF(3032): 24 parts will be calculated
TwoParticleGF(3032): 24 parts will be calculated
TwoParticleGF(3032): 24 parts will be calculated
TwoParticleGF(3032): 24 parts will be calculated
TwoParticleGF(3032): 24 parts will be calculated
TwoParticleGF(3032): 24 parts will be calculated
TwoParticleGF(3032): 24 parts will be calculated
TwoParticleGF(3032): 24 parts will be calculated
TwoParticleGF(3032): 24 parts will be calculated
TwoParticleGF(3032): 24 parts will be calculated
TwoParticleGF(3032): 24 parts will be calculated
TwoParticleGF(3032): 24 parts will be calculated
TwoParticleGF(3032): 24 parts will be calculated
[3/24] P22 : part 2 [1] run;
Total 32+32=64 terms
[7/24] P18 : part 6 [1] run;
Total 32+32=64 terms
[4/24] P21 : part 3 [1] run;
[5/24] P20 : part 4 [1] run;
Total 32+32=64 terms
[8/24] P17 : part 7 [1] run;
Total 32+32=64 terms
[14/24] P11 : part 13 [1] run;
Total 128+128=256 terms
[23/24] P2 : part 22 [1] run;
Total 32+32=64 terms
[24/24] P1 : part 23 [1] run;
Total 32+32=64 terms
[19/24] P6 : part 18 [1] run;
Total 32+32=64 terms
[1/24] P12 : part 0 [1] run;
Total 32+32=64 terms
[17/24] P8 : part 16 [1] run;
Total 128+128=256 terms
[15/24] P10 : part 14 [1] run;
Total 32+32=64 terms
[12/24] P13 : part 11 [1] run;
Total 32+32=64 terms
Calculating 24 jobs using 90 procs.
[13/24] P0 : part 12 [1] run;
Total 32+32=64 terms
[18/24] P7 : part 17 [1] run;
Total 32+32=64 terms
[6/24] P19 : part 5 [1] run;
Total 8+8=16 terms
[11/24] P14 : part 10 [1] run;
Total 32+32=64 terms
[10/24] P15 : part 9 [1] run;
Total 128+128=256 terms
[22/24] P3 : part 21 [1] run;
Total 8+8=16 terms
[2/24] P23 : part 1 [1] run;
Total 8+8=16 terms
[21/24] P4 : part 20 [1] run;
Total 32+32=64 terms
[9/24] P16 : part 8 [1] run;
Total 128+128=256 terms
[20/24] P5 : part 19 [1] run;
Total 8+8=16 terms
[16/24] P9 : part 15 [1] run;
Total 32+32=64 terms
Total 32+32=64 terms
done.
TwoParticleGF(3232): 24 parts will be calculated
TwoParticleGF(3232): 24 parts will be calculated
TwoParticleGF(3232): 24 parts will be calculated
TwoParticleGF(3232): 24 parts will be calculated
TwoParticleGF(3232): 24 parts will be calculated
TwoParticleGF(3232): 24 parts will be calculated
TwoParticleGF(3232): 24 parts will be calculated
TwoParticleGF(3232): 24 parts will be calculated
TwoParticleGF(3232): 24 parts will be calculated
TwoParticleGF(3232): 24 parts will be calculated
TwoParticleGF(3232): 24 parts will be calculated
TwoParticleGF(3232): 24 parts will be calculated
TwoParticleGF(3232): 24 parts will be calculated
TwoParticleGF(3232): 24 parts will be calculated
TwoParticleGF(3232): 24 parts will be calculated
TwoParticleGF(3232): 24 parts will be calculated
TwoParticleGF(3232): 24 parts will be calculated
TwoParticleGF(3232): 24 parts will be calculated
TwoParticleGF(3232): 24 parts will be calculated
TwoParticleGF(3232): 24 parts will be calculated
TwoParticleGF(3232): 24 parts will be calculated
TwoParticleGF(3232): 24 parts will be calculated
TwoParticleGF(3232): 24 parts will be calculated
TwoParticleGF(3232): 24 parts will be calculated
TwoParticleGF(3232): 24 parts will be calculated
TwoParticleGF(3232): 24 parts will be calculated
TwoParticleGF(3232): 24 parts will be calculated
TwoParticleGF(3232): 24 parts will be calculated
TwoParticleGF(3232): 24 parts will be calculated
TwoParticleGF(3232): 24 parts will be calculated
TwoParticleGF(3232): 24 parts will be calculated
TwoParticleGF(3232): 24 parts will be calculated
TwoParticleGF(3232): 24 parts will be calculated
TwoParticleGF(3232): 24 parts will be calculated
TwoParticleGF(3232): 24 parts will be calculated
TwoParticleGF(3232): 24 parts will be calculated
TwoParticleGF(3232): 24 parts will be calculated
TwoParticleGF(3232): 24 parts will be calculated
TwoParticleGF(3232): 24 parts will be calculated
TwoParticleGF(3232): 24 parts will be calculated
TwoParticleGF(3232): 24 parts will be calculated
TwoParticleGF(3232): 24 parts will be calculated
TwoParticleGF(3232): 24 parts will be calculated
TwoParticleGF(3232): 24 parts will be calculated
TwoParticleGF(3232): 24 parts will be calculated
TwoParticleGF(3232): 24 parts will be calculated
TwoParticleGF(3232): 24 parts will be calculated
TwoParticleGF(3232): 24 parts will be calculated
TwoParticleGF(3232): 24 parts will be calculated
TwoParticleGF(3232): 24 parts will be calculated
TwoParticleGF(3232): 24 parts will be calculated
TwoParticleGF(3232): 24 parts will be calculated
TwoParticleGF(3232): 24 parts will be calculated
TwoParticleGF(3232): 24 parts will be calculated
TwoParticleGF(3232): 24 parts will be calculated
TwoParticleGF(3232): 24 parts will be calculated
TwoParticleGF(3232): 24 parts will be calculated
TwoParticleGF(3232): 24 parts will be calculated
TwoParticleGF(3232): 24 parts will be calculated
TwoParticleGF(3232): 24 parts will be calculated
TwoParticleGF(3232): 24 parts will be calculated
TwoParticleGF(3232): 24 parts will be calculated
TwoParticleGF(3232): 24 parts will be calculated
TwoParticleGF(3232): 24 parts will be calculated
TwoParticleGF(3232): 24 parts will be calculated
TwoParticleGF(3232): 24 parts will be calculated
TwoParticleGF(3232): 24 parts will be calculated
TwoParticleGF(3232): 24 parts will be calculated
TwoParticleGF(3232): 24 parts will be calculated
TwoParticleGF(3232): 24 parts will be calculated
TwoParticleGF(3232): 24 parts will be calculated
TwoParticleGF(3232): 24 parts will be calculated
TwoParticleGF(3232): 24 parts will be calculated
TwoParticleGF(3232): 24 parts will be calculated
TwoParticleGF(3232): 24 parts will be calculated
TwoParticleGF(3232): 24 parts will be calculated
TwoParticleGF(3232): 24 parts will be calculated
TwoParticleGF(3232): 24 parts will be calculated
TwoParticleGF(3232): 24 parts will be calculated
TwoParticleGF(3232): 24 parts will be calculated
TwoParticleGF(3232): 24 parts will be calculated
TwoParticleGF(3232): 24 parts will be calculated
compute_g2: Filling G^2 element (up,1)(up,1)(dn,1)(dn,1)
TwoParticleGF(3232): 24 parts will be calculated
Calculating 24 jobs using 90 procs.
TwoParticleGF(3232): 24 parts will be calculated
TwoParticleGF(3232): 24 parts will be calculated
TwoParticleGF(3232): 24 parts will be calculated
TwoParticleGF(3232): 24 parts will be calculated
TwoParticleGF(3232): 24 parts will be calculated
TwoParticleGF(3232): 24 parts will be calculated
TwoParticleGF(3232): 24 parts will be calculated
[10/24] P15 : part 9 [1] run;
Total 128+128=256 terms
[22/24] P3 : part 21 [1] run;
Total 8+8=16 terms
[2/24] P23 : part 1 [1] run;
Total 8+8=16 terms
[21/24] P4 : part 20 [1] run;
[9/24] P16 : part 8 [1] run;
Total 128+128=256 terms
[20/24] P5 : part 19 [1] run;
Total 8+8=16 terms
[3/24] P22 : part 2 [1] run;
Total 32+32=64 terms
[7/24] P18 : part 6 [1] run;
Total 32+32=64 terms
[16/24] P9 : part 15 [1] run;
Total 32+32=64 terms
[5/24] P20 : part 4 [1] run;
Total 32+32=64 terms
[8/24] P17 : part 7 [1] run;
Total 32+32=64 terms
[14/24] P11 : part 13 [1] run;
Total 128+128=256 terms
[23/24] P2 : part 22 [1] run;
Total 32+32=64 terms
[24/24] P1 : part 23 [1] run;
Total 32+32=64 terms
[19/24] P6 : part 18 [1] run;
Total 32+32=64 terms
[13/24] P0 : part 12 [1] run;
Total 32+32=64 terms
[1/24] P12 : part 0 [1] run;
Total 32+32=64 terms
[17/24] P8 : part 16 [1] run;
Total 128+128=256 terms
[12/24] P13 : part 11 [1] run;
Total 32+32=64 terms
[4/24] P21 : part 3 [1] run;
Total 32+32=64 terms
[18/24] P7 : part 17 [1] run;
Total 32+32=64 terms
[15/24] P10 : part 14 [1] run;
Total 32+32=64 terms
[6/24] P19 : part 5 [1] run;
Total 8+8=16 terms
[11/24] P14 : part 10 [1] run;
Total 32+32=64 terms
Total 32+32=64 terms
done.
TwoParticleGF(0101): 24 parts will be calculated
TwoParticleGF(0101): 24 parts will be calculated
TwoParticleGF(0101): 24 parts will be calculated
TwoParticleGF(0101): 24 parts will be calculated
TwoParticleGF(0101): 24 parts will be calculated
TwoParticleGF(0101): 24 parts will be calculated
TwoParticleGF(0101): 24 parts will be calculated
TwoParticleGF(0101): 24 parts will be calculated
TwoParticleGF(0101): 24 parts will be calculated
TwoParticleGF(0101): 24 parts will be calculated
TwoParticleGF(0101): 24 parts will be calculated
TwoParticleGF(0101): 24 parts will be calculated
TwoParticleGF(0101): 24 parts will be calculated
TwoParticleGF(0101): 24 parts will be calculated
TwoParticleGF(0101): 24 parts will be calculated
TwoParticleGF(0101): 24 parts will be calculated
TwoParticleGF(0101): 24 parts will be calculated
TwoParticleGF(0101): 24 parts will be calculated
TwoParticleGF(0101): 24 parts will be calculated
TwoParticleGF(0101): 24 parts will be calculated
TwoParticleGF(0101): 24 parts will be calculated
TwoParticleGF(0101): 24 parts will be calculated
TwoParticleGF(0101): 24 parts will be calculated
TwoParticleGF(0101): 24 parts will be calculated
TwoParticleGF(0101): 24 parts will be calculated
TwoParticleGF(0101): 24 parts will be calculated
TwoParticleGF(0101): 24 parts will be calculated
TwoParticleGF(0101): 24 parts will be calculated
TwoParticleGF(0101): 24 parts will be calculated
TwoParticleGF(0101): 24 parts will be calculated
TwoParticleGF(0101): 24 parts will be calculated
TwoParticleGF(0101): 24 parts will be calculated
TwoParticleGF(0101): 24 parts will be calculated
TwoParticleGF(0101): 24 parts will be calculated
TwoParticleGF(0101): 24 parts will be calculated
TwoParticleGF(0101): 24 parts will be calculated
TwoParticleGF(0101): 24 parts will be calculated
TwoParticleGF(0101): 24 parts will be calculated
TwoParticleGF(0101): 24 parts will be calculated
TwoParticleGF(0101): 24 parts will be calculated
TwoParticleGF(0101): 24 parts will be calculated
TwoParticleGF(0101): 24 parts will be calculated
TwoParticleGF(0101): 24 parts will be calculated
TwoParticleGF(0101): 24 parts will be calculated
TwoParticleGF(0101): 24 parts will be calculated
TwoParticleGF(0101): 24 parts will be calculated
TwoParticleGF(0101): 24 parts will be calculated
TwoParticleGF(0101): 24 parts will be calculated
TwoParticleGF(0101): 24 parts will be calculated
TwoParticleGF(0101): 24 parts will be calculated
TwoParticleGF(0101): 24 parts will be calculated
TwoParticleGF(0101): 24 parts will be calculated
TwoParticleGF(0101): 24 parts will be calculated
TwoParticleGF(0101): 24 parts will be calculated
TwoParticleGF(0101): 24 parts will be calculated
TwoParticleGF(0101): 24 parts will be calculated
TwoParticleGF(0101): 24 parts will be calculated
TwoParticleGF(0101): 24 parts will be calculated
TwoParticleGF(0101): 24 parts will be calculated
TwoParticleGF(0101): 24 parts will be calculated
TwoParticleGF(0101): 24 parts will be calculated
TwoParticleGF(0101): 24 parts will be calculated
TwoParticleGF(0101): 24 parts will be calculated
TwoParticleGF(0101): 24 parts will be calculated
compute_g2: Filling G^2 element (dn,0)(dn,0)(up,0)(up,0)
TwoParticleGF(0101): 24 parts will be calculated
TwoParticleGF(0101): 24 parts will be calculated
TwoParticleGF(0101): 24 parts will be calculated
TwoParticleGF(0101): 24 parts will be calculated
TwoParticleGF(0101): 24 parts will be calculated
TwoParticleGF(0101): 24 parts will be calculated
TwoParticleGF(0101): 24 parts will be calculated
TwoParticleGF(0101): 24 parts will be calculated
TwoParticleGF(0101): 24 parts will be calculated
TwoParticleGF(0101): 24 parts will be calculated
TwoParticleGF(0101): 24 parts will be calculated
TwoParticleGF(0101): 24 parts will be calculated
TwoParticleGF(0101): 24 parts will be calculated
TwoParticleGF(0101): 24 parts will be calculated
TwoParticleGF(0101): 24 parts will be calculated
TwoParticleGF(0101): 24 parts will be calculated
TwoParticleGF(0101): 24 parts will be calculated
TwoParticleGF(0101): 24 parts will be calculated
TwoParticleGF(0101): 24 parts will be calculated
TwoParticleGF(0101): 24 parts will be calculated
TwoParticleGF(0101): 24 parts will be calculated
TwoParticleGF(0101): 24 parts will be calculated
TwoParticleGF(0101): 24 parts will be calculated
TwoParticleGF(0101): 24 parts will be calculated
TwoParticleGF(0101): 24 parts will be calculated
TwoParticleGF(0101): 24 parts will be calculated
[23/24] P2 : part 22 [1] run;
Total 32+32=64 terms
[19/24] P6 : part 18 [1] run;
Total 32+32=64 terms
Calculating 24 jobs using 90 procs.
[13/24] P0 : part 12 [1] run;
Total 32+32=64 terms
[21/24] P4 : part 20 [1] run;
Total 32+32=64 terms
[1/24] P12 : part 0 [1] run;
Total 32+32=64 terms
[17/24] P8 : part 16 [1] run;
Total 128+128=256 terms
[15/24] P10 : part 14 [1] run;
Total 32+32=64 terms
[11/24] P14 : part 10 [1] run;
Total 32+32=64 terms
[3/24] P22 : part 2 [1] run;
Total 32+32=64 terms
[7/24] P18 : part 6 [1] run;
Total 128+128=256 terms
[5/24] P20 : part 4 [1] run;
Total 32+32=64 terms
[9/24] P16 : part 8 [1] run;
Total 32+32=64 terms
[6/24] P19 : part 5 [1] run;
Total 128+128=256 terms
[10/24] P15 : part 9 [1] run;
Total 32+32=64 terms
[22/24] P3 : part 21 [1] run;
Total 8+8=16 terms
[2/24] P23 : part 1 [1] run;
Total 8+8=16 terms
[20/24] P5 : part 19 [1] run;
Total 8+8=16 terms
[18/24] P7 : part 17 [1] run;
Total 32+32=64 terms
[16/24] P9 : part 15 [1] run;
[8/24] P17 : part 7 [1] run;
Total 32+32=64 terms
[14/24] P11 : part 13 [1] run;
Total 128+128=256 terms
[24/24] P1 : part 23 [1] run;
Total 32+32=64 terms
[12/24] P13 : part 11 [1] run;
Total 8+8=16 terms
[4/24] P21 : part 3 [1] run;
Total 32+32=64 terms
Total 32+32=64 terms
done.
TwoParticleGF(0301): 24 parts will be calculated
TwoParticleGF(0301): 24 parts will be calculated
TwoParticleGF(0301): 24 parts will be calculated
TwoParticleGF(0301): 24 parts will be calculated
TwoParticleGF(0301): 24 parts will be calculated
TwoParticleGF(0301): 24 parts will be calculated
TwoParticleGF(0301): 24 parts will be calculated
TwoParticleGF(0301): 24 parts will be calculated
TwoParticleGF(0301): 24 parts will be calculated
TwoParticleGF(0301): 24 parts will be calculated
TwoParticleGF(0301): 24 parts will be calculated
TwoParticleGF(0301): 24 parts will be calculated
TwoParticleGF(0301): 24 parts will be calculated
TwoParticleGF(0301): 24 parts will be calculated
TwoParticleGF(0301): 24 parts will be calculated
TwoParticleGF(0301): 24 parts will be calculated
TwoParticleGF(0301): 24 parts will be calculated
TwoParticleGF(0301): 24 parts will be calculated
TwoParticleGF(0301): 24 parts will be calculated
TwoParticleGF(0301): 24 parts will be calculated
TwoParticleGF(0301): 24 parts will be calculated
TwoParticleGF(0301): 24 parts will be calculated
TwoParticleGF(0301): 24 parts will be calculated
TwoParticleGF(0301): 24 parts will be calculated
TwoParticleGF(0301): 24 parts will be calculated
TwoParticleGF(0301): 24 parts will be calculated
TwoParticleGF(0301): 24 parts will be calculated
TwoParticleGF(0301): 24 parts will be calculated
TwoParticleGF(0301): 24 parts will be calculated
TwoParticleGF(0301): 24 parts will be calculated
TwoParticleGF(0301): 24 parts will be calculated
TwoParticleGF(0301): 24 parts will be calculated
TwoParticleGF(0301): 24 parts will be calculated
TwoParticleGF(0301): 24 parts will be calculated
TwoParticleGF(0301): 24 parts will be calculated
TwoParticleGF(0301): 24 parts will be calculated
TwoParticleGF(0301): 24 parts will be calculated
TwoParticleGF(0301): 24 parts will be calculated
TwoParticleGF(0301): 24 parts will be calculated
TwoParticleGF(0301): 24 parts will be calculated
TwoParticleGF(0301): 24 parts will be calculated
TwoParticleGF(0301): 24 parts will be calculated
TwoParticleGF(0301): 24 parts will be calculated
TwoParticleGF(0301): 24 parts will be calculated
TwoParticleGF(0301): 24 parts will be calculated
TwoParticleGF(0301): 24 parts will be calculated
TwoParticleGF(0301): 24 parts will be calculated
TwoParticleGF(0301): 24 parts will be calculated
TwoParticleGF(0301): 24 parts will be calculated
TwoParticleGF(0301): 24 parts will be calculated
TwoParticleGF(0301): 24 parts will be calculated
TwoParticleGF(0301): 24 parts will be calculated
TwoParticleGF(0301): 24 parts will be calculated
TwoParticleGF(0301): 24 parts will be calculated
TwoParticleGF(0301): 24 parts will be calculated
TwoParticleGF(0301): 24 parts will be calculated
TwoParticleGF(0301): 24 parts will be calculated
TwoParticleGF(0301): 24 parts will be calculated
TwoParticleGF(0301): 24 parts will be calculated
TwoParticleGF(0301): 24 parts will be calculated
TwoParticleGF(0301): 24 parts will be calculated
TwoParticleGF(0301): 24 parts will be calculated
TwoParticleGF(0301): 24 parts will be calculated
TwoParticleGF(0301): 24 parts will be calculated
TwoParticleGF(0301): 24 parts will be calculated
TwoParticleGF(0301): 24 parts will be calculated
TwoParticleGF(0301): 24 parts will be calculated
TwoParticleGF(0301): 24 parts will be calculated
TwoParticleGF(0301): 24 parts will be calculated
TwoParticleGF(0301): 24 parts will be calculated
TwoParticleGF(0301): 24 parts will be calculated
TwoParticleGF(0301): 24 parts will be calculated
TwoParticleGF(0301): 24 parts will be calculated
TwoParticleGF(0301): 24 parts will be calculated
TwoParticleGF(0301): 24 parts will be calculated
TwoParticleGF(0301): 24 parts will be calculated
TwoParticleGF(0301): 24 parts will be calculated
TwoParticleGF(0301): 24 parts will be calculated
TwoParticleGF(0301): 24 parts will be calculated
TwoParticleGF(0301): 24 parts will be calculated
TwoParticleGF(0301): 24 parts will be calculated
TwoParticleGF(0301): 24 parts will be calculated
TwoParticleGF(0301): 24 parts will be calculated
compute_g2: Filling G^2 element (dn,0)(dn,0)(up,0)(up,1)
TwoParticleGF(0301): 24 parts will be calculated
Calculating 24 jobs using 90 procs.
TwoParticleGF(0301): 24 parts will be calculated
TwoParticleGF(0301): 24 parts will be calculated
TwoParticleGF(0301): 24 parts will be calculated
TwoParticleGF(0301): 24 parts will be calculated
TwoParticleGF(0301): 24 parts will be calculated
TwoParticleGF(0301): 24 parts will be calculated
[20/24] P5 : part 19 [1] run;
Total 8+8=16 terms
[18/24] P7 : part 17 [1] run;
Total 32+32=64 terms
[7/24] P18 : part 6 [1] run;
Total 128+128=256 terms
[4/24] P21 : part 3 [1] run;
Total 32+32=64 terms
[8/24] P17 : part 7 [1] run;
Total 32+32=64 terms
[14/24] P11 : part 13 [1] run;
Total 128+128=256 terms
[23/24] P2 : part 22 [1] run;
Total 32+32=64 terms
[19/24] P6 : part 18 [1] run;
Total 32+32=64 terms
[16/24] P9 : part 15 [1] run;
Total 32+32=64 terms
[13/24] P0 : part 12 [1] run;
Total 32+32=64 terms
[21/24] P4 : part 20 [1] run;
Total 32+32=64 terms
[1/24] P12 : part 0 [1] run;
Total 32+32=64 terms
[24/24] P1 : part 23 [1] run;
[12/24] P13 : part 11 [1] run;
Total 8+8=16 terms
[17/24] P8 : part 16 [1] run;
Total 128+128=256 terms
[9/24] P16 : part 8 [1] run;
Total 32+32=64 terms
[10/24] P15 : part 9 [1] run;
Total 32+32=64 terms
[22/24] P3 : part 21 [1] run;
Total 8+8=16 terms
[15/24] P10 : part 14 [1] run;
Total 32+32=64 terms
[6/24] P19 : part 5 [1] run;
Total 128+128=256 terms
[5/24] P20 : part 4 [1] run;
Total 32+32=64 terms
[2/24] P23 : part 1 [1] run;
Total 8+8=16 terms
[11/24] P14 : part 10 [1] run;
Total 32+32=64 terms
[3/24] P22 : part 2 [1] run;
Total 32+32=64 terms
Total 32+32=64 terms
done.
TwoParticleGF(0103): 24 parts will be calculated
TwoParticleGF(0103): 24 parts will be calculated
TwoParticleGF(0103): 24 parts will be calculated
TwoParticleGF(0103): 24 parts will be calculated
TwoParticleGF(0103): 24 parts will be calculated
TwoParticleGF(0103): 24 parts will be calculated
TwoParticleGF(0103): 24 parts will be calculated
TwoParticleGF(0103): 24 parts will be calculated
TwoParticleGF(0103): 24 parts will be calculated
TwoParticleGF(0103): 24 parts will be calculated
TwoParticleGF(0103): 24 parts will be calculated
TwoParticleGF(0103): 24 parts will be calculated
TwoParticleGF(0103): 24 parts will be calculated
TwoParticleGF(0103): 24 parts will be calculated
TwoParticleGF(0103): 24 parts will be calculated
TwoParticleGF(0103): 24 parts will be calculated
TwoParticleGF(0103): 24 parts will be calculated
TwoParticleGF(0103): 24 parts will be calculated
TwoParticleGF(0103): 24 parts will be calculated
TwoParticleGF(0103): 24 parts will be calculated
TwoParticleGF(0103): 24 parts will be calculated
TwoParticleGF(0103): 24 parts will be calculated
TwoParticleGF(0103): 24 parts will be calculated
TwoParticleGF(0103): 24 parts will be calculated
TwoParticleGF(0103): 24 parts will be calculated
TwoParticleGF(0103): 24 parts will be calculated
TwoParticleGF(0103): 24 parts will be calculated
TwoParticleGF(0103): 24 parts will be calculated
TwoParticleGF(0103): 24 parts will be calculated
TwoParticleGF(0103): 24 parts will be calculated
TwoParticleGF(0103): 24 parts will be calculated
TwoParticleGF(0103): 24 parts will be calculated
TwoParticleGF(0103): 24 parts will be calculated
TwoParticleGF(0103): 24 parts will be calculated
TwoParticleGF(0103): 24 parts will be calculated
TwoParticleGF(0103): 24 parts will be calculated
TwoParticleGF(0103): 24 parts will be calculated
TwoParticleGF(0103): 24 parts will be calculated
TwoParticleGF(0103): 24 parts will be calculated
TwoParticleGF(0103): 24 parts will be calculated
TwoParticleGF(0103): 24 parts will be calculated
TwoParticleGF(0103): 24 parts will be calculated
TwoParticleGF(0103): 24 parts will be calculated
TwoParticleGF(0103): 24 parts will be calculated
TwoParticleGF(0103): 24 parts will be calculated
TwoParticleGF(0103): 24 parts will be calculated
TwoParticleGF(0103): 24 parts will be calculated
TwoParticleGF(0103): 24 parts will be calculated
TwoParticleGF(0103): 24 parts will be calculated
TwoParticleGF(0103): 24 parts will be calculated
TwoParticleGF(0103): 24 parts will be calculated
TwoParticleGF(0103): 24 parts will be calculated
TwoParticleGF(0103): 24 parts will be calculated
TwoParticleGF(0103): 24 parts will be calculated
TwoParticleGF(0103): 24 parts will be calculated
TwoParticleGF(0103): 24 parts will be calculated
TwoParticleGF(0103): 24 parts will be calculated
TwoParticleGF(0103): 24 parts will be calculated
TwoParticleGF(0103): 24 parts will be calculated
TwoParticleGF(0103): 24 parts will be calculated
TwoParticleGF(0103): 24 parts will be calculated
TwoParticleGF(0103): 24 parts will be calculated
TwoParticleGF(0103): 24 parts will be calculated
TwoParticleGF(0103): 24 parts will be calculated
TwoParticleGF(0103): 24 parts will be calculated
TwoParticleGF(0103): 24 parts will be calculated
TwoParticleGF(0103): 24 parts will be calculated
TwoParticleGF(0103): 24 parts will be calculated
TwoParticleGF(0103): 24 parts will be calculated
TwoParticleGF(0103): 24 parts will be calculated
TwoParticleGF(0103): 24 parts will be calculated
TwoParticleGF(0103): 24 parts will be calculated
TwoParticleGF(0103): 24 parts will be calculated
TwoParticleGF(0103): 24 parts will be calculated
TwoParticleGF(0103): 24 parts will be calculated
TwoParticleGF(0103): 24 parts will be calculated
TwoParticleGF(0103): 24 parts will be calculated
TwoParticleGF(0103): 24 parts will be calculated
TwoParticleGF(0103): 24 parts will be calculated
TwoParticleGF(0103): 24 parts will be calculated
TwoParticleGF(0103): 24 parts will be calculated
TwoParticleGF(0103): 24 parts will be calculated
TwoParticleGF(0103): 24 parts will be calculated
TwoParticleGF(0103): 24 parts will be calculated
TwoParticleGF(0103): 24 parts will be calculated
compute_g2: Filling G^2 element (dn,0)(dn,0)(up,1)(up,0)
TwoParticleGF(0103): 24 parts will be calculated
TwoParticleGF(0103): 24 parts will be calculated
TwoParticleGF(0103): 24 parts will be calculated
TwoParticleGF(0103): 24 parts will be calculated
TwoParticleGF(0103): 24 parts will be calculated
Calculating 24 jobs using 90 procs.
[13/24] P0 : part 12 [1] run;
Total 32+32=64 terms
[2/24] P23 : part 1 [1] run;
Total 8+8=16 terms
[16/24] P9 : part 15 [1] run;
Total 32+32=64 terms
[6/24] P19 : part 5 [1] run;
Total 128+128=256 terms
[15/24] P10 : part 14 [1] run;
Total 32+32=64 terms
[11/24] P14 : part 10 [1] run;
Total 32+32=64 terms
[20/24] P5 : part 19 [1] run;
Total 8+8=16 terms
[18/24] P7 : part 17 [1] run;
Total 32+32=64 terms
[7/24] P18 : part 6 [1] run;
Total 128+128=256 terms
[4/24] P21 : part 3 [1] run;
Total 32+32=64 terms
[8/24] P17 : part 7 [1] run;
Total 32+32=64 terms
[5/24] P20 : part 4 [1] run;
Total 32+32=64 terms
[14/24] P11 : part 13 [1] run;
Total 128+128=256 terms
[23/24] P2 : part 22 [1] run;
Total 32+32=64 terms
[19/24] P6 : part 18 [1] run;
Total 32+32=64 terms
[21/24] P4 : part 20 [1] run;
Total 32+32=64 terms
[24/24] P1 : part 23 [1] run;
[1/24] P12 : part 0 [1] run;
Total 32+32=64 terms
[3/24] P22 : part 2 [1] run;
Total 32+32=64 terms
[12/24] P13 : part 11 [1] run;
Total 8+8=16 terms
[17/24] P8 : part 16 [1] run;
Total 128+128=256 terms
[9/24] P16 : part 8 [1] run;
Total 32+32=64 terms
[10/24] P15 : part 9 [1] run;
Total 32+32=64 terms
[22/24] P3 : part 21 [1] run;
Total 8+8=16 terms
Total 32+32=64 terms
done.
TwoParticleGF(0303): 24 parts will be calculated
TwoParticleGF(0303): 24 parts will be calculated
TwoParticleGF(0303): 24 parts will be calculated
TwoParticleGF(0303): 24 parts will be calculated
TwoParticleGF(0303): 24 parts will be calculated
TwoParticleGF(0303): 24 parts will be calculated
TwoParticleGF(0303): 24 parts will be calculated
TwoParticleGF(0303): 24 parts will be calculated
TwoParticleGF(0303): 24 parts will be calculated
TwoParticleGF(0303): 24 parts will be calculated
TwoParticleGF(0303): 24 parts will be calculated
TwoParticleGF(0303): 24 parts will be calculated
TwoParticleGF(0303): 24 parts will be calculated
TwoParticleGF(0303): 24 parts will be calculated
TwoParticleGF(0303): 24 parts will be calculated
TwoParticleGF(0303): 24 parts will be calculated
TwoParticleGF(0303): 24 parts will be calculated
TwoParticleGF(0303): 24 parts will be calculated
TwoParticleGF(0303): 24 parts will be calculated
TwoParticleGF(0303): 24 parts will be calculated
TwoParticleGF(0303): 24 parts will be calculated
TwoParticleGF(0303): 24 parts will be calculated
TwoParticleGF(0303): 24 parts will be calculated
TwoParticleGF(0303): 24 parts will be calculated
TwoParticleGF(0303): 24 parts will be calculated
TwoParticleGF(0303): 24 parts will be calculated
TwoParticleGF(0303): 24 parts will be calculated
TwoParticleGF(0303): 24 parts will be calculated
TwoParticleGF(0303): 24 parts will be calculated
TwoParticleGF(0303): 24 parts will be calculated
TwoParticleGF(0303): 24 parts will be calculated
TwoParticleGF(0303): 24 parts will be calculated
TwoParticleGF(0303): 24 parts will be calculated
TwoParticleGF(0303): 24 parts will be calculated
TwoParticleGF(0303): 24 parts will be calculated
TwoParticleGF(0303): 24 parts will be calculated
TwoParticleGF(0303): 24 parts will be calculated
TwoParticleGF(0303): 24 parts will be calculated
TwoParticleGF(0303): 24 parts will be calculated
TwoParticleGF(0303): 24 parts will be calculated
TwoParticleGF(0303): 24 parts will be calculated
TwoParticleGF(0303): 24 parts will be calculated
TwoParticleGF(0303): 24 parts will be calculated
TwoParticleGF(0303): 24 parts will be calculated
TwoParticleGF(0303): 24 parts will be calculated
TwoParticleGF(0303): 24 parts will be calculated
TwoParticleGF(0303): 24 parts will be calculated
TwoParticleGF(0303): 24 parts will be calculated
TwoParticleGF(0303): 24 parts will be calculated
TwoParticleGF(0303): 24 parts will be calculated
TwoParticleGF(0303): 24 parts will be calculated
TwoParticleGF(0303): 24 parts will be calculated
TwoParticleGF(0303): 24 parts will be calculated
TwoParticleGF(0303): 24 parts will be calculated
TwoParticleGF(0303): 24 parts will be calculated
TwoParticleGF(0303): 24 parts will be calculated
TwoParticleGF(0303): 24 parts will be calculated
TwoParticleGF(0303): 24 parts will be calculated
TwoParticleGF(0303): 24 parts will be calculated
TwoParticleGF(0303): 24 parts will be calculated
TwoParticleGF(0303): 24 parts will be calculated
TwoParticleGF(0303): 24 parts will be calculated
TwoParticleGF(0303): 24 parts will be calculated
TwoParticleGF(0303): 24 parts will be calculated
TwoParticleGF(0303): 24 parts will be calculated
TwoParticleGF(0303): 24 parts will be calculated
TwoParticleGF(0303): 24 parts will be calculated
TwoParticleGF(0303): 24 parts will be calculated
TwoParticleGF(0303): 24 parts will be calculated
TwoParticleGF(0303): 24 parts will be calculated
TwoParticleGF(0303): 24 parts will be calculated
TwoParticleGF(0303): 24 parts will be calculated
TwoParticleGF(0303): 24 parts will be calculated
TwoParticleGF(0303): 24 parts will be calculated
TwoParticleGF(0303): 24 parts will be calculated
TwoParticleGF(0303): 24 parts will be calculated
compute_g2: Filling G^2 element (dn,0)(dn,0)(up,1)(up,1)
TwoParticleGF(0303): 24 parts will be calculated
TwoParticleGF(0303): 24 parts will be calculated
TwoParticleGF(0303): 24 parts will be calculated
TwoParticleGF(0303): 24 parts will be calculated
TwoParticleGF(0303): 24 parts will be calculated
TwoParticleGF(0303): 24 parts will be calculated
TwoParticleGF(0303): 24 parts will be calculated
TwoParticleGF(0303): 24 parts will be calculated
TwoParticleGF(0303): 24 parts will be calculated
TwoParticleGF(0303): 24 parts will be calculated
TwoParticleGF(0303): 24 parts will be calculated
TwoParticleGF(0303): 24 parts will be calculated
TwoParticleGF(0303): 24 parts will be calculated
TwoParticleGF(0303): 24 parts will be calculated
Calculating 24 jobs using 90 procs.
[9/24] P16 : part 8 [1] run;
Total 32+32=64 terms
[10/24] P15 : part 9 [1] run;
Total 32+32=64 terms
[13/24] P0 : part 12 [1] run;
Total 32+32=64 terms
[17/24] P8 : part 16 [1] run;
Total 128+128=256 terms
[24/24] P1 : part 23 [1] run;
Total 32+32=64 terms
[16/24] P9 : part 15 [1] run;
Total 32+32=64 terms
[6/24] P19 : part 5 [1] run;
Total 128+128=256 terms
[2/24] P23 : part 1 [1] run;
Total 8+8=16 terms
[11/24] P14 : part 10 [1] run;
Total 32+32=64 terms
[20/24] P5 : part 19 [1] run;
Total 8+8=16 terms
[15/24] P10 : part 14 [1] run;
Total 32+32=64 terms
[18/24] P7 : part 17 [1] run;
Total 32+32=64 terms
[7/24] P18 : part 6 [1] run;
Total 128+128=256 terms
[4/24] P21 : part 3 [1] run;
Total 32+32=64 terms
[8/24] P17 : part 7 [1] run;
Total 32+32=64 terms
[14/24] P11 : part 13 [1] run;
Total 128+128=256 terms
[5/24] P20 : part 4 [1] run;
Total 32+32=64 terms
[23/24] P2 : part 22 [1] run;
[21/24] P4 : part 20 [1] run;
Total 32+32=64 terms
[19/24] P6 : part 18 [1] run;
Total 32+32=64 terms
[22/24] P3 : part 21 [1] run;
Total 8+8=16 terms
[1/24] P12 : part 0 [1] run;
Total 32+32=64 terms
[3/24] P22 : part 2 [1] run;
Total 32+32=64 terms
[12/24] P13 : part 11 [1] run;
Total 8+8=16 terms
Total 32+32=64 terms
done.
TwoParticleGF(2101): 24 parts will be calculated
TwoParticleGF(2101): 24 parts will be calculated
TwoParticleGF(2101): 24 parts will be calculated
TwoParticleGF(2101): 24 parts will be calculated
TwoParticleGF(2101): 24 parts will be calculated
TwoParticleGF(2101): 24 parts will be calculated
TwoParticleGF(2101): 24 parts will be calculated
TwoParticleGF(2101): 24 parts will be calculated
TwoParticleGF(2101): 24 parts will be calculated
TwoParticleGF(2101): 24 parts will be calculated
TwoParticleGF(2101): 24 parts will be calculated
TwoParticleGF(2101): 24 parts will be calculated
TwoParticleGF(2101): 24 parts will be calculated
TwoParticleGF(2101): 24 parts will be calculated
TwoParticleGF(2101): 24 parts will be calculated
TwoParticleGF(2101): 24 parts will be calculated
TwoParticleGF(2101): 24 parts will be calculated
TwoParticleGF(2101): 24 parts will be calculated
TwoParticleGF(2101): 24 parts will be calculated
TwoParticleGF(2101): 24 parts will be calculated
TwoParticleGF(2101): 24 parts will be calculated
TwoParticleGF(2101): 24 parts will be calculated
TwoParticleGF(2101): 24 parts will be calculated
TwoParticleGF(2101): 24 parts will be calculated
TwoParticleGF(2101): 24 parts will be calculated
TwoParticleGF(2101): 24 parts will be calculated
TwoParticleGF(2101): 24 parts will be calculated
TwoParticleGF(2101): 24 parts will be calculated
TwoParticleGF(2101): 24 parts will be calculated
TwoParticleGF(2101): 24 parts will be calculated
TwoParticleGF(2101): 24 parts will be calculated
TwoParticleGF(2101): 24 parts will be calculated
TwoParticleGF(2101): 24 parts will be calculated
TwoParticleGF(2101): 24 parts will be calculated
TwoParticleGF(2101): 24 parts will be calculated
TwoParticleGF(2101): 24 parts will be calculated
TwoParticleGF(2101): 24 parts will be calculated
TwoParticleGF(2101): 24 parts will be calculated
TwoParticleGF(2101): 24 parts will be calculated
TwoParticleGF(2101): 24 parts will be calculated
TwoParticleGF(2101): 24 parts will be calculated
TwoParticleGF(2101): 24 parts will be calculated
TwoParticleGF(2101): 24 parts will be calculated
TwoParticleGF(2101): 24 parts will be calculated
TwoParticleGF(2101): 24 parts will be calculated
TwoParticleGF(2101): 24 parts will be calculated
TwoParticleGF(2101): 24 parts will be calculated
TwoParticleGF(2101): 24 parts will be calculated
TwoParticleGF(2101): 24 parts will be calculated
compute_g2: Filling G^2 element (dn,0)(dn,1)(up,0)(up,0)
TwoParticleGF(2101): 24 parts will be calculated
TwoParticleGF(2101): 24 parts will be calculated
TwoParticleGF(2101): 24 parts will be calculated
TwoParticleGF(2101): 24 parts will be calculated
TwoParticleGF(2101): 24 parts will be calculated
TwoParticleGF(2101): 24 parts will be calculated
TwoParticleGF(2101): 24 parts will be calculated
TwoParticleGF(2101): 24 parts will be calculated
TwoParticleGF(2101): 24 parts will be calculated
TwoParticleGF(2101): 24 parts will be calculated
TwoParticleGF(2101): 24 parts will be calculated
TwoParticleGF(2101): 24 parts will be calculated
TwoParticleGF(2101): 24 parts will be calculated
TwoParticleGF(2101): 24 parts will be calculated
TwoParticleGF(2101): 24 parts will be calculated
TwoParticleGF(2101): 24 parts will be calculated
TwoParticleGF(2101): 24 parts will be calculated
TwoParticleGF(2101): 24 parts will be calculated
TwoParticleGF(2101): 24 parts will be calculated
TwoParticleGF(2101): 24 parts will be calculated
TwoParticleGF(2101): 24 parts will be calculated
TwoParticleGF(2101): 24 parts will be calculated
TwoParticleGF(2101): 24 parts will be calculated
TwoParticleGF(2101): 24 parts will be calculated
TwoParticleGF(2101): 24 parts will be calculated
TwoParticleGF(2101): 24 parts will be calculated
TwoParticleGF(2101): 24 parts will be calculated
TwoParticleGF(2101): 24 parts will be calculated
TwoParticleGF(2101): 24 parts will be calculated
TwoParticleGF(2101): 24 parts will be calculated
TwoParticleGF(2101): 24 parts will be calculated
TwoParticleGF(2101): 24 parts will be calculated
TwoParticleGF(2101): 24 parts will be calculated
TwoParticleGF(2101): 24 parts will be calculated
TwoParticleGF(2101): 24 parts will be calculated
TwoParticleGF(2101): 24 parts will be calculated
TwoParticleGF(2101): 24 parts will be calculated
TwoParticleGF(2101): 24 parts will be calculated
TwoParticleGF(2101): 24 parts will be calculated
TwoParticleGF(2101): 24 parts will be calculated
TwoParticleGF(2101): 24 parts will be calculated
[21/24] P4 : part 20 [1] run;
Total 32+32=64 terms
[19/24] P6 : part 18 [1] run;
Total 32+32=64 terms
[5/24] P20 : part 4 [1] run;
Total 32+32=64 terms
[1/24] P12 : part 0 [1] run;
Total 32+32=64 terms
[3/24] P22 : part 2 [1] run;
Total 32+32=64 terms
[9/24] P16 : part 8 [1] run;
Total 32+32=64 terms
[17/24] P8 : part 16 [1] run;
Total 128+128=256 terms
[11/24] P14 : part 10 [1] run;
Total 32+32=64 terms
[15/24] P10 : part 14 [1] run;
Total 32+32=64 terms
[7/24] P18 : part 6 [1] run;
Total 128+128=256 terms
Calculating 24 jobs using 90 procs.
[13/24] P0 : part 12 [1] run;
Total 32+32=64 terms
[23/24] P2 : part 22 [1] run;
Total 32+32=64 terms
[16/24] P9 : part 15 [1] run;
Total 32+32=64 terms
[24/24] P1 : part 23 [1] run;
Total 32+32=64 terms
[2/24] P23 : part 1 [1] run;
Total 8+8=16 terms
[20/24] P5 : part 19 [1] run;
Total 8+8=16 terms
[18/24] P7 : part 17 [1] run;
Total 32+32=64 terms
[4/24] P21 : part 3 [1] run;
Total 32+32=64 terms
[8/24] P17 : part 7 [1] run;
Total 32+32=64 terms
[14/24] P11 : part 13 [1] run;
Total 128+128=256 terms
[12/24] P13 : part 11 [1] run;
Total 8+8=16 terms
[6/24] P19 : part 5 [1] run;
Total 128+128=256 terms
[22/24] P3 : part 21 [1] run;
Total 8+8=16 terms
[10/24] P15 : part 9 [1] run;
Total 32+32=64 terms
done.
TwoParticleGF(2301): 24 parts will be calculated
TwoParticleGF(2301): 24 parts will be calculated
TwoParticleGF(2301): 24 parts will be calculated
TwoParticleGF(2301): 24 parts will be calculated
TwoParticleGF(2301): 24 parts will be calculated
TwoParticleGF(2301): 24 parts will be calculated
TwoParticleGF(2301): 24 parts will be calculated
TwoParticleGF(2301): 24 parts will be calculated
TwoParticleGF(2301): 24 parts will be calculated
TwoParticleGF(2301): 24 parts will be calculated
TwoParticleGF(2301): 24 parts will be calculated
TwoParticleGF(2301): 24 parts will be calculated
TwoParticleGF(2301): 24 parts will be calculated
TwoParticleGF(2301): 24 parts will be calculated
TwoParticleGF(2301): 24 parts will be calculated
TwoParticleGF(2301): 24 parts will be calculated
TwoParticleGF(2301): 24 parts will be calculated
TwoParticleGF(2301): 24 parts will be calculated
TwoParticleGF(2301): 24 parts will be calculated
TwoParticleGF(2301): 24 parts will be calculated
TwoParticleGF(2301): 24 parts will be calculated
TwoParticleGF(2301): 24 parts will be calculated
TwoParticleGF(2301): 24 parts will be calculated
TwoParticleGF(2301): 24 parts will be calculated
TwoParticleGF(2301): 24 parts will be calculated
TwoParticleGF(2301): 24 parts will be calculated
TwoParticleGF(2301): 24 parts will be calculated
TwoParticleGF(2301): 24 parts will be calculated
TwoParticleGF(2301): 24 parts will be calculated
TwoParticleGF(2301): 24 parts will be calculated
TwoParticleGF(2301): 24 parts will be calculated
TwoParticleGF(2301): 24 parts will be calculated
TwoParticleGF(2301): 24 parts will be calculated
TwoParticleGF(2301): 24 parts will be calculated
TwoParticleGF(2301): 24 parts will be calculated
TwoParticleGF(2301): 24 parts will be calculated
TwoParticleGF(2301): 24 parts will be calculated
TwoParticleGF(2301): 24 parts will be calculated
TwoParticleGF(2301): 24 parts will be calculated
TwoParticleGF(2301): 24 parts will be calculated
TwoParticleGF(2301): 24 parts will be calculated
TwoParticleGF(2301): 24 parts will be calculated
TwoParticleGF(2301): 24 parts will be calculated
TwoParticleGF(2301): 24 parts will be calculated
TwoParticleGF(2301): 24 parts will be calculated
TwoParticleGF(2301): 24 parts will be calculated
TwoParticleGF(2301): 24 parts will be calculated
TwoParticleGF(2301): 24 parts will be calculated
TwoParticleGF(2301): 24 parts will be calculated
TwoParticleGF(2301): 24 parts will be calculated
TwoParticleGF(2301): 24 parts will be calculated
TwoParticleGF(2301): 24 parts will be calculated
TwoParticleGF(2301): 24 parts will be calculated
TwoParticleGF(2301): 24 parts will be calculated
TwoParticleGF(2301): 24 parts will be calculated
TwoParticleGF(2301): 24 parts will be calculated
TwoParticleGF(2301): 24 parts will be calculated
TwoParticleGF(2301): 24 parts will be calculated
TwoParticleGF(2301): 24 parts will be calculated
TwoParticleGF(2301): 24 parts will be calculated
TwoParticleGF(2301): 24 parts will be calculated
TwoParticleGF(2301): 24 parts will be calculated
TwoParticleGF(2301): 24 parts will be calculated
TwoParticleGF(2301): 24 parts will be calculated
TwoParticleGF(2301): 24 parts will be calculated
TwoParticleGF(2301): 24 parts will be calculated
TwoParticleGF(2301): 24 parts will be calculated
TwoParticleGF(2301): 24 parts will be calculated
TwoParticleGF(2301): 24 parts will be calculated
TwoParticleGF(2301): 24 parts will be calculated
TwoParticleGF(2301): 24 parts will be calculated
TwoParticleGF(2301): 24 parts will be calculated
compute_g2: Filling G^2 element (dn,0)(dn,1)(up,0)(up,1)
TwoParticleGF(2301): 24 parts will be calculated
TwoParticleGF(2301): 24 parts will be calculated
TwoParticleGF(2301): 24 parts will be calculated
TwoParticleGF(2301): 24 parts will be calculated
TwoParticleGF(2301): 24 parts will be calculated
TwoParticleGF(2301): 24 parts will be calculated
TwoParticleGF(2301): 24 parts will be calculated
TwoParticleGF(2301): 24 parts will be calculated
TwoParticleGF(2301): 24 parts will be calculated
TwoParticleGF(2301): 24 parts will be calculated
TwoParticleGF(2301): 24 parts will be calculated
TwoParticleGF(2301): 24 parts will be calculated
TwoParticleGF(2301): 24 parts will be calculated
TwoParticleGF(2301): 24 parts will be calculated
TwoParticleGF(2301): 24 parts will be calculated
TwoParticleGF(2301): 24 parts will be calculated
TwoParticleGF(2301): 24 parts will be calculated
TwoParticleGF(2301): 24 parts will be calculated
Calculating 24 jobs using 90 procs.
[22/24] P3 : part 21 [1] run;
Total 8+8=16 terms
[3/24] P22 : part 2 [1] run;
Total 32+32=64 terms
[13/24] P0 : part 12 [1] run;
Total 32+32=64 terms
[10/24] P15 : part 9 [1] run;
Total 32+32=64 terms
[9/24] P16 : part 8 [1] run;
Total 32+32=64 terms
[23/24] P2 : part 22 [1] run;
[16/24] P9 : part 15 [1] run;
Total 32+32=64 terms
[24/24] P1 : part 23 [1] run;
Total 32+32=64 terms
[17/24] P8 : part 16 [1] run;
Total 128+128=256 terms
[5/24] P20 : part 4 [1] run;
Total 32+32=64 terms
[2/24] P23 : part 1 [1] run;
Total 8+8=16 terms
[11/24] P14 : part 10 [1] run;
Total 32+32=64 terms
[20/24] P5 : part 19 [1] run;
Total 8+8=16 terms
[15/24] P10 : part 14 [1] run;
Total 32+32=64 terms
[18/24] P7 : part 17 [1] run;
Total 32+32=64 terms
[4/24] P21 : part 3 [1] run;
Total 32+32=64 terms
[8/24] P17 : part 7 [1] run;
Total 32+32=64 terms
[7/24] P18 : part 6 [1] run;
Total 128+128=256 terms
[12/24] P13 : part 11 [1] run;
Total 8+8=16 terms
[21/24] P4 : part 20 [1] run;
Total 32+32=64 terms
[14/24] P11 : part 13 [1] run;
Total 128+128=256 terms
[19/24] P6 : part 18 [1] run;
Total 32+32=64 terms
[6/24] P19 : part 5 [1] run;
Total 128+128=256 terms
[1/24] P12 : part 0 [1] run;
Total 32+32=64 terms
Total 32+32=64 terms
done.
TwoParticleGF(2103): 24 parts will be calculated
TwoParticleGF(2103): 24 parts will be calculated
TwoParticleGF(2103): 24 parts will be calculated
TwoParticleGF(2103): 24 parts will be calculated
TwoParticleGF(2103): 24 parts will be calculated
TwoParticleGF(2103): 24 parts will be calculated
TwoParticleGF(2103): 24 parts will be calculated
TwoParticleGF(2103): 24 parts will be calculated
TwoParticleGF(2103): 24 parts will be calculated
TwoParticleGF(2103): 24 parts will be calculated
TwoParticleGF(2103): 24 parts will be calculated
TwoParticleGF(2103): 24 parts will be calculated
TwoParticleGF(2103): 24 parts will be calculated
TwoParticleGF(2103): 24 parts will be calculated
TwoParticleGF(2103): 24 parts will be calculated
TwoParticleGF(2103): 24 parts will be calculated
TwoParticleGF(2103): 24 parts will be calculated
TwoParticleGF(2103): 24 parts will be calculated
TwoParticleGF(2103): 24 parts will be calculated
TwoParticleGF(2103): 24 parts will be calculated
TwoParticleGF(2103): 24 parts will be calculated
TwoParticleGF(2103): 24 parts will be calculated
TwoParticleGF(2103): 24 parts will be calculated
TwoParticleGF(2103): 24 parts will be calculated
TwoParticleGF(2103): 24 parts will be calculated
TwoParticleGF(2103): 24 parts will be calculated
TwoParticleGF(2103): 24 parts will be calculated
TwoParticleGF(2103): 24 parts will be calculated
TwoParticleGF(2103): 24 parts will be calculated
TwoParticleGF(2103): 24 parts will be calculated
TwoParticleGF(2103): 24 parts will be calculated
TwoParticleGF(2103): 24 parts will be calculated
TwoParticleGF(2103): 24 parts will be calculated
TwoParticleGF(2103): 24 parts will be calculated
TwoParticleGF(2103): 24 parts will be calculated
TwoParticleGF(2103): 24 parts will be calculated
TwoParticleGF(2103): 24 parts will be calculated
TwoParticleGF(2103): 24 parts will be calculated
TwoParticleGF(2103): 24 parts will be calculated
TwoParticleGF(2103): 24 parts will be calculated
TwoParticleGF(2103): 24 parts will be calculated
TwoParticleGF(2103): 24 parts will be calculated
TwoParticleGF(2103): 24 parts will be calculated
TwoParticleGF(2103): 24 parts will be calculated
TwoParticleGF(2103): 24 parts will be calculated
TwoParticleGF(2103): 24 parts will be calculated
TwoParticleGF(2103): 24 parts will be calculated
TwoParticleGF(2103): 24 parts will be calculated
TwoParticleGF(2103): 24 parts will be calculated
TwoParticleGF(2103): 24 parts will be calculated
TwoParticleGF(2103): 24 parts will be calculated
TwoParticleGF(2103): 24 parts will be calculated
TwoParticleGF(2103): 24 parts will be calculated
TwoParticleGF(2103): 24 parts will be calculated
compute_g2: Filling G^2 element (dn,0)(dn,1)(up,1)(up,0)
TwoParticleGF(2103): 24 parts will be calculated
Calculating 24 jobs using 90 procs.
TwoParticleGF(2103): 24 parts will be calculated
TwoParticleGF(2103): 24 parts will be calculated
TwoParticleGF(2103): 24 parts will be calculated
TwoParticleGF(2103): 24 parts will be calculated
TwoParticleGF(2103): 24 parts will be calculated
TwoParticleGF(2103): 24 parts will be calculated
TwoParticleGF(2103): 24 parts will be calculated
TwoParticleGF(2103): 24 parts will be calculated
TwoParticleGF(2103): 24 parts will be calculated
TwoParticleGF(2103): 24 parts will be calculated
TwoParticleGF(2103): 24 parts will be calculated
TwoParticleGF(2103): 24 parts will be calculated
TwoParticleGF(2103): 24 parts will be calculated
TwoParticleGF(2103): 24 parts will be calculated
TwoParticleGF(2103): 24 parts will be calculated
TwoParticleGF(2103): 24 parts will be calculated
TwoParticleGF(2103): 24 parts will be calculated
TwoParticleGF(2103): 24 parts will be calculated
TwoParticleGF(2103): 24 parts will be calculated
TwoParticleGF(2103): 24 parts will be calculated
TwoParticleGF(2103): 24 parts will be calculated
TwoParticleGF(2103): 24 parts will be calculated
TwoParticleGF(2103): 24 parts will be calculated
TwoParticleGF(2103): 24 parts will be calculated
TwoParticleGF(2103): 24 parts will be calculated
TwoParticleGF(2103): 24 parts will be calculated
TwoParticleGF(2103): 24 parts will be calculated
TwoParticleGF(2103): 24 parts will be calculated
TwoParticleGF(2103): 24 parts will be calculated
TwoParticleGF(2103): 24 parts will be calculated
TwoParticleGF(2103): 24 parts will be calculated
TwoParticleGF(2103): 24 parts will be calculated
TwoParticleGF(2103): 24 parts will be calculated
TwoParticleGF(2103): 24 parts will be calculated
TwoParticleGF(2103): 24 parts will be calculated
[3/24] P22 : part 2 [1] run;
Total 32+32=64 terms
[22/24] P3 : part 21 [1] run;
Total 8+8=16 terms
[23/24] P2 : part 22 [1] run;
Total 32+32=64 terms
[13/24] P0 : part 12 [1] run;
Total 32+32=64 terms
[10/24] P15 : part 9 [1] run;
Total 32+32=64 terms
[1/24] P12 : part 0 [1] run;
Total 32+32=64 terms
[16/24] P9 : part 15 [1] run;
Total 32+32=64 terms
[24/24] P1 : part 23 [1] run;
Total 32+32=64 terms
[17/24] P8 : part 16 [1] run;
[9/24] P16 : part 8 [1] run;
Total 32+32=64 terms
[5/24] P20 : part 4 [1] run;
Total 32+32=64 terms
[2/24] P23 : part 1 [1] run;
Total 8+8=16 terms
[11/24] P14 : part 10 [1] run;
Total 32+32=64 terms
[20/24] P5 : part 19 [1] run;
Total 8+8=16 terms
[15/24] P10 : part 14 [1] run;
Total 32+32=64 terms
[18/24] P7 : part 17 [1] run;
Total 32+32=64 terms
[4/24] P21 : part 3 [1] run;
Total 32+32=64 terms
[8/24] P17 : part 7 [1] run;
Total 32+32=64 terms
[12/24] P13 : part 11 [1] run;
Total 8+8=16 terms
[7/24] P18 : part 6 [1] run;
Total 128+128=256 terms
[21/24] P4 : part 20 [1] run;
Total 32+32=64 terms
[19/24] P6 : part 18 [1] run;
Total 32+32=64 terms
[14/24] P11 : part 13 [1] run;
Total 128+128=256 terms
[6/24] P19 : part 5 [1] run;
Total 128+128=256 terms
Total 128+128=256 terms
done.
TwoParticleGF(2303): 24 parts will be calculated
TwoParticleGF(2303): 24 parts will be calculated
TwoParticleGF(2303): 24 parts will be calculated
TwoParticleGF(2303): 24 parts will be calculated
TwoParticleGF(2303): 24 parts will be calculated
TwoParticleGF(2303): 24 parts will be calculated
TwoParticleGF(2303): 24 parts will be calculated
TwoParticleGF(2303): 24 parts will be calculated
TwoParticleGF(2303): 24 parts will be calculated
TwoParticleGF(2303): 24 parts will be calculated
TwoParticleGF(2303): 24 parts will be calculated
TwoParticleGF(2303): 24 parts will be calculated
TwoParticleGF(2303): 24 parts will be calculated
TwoParticleGF(2303): 24 parts will be calculated
TwoParticleGF(2303): 24 parts will be calculated
TwoParticleGF(2303): 24 parts will be calculated
TwoParticleGF(2303): 24 parts will be calculated
TwoParticleGF(2303): 24 parts will be calculated
TwoParticleGF(2303): 24 parts will be calculated
TwoParticleGF(2303): 24 parts will be calculated
TwoParticleGF(2303): 24 parts will be calculated
TwoParticleGF(2303): 24 parts will be calculated
TwoParticleGF(2303): 24 parts will be calculated
TwoParticleGF(2303): 24 parts will be calculated
TwoParticleGF(2303): 24 parts will be calculated
TwoParticleGF(2303): 24 parts will be calculated
TwoParticleGF(2303): 24 parts will be calculated
TwoParticleGF(2303): 24 parts will be calculated
TwoParticleGF(2303): 24 parts will be calculated
TwoParticleGF(2303): 24 parts will be calculated
TwoParticleGF(2303): 24 parts will be calculated
TwoParticleGF(2303): 24 parts will be calculated
TwoParticleGF(2303): 24 parts will be calculated
TwoParticleGF(2303): 24 parts will be calculated
TwoParticleGF(2303): 24 parts will be calculated
TwoParticleGF(2303): 24 parts will be calculated
TwoParticleGF(2303): 24 parts will be calculated
TwoParticleGF(2303): 24 parts will be calculated
TwoParticleGF(2303): 24 parts will be calculated
TwoParticleGF(2303): 24 parts will be calculated
TwoParticleGF(2303): 24 parts will be calculated
TwoParticleGF(2303): 24 parts will be calculated
TwoParticleGF(2303): 24 parts will be calculated
TwoParticleGF(2303): 24 parts will be calculated
TwoParticleGF(2303): 24 parts will be calculated
TwoParticleGF(2303): 24 parts will be calculated
TwoParticleGF(2303): 24 parts will be calculated
TwoParticleGF(2303): 24 parts will be calculated
TwoParticleGF(2303): 24 parts will be calculated
TwoParticleGF(2303): 24 parts will be calculated
TwoParticleGF(2303): 24 parts will be calculated
TwoParticleGF(2303): 24 parts will be calculated
TwoParticleGF(2303): 24 parts will be calculated
TwoParticleGF(2303): 24 parts will be calculated
TwoParticleGF(2303): 24 parts will be calculated
TwoParticleGF(2303): 24 parts will be calculated
TwoParticleGF(2303): 24 parts will be calculated
TwoParticleGF(2303): 24 parts will be calculated
TwoParticleGF(2303): 24 parts will be calculated
TwoParticleGF(2303): 24 parts will be calculated
compute_g2: Filling G^2 element (dn,0)(dn,1)(up,1)(up,1)
TwoParticleGF(2303): 24 parts will be calculated
TwoParticleGF(2303): 24 parts will be calculated
TwoParticleGF(2303): 24 parts will be calculated
TwoParticleGF(2303): 24 parts will be calculated
TwoParticleGF(2303): 24 parts will be calculated
TwoParticleGF(2303): 24 parts will be calculated
TwoParticleGF(2303): 24 parts will be calculated
TwoParticleGF(2303): 24 parts will be calculated
TwoParticleGF(2303): 24 parts will be calculated
TwoParticleGF(2303): 24 parts will be calculated
TwoParticleGF(2303): 24 parts will be calculated
TwoParticleGF(2303): 24 parts will be calculated
TwoParticleGF(2303): 24 parts will be calculated
TwoParticleGF(2303): 24 parts will be calculated
TwoParticleGF(2303): 24 parts will be calculated
TwoParticleGF(2303): 24 parts will be calculated
TwoParticleGF(2303): 24 parts will be calculated
TwoParticleGF(2303): 24 parts will be calculated
TwoParticleGF(2303): 24 parts will be calculated
TwoParticleGF(2303): 24 parts will be calculated
TwoParticleGF(2303): 24 parts will be calculated
TwoParticleGF(2303): 24 parts will be calculated
TwoParticleGF(2303): 24 parts will be calculated
TwoParticleGF(2303): 24 parts will be calculated
TwoParticleGF(2303): 24 parts will be calculated
TwoParticleGF(2303): 24 parts will be calculated
TwoParticleGF(2303): 24 parts will be calculated
TwoParticleGF(2303): 24 parts will be calculated
TwoParticleGF(2303): 24 parts will be calculated
TwoParticleGF(2303): 24 parts will be calculated
[11/24] P14 : part 10 [1] run;
Total 32+32=64 terms
[15/24] P10 : part 14 [1] run;
Total 32+32=64 terms
[21/24] P4 : part 20 [1] run;
Total 32+32=64 terms
[19/24] P6 : part 18 [1] run;
Total 32+32=64 terms
[7/24] P18 : part 6 [1] run;
Total 128+128=256 terms
[3/24] P22 : part 2 [1] run;
Total 32+32=64 terms
[23/24] P2 : part 22 [1] run;
Total 32+32=64 terms
[17/24] P8 : part 16 [1] run;
Total 128+128=256 terms
[1/24] P12 : part 0 [1] run;
Total 32+32=64 terms
[9/24] P16 : part 8 [1] run;
Total 32+32=64 terms
Calculating 24 jobs using 90 procs.
[13/24] P0 : part 12 [1] run;
Total 32+32=64 terms
[5/24] P20 : part 4 [1] run;
Total 32+32=64 terms
[14/24] P11 : part 13 [1] run;
Total 128+128=256 terms
[22/24] P3 : part 21 [1] run;
Total 8+8=16 terms
[10/24] P15 : part 9 [1] run;
Total 32+32=64 terms
[16/24] P9 : part 15 [1] run;
Total 32+32=64 terms
[24/24] P1 : part 23 [1] run;
Total 32+32=64 terms
[6/24] P19 : part 5 [1] run;
Total 128+128=256 terms
[2/24] P23 : part 1 [1] run;
Total 8+8=16 terms
[20/24] P5 : part 19 [1] run;
Total 8+8=16 terms
[18/24] P7 : part 17 [1] run;
Total 32+32=64 terms
[4/24] P21 : part 3 [1] run;
Total 32+32=64 terms
[8/24] P17 : part 7 [1] run;
Total 32+32=64 terms
[12/24] P13 : part 11 [1] run;
Total 8+8=16 terms
done.
TwoParticleGF(0121): 24 parts will be calculated
TwoParticleGF(0121): 24 parts will be calculated
TwoParticleGF(0121): 24 parts will be calculated
TwoParticleGF(0121): 24 parts will be calculated
TwoParticleGF(0121): 24 parts will be calculated
TwoParticleGF(0121): 24 parts will be calculated
TwoParticleGF(0121): 24 parts will be calculated
TwoParticleGF(0121): 24 parts will be calculated
TwoParticleGF(0121): 24 parts will be calculated
TwoParticleGF(0121): 24 parts will be calculated
TwoParticleGF(0121): 24 parts will be calculated
TwoParticleGF(0121): 24 parts will be calculated
TwoParticleGF(0121): 24 parts will be calculated
TwoParticleGF(0121): 24 parts will be calculated
TwoParticleGF(0121): 24 parts will be calculated
TwoParticleGF(0121): 24 parts will be calculated
TwoParticleGF(0121): 24 parts will be calculated
TwoParticleGF(0121): 24 parts will be calculated
TwoParticleGF(0121): 24 parts will be calculated
TwoParticleGF(0121): 24 parts will be calculated
TwoParticleGF(0121): 24 parts will be calculated
TwoParticleGF(0121): 24 parts will be calculated
TwoParticleGF(0121): 24 parts will be calculated
TwoParticleGF(0121): 24 parts will be calculated
TwoParticleGF(0121): 24 parts will be calculated
TwoParticleGF(0121): 24 parts will be calculated
TwoParticleGF(0121): 24 parts will be calculated
TwoParticleGF(0121): 24 parts will be calculated
TwoParticleGF(0121): 24 parts will be calculated
TwoParticleGF(0121): 24 parts will be calculated
TwoParticleGF(0121): 24 parts will be calculated
TwoParticleGF(0121): 24 parts will be calculated
TwoParticleGF(0121): 24 parts will be calculated
TwoParticleGF(0121): 24 parts will be calculated
TwoParticleGF(0121): 24 parts will be calculated
TwoParticleGF(0121): 24 parts will be calculated
TwoParticleGF(0121): 24 parts will be calculated
TwoParticleGF(0121): 24 parts will be calculated
TwoParticleGF(0121): 24 parts will be calculated
TwoParticleGF(0121): 24 parts will be calculated
TwoParticleGF(0121): 24 parts will be calculated
TwoParticleGF(0121): 24 parts will be calculated
TwoParticleGF(0121): 24 parts will be calculated
TwoParticleGF(0121): 24 parts will be calculated
TwoParticleGF(0121): 24 parts will be calculated
TwoParticleGF(0121): 24 parts will be calculated
TwoParticleGF(0121): 24 parts will be calculated
TwoParticleGF(0121): 24 parts will be calculated
TwoParticleGF(0121): 24 parts will be calculated
TwoParticleGF(0121): 24 parts will be calculated
TwoParticleGF(0121): 24 parts will be calculated
TwoParticleGF(0121): 24 parts will be calculated
TwoParticleGF(0121): 24 parts will be calculated
TwoParticleGF(0121): 24 parts will be calculated
TwoParticleGF(0121): 24 parts will be calculated
TwoParticleGF(0121): 24 parts will be calculated
TwoParticleGF(0121): 24 parts will be calculated
TwoParticleGF(0121): 24 parts will be calculated
TwoParticleGF(0121): 24 parts will be calculated
TwoParticleGF(0121): 24 parts will be calculated
TwoParticleGF(0121): 24 parts will be calculated
TwoParticleGF(0121): 24 parts will be calculated
TwoParticleGF(0121): 24 parts will be calculated
TwoParticleGF(0121): 24 parts will be calculated
TwoParticleGF(0121): 24 parts will be calculated
TwoParticleGF(0121): 24 parts will be calculated
TwoParticleGF(0121): 24 parts will be calculated
TwoParticleGF(0121): 24 parts will be calculated
TwoParticleGF(0121): 24 parts will be calculated
TwoParticleGF(0121): 24 parts will be calculated
TwoParticleGF(0121): 24 parts will be calculated
TwoParticleGF(0121): 24 parts will be calculated
TwoParticleGF(0121): 24 parts will be calculated
TwoParticleGF(0121): 24 parts will be calculated
TwoParticleGF(0121): 24 parts will be calculated
TwoParticleGF(0121): 24 parts will be calculated
TwoParticleGF(0121): 24 parts will be calculated
TwoParticleGF(0121): 24 parts will be calculated
TwoParticleGF(0121): 24 parts will be calculated
TwoParticleGF(0121): 24 parts will be calculated
TwoParticleGF(0121): 24 parts will be calculated
compute_g2: Filling G^2 element (dn,1)(dn,0)(up,0)(up,0)
TwoParticleGF(0121): 24 parts will be calculated
TwoParticleGF(0121): 24 parts will be calculated
TwoParticleGF(0121): 24 parts will be calculated
TwoParticleGF(0121): 24 parts will be calculated
TwoParticleGF(0121): 24 parts will be calculated
TwoParticleGF(0121): 24 parts will be calculated
TwoParticleGF(0121): 24 parts will be calculated
TwoParticleGF(0121): 24 parts will be calculated
TwoParticleGF(0121): 24 parts will be calculated
Calculating 24 jobs using 90 procs.
[17/24] P8 : part 16 [1] run;
Total 128+128=256 terms
[12/24] P13 : part 11 [1] run;
Total 8+8=16 terms
[10/24] P15 : part 9 [1] run;
Total 32+32=64 terms
[24/24] P1 : part 23 [1] run;
Total 32+32=64 terms
[1/24] P12 : part 0 [1] run;
Total 32+32=64 terms
[9/24] P16 : part 8 [1] run;
Total 32+32=64 terms
[16/24] P9 : part 15 [1] run;
Total 32+32=64 terms
[6/24] P19 : part 5 [1] run;
Total 128+128=256 terms
[2/24] P23 : part 1 [1] run;
Total 8+8=16 terms
[11/24] P14 : part 10 [1] run;
Total 32+32=64 terms
[20/24] P5 : part 19 [1] run;
[18/24] P7 : part 17 [1] run;
Total 32+32=64 terms
[4/24] P21 : part 3 [1] run;
Total 32+32=64 terms
[21/24] P4 : part 20 [1] run;
Total 32+32=64 terms
[19/24] P6 : part 18 [1] run;
Total 32+32=64 terms
[8/24] P17 : part 7 [1] run;
Total 32+32=64 terms
[15/24] P10 : part 14 [1] run;
Total 32+32=64 terms
[5/24] P20 : part 4 [1] run;
Total 32+32=64 terms
[13/24] P0 : part 12 [1] run;
Total 32+32=64 terms
[7/24] P18 : part 6 [1] run;
Total 128+128=256 terms
[14/24] P11 : part 13 [1] run;
Total 128+128=256 terms
[3/24] P22 : part 2 [1] run;
Total 32+32=64 terms
[23/24] P2 : part 22 [1] run;
Total 32+32=64 terms
[22/24] P3 : part 21 [1] run;
Total 8+8=16 terms
Total 8+8=16 terms
done.
TwoParticleGF(0321): 24 parts will be calculated
TwoParticleGF(0321): 24 parts will be calculated
TwoParticleGF(0321): 24 parts will be calculated
TwoParticleGF(0321): 24 parts will be calculated
TwoParticleGF(0321): 24 parts will be calculated
TwoParticleGF(0321): 24 parts will be calculated
TwoParticleGF(0321): 24 parts will be calculated
TwoParticleGF(0321): 24 parts will be calculated
TwoParticleGF(0321): 24 parts will be calculated
TwoParticleGF(0321): 24 parts will be calculated
TwoParticleGF(0321): 24 parts will be calculated
TwoParticleGF(0321): 24 parts will be calculated
TwoParticleGF(0321): 24 parts will be calculated
TwoParticleGF(0321): 24 parts will be calculated
TwoParticleGF(0321): 24 parts will be calculated
TwoParticleGF(0321): 24 parts will be calculated
TwoParticleGF(0321): 24 parts will be calculated
TwoParticleGF(0321): 24 parts will be calculated
TwoParticleGF(0321): 24 parts will be calculated
TwoParticleGF(0321): 24 parts will be calculated
TwoParticleGF(0321): 24 parts will be calculated
TwoParticleGF(0321): 24 parts will be calculated
TwoParticleGF(0321): 24 parts will be calculated
TwoParticleGF(0321): 24 parts will be calculated
TwoParticleGF(0321): 24 parts will be calculated
TwoParticleGF(0321): 24 parts will be calculated
TwoParticleGF(0321): 24 parts will be calculated
TwoParticleGF(0321): 24 parts will be calculated
TwoParticleGF(0321): 24 parts will be calculated
TwoParticleGF(0321): 24 parts will be calculated
TwoParticleGF(0321): 24 parts will be calculated
TwoParticleGF(0321): 24 parts will be calculated
TwoParticleGF(0321): 24 parts will be calculated
TwoParticleGF(0321): 24 parts will be calculated
TwoParticleGF(0321): 24 parts will be calculated
TwoParticleGF(0321): 24 parts will be calculated
TwoParticleGF(0321): 24 parts will be calculated
TwoParticleGF(0321): 24 parts will be calculated
TwoParticleGF(0321): 24 parts will be calculated
TwoParticleGF(0321): 24 parts will be calculated
TwoParticleGF(0321): 24 parts will be calculated
TwoParticleGF(0321): 24 parts will be calculated
TwoParticleGF(0321): 24 parts will be calculated
TwoParticleGF(0321): 24 parts will be calculated
TwoParticleGF(0321): 24 parts will be calculated
TwoParticleGF(0321): 24 parts will be calculated
TwoParticleGF(0321): 24 parts will be calculated
TwoParticleGF(0321): 24 parts will be calculated
TwoParticleGF(0321): 24 parts will be calculated
TwoParticleGF(0321): 24 parts will be calculated
TwoParticleGF(0321): 24 parts will be calculated
TwoParticleGF(0321): 24 parts will be calculated
TwoParticleGF(0321): 24 parts will be calculated
TwoParticleGF(0321): 24 parts will be calculated
TwoParticleGF(0321): 24 parts will be calculated
TwoParticleGF(0321): 24 parts will be calculated
TwoParticleGF(0321): 24 parts will be calculated
TwoParticleGF(0321): 24 parts will be calculated
TwoParticleGF(0321): 24 parts will be calculated
TwoParticleGF(0321): 24 parts will be calculated
TwoParticleGF(0321): 24 parts will be calculated
TwoParticleGF(0321): 24 parts will be calculated
TwoParticleGF(0321): 24 parts will be calculated
TwoParticleGF(0321): 24 parts will be calculated
TwoParticleGF(0321): 24 parts will be calculated
TwoParticleGF(0321): 24 parts will be calculated
TwoParticleGF(0321): 24 parts will be calculated
TwoParticleGF(0321): 24 parts will be calculated
TwoParticleGF(0321): 24 parts will be calculated
TwoParticleGF(0321): 24 parts will be calculated
TwoParticleGF(0321): 24 parts will be calculated
TwoParticleGF(0321): 24 parts will be calculated
TwoParticleGF(0321): 24 parts will be calculated
TwoParticleGF(0321): 24 parts will be calculated
TwoParticleGF(0321): 24 parts will be calculated
TwoParticleGF(0321): 24 parts will be calculated
TwoParticleGF(0321): 24 parts will be calculated
TwoParticleGF(0321): 24 parts will be calculated
TwoParticleGF(0321): 24 parts will be calculated
TwoParticleGF(0321): 24 parts will be calculated
TwoParticleGF(0321): 24 parts will be calculated
TwoParticleGF(0321): 24 parts will be calculated
compute_g2: Filling G^2 element (dn,1)(dn,0)(up,0)(up,1)
TwoParticleGF(0321): 24 parts will be calculated
TwoParticleGF(0321): 24 parts will be calculated
TwoParticleGF(0321): 24 parts will be calculated
TwoParticleGF(0321): 24 parts will be calculated
TwoParticleGF(0321): 24 parts will be calculated
TwoParticleGF(0321): 24 parts will be calculated
TwoParticleGF(0321): 24 parts will be calculated
TwoParticleGF(0321): 24 parts will be calculated
Calculating 24 jobs using 90 procs.
[2/24] P23 : part 1 [1] run;
Total 8+8=16 terms
[11/24] P14 : part 10 [1] run;
Total 32+32=64 terms
[22/24] P3 : part 21 [1] run;
Total 8+8=16 terms
[18/24] P7 : part 17 [1] run;
Total 32+32=64 terms
[21/24] P4 : part 20 [1] run;
Total 32+32=64 terms
[19/24] P6 : part 18 [1] run;
Total 32+32=64 terms
[4/24] P21 : part 3 [1] run;
Total 32+32=64 terms
[6/24] P19 : part 5 [1] run;
Total 128+128=256 terms
[15/24] P10 : part 14 [1] run;
Total 32+32=64 terms
[8/24] P17 : part 7 [1] run;
Total 32+32=64 terms
[13/24] P0 : part 12 [1] run;
Total 32+32=64 terms
[20/24] P5 : part 19 [1] run;
Total 8+8=16 terms
[7/24] P18 : part 6 [1] run;
Total 128+128=256 terms
[14/24] P11 : part 13 [1] run;
Total 128+128=256 terms
[3/24] P22 : part 2 [1] run;
Total 32+32=64 terms
[23/24] P2 : part 22 [1] run;
[17/24] P8 : part 16 [1] run;
Total 128+128=256 terms
[12/24] P13 : part 11 [1] run;
Total 8+8=16 terms
[10/24] P15 : part 9 [1] run;
Total 32+32=64 terms
[24/24] P1 : part 23 [1] run;
Total 32+32=64 terms
[1/24] P12 : part 0 [1] run;
Total 32+32=64 terms
[5/24] P20 : part 4 [1] run;
Total 32+32=64 terms
[9/24] P16 : part 8 [1] run;
Total 32+32=64 terms
[16/24] P9 : part 15 [1] run;
Total 32+32=64 terms
Total 32+32=64 terms
done.
TwoParticleGF(0123): 24 parts will be calculated
TwoParticleGF(0123): 24 parts will be calculated
TwoParticleGF(0123): 24 parts will be calculated
TwoParticleGF(0123): 24 parts will be calculated
TwoParticleGF(0123): 24 parts will be calculated
TwoParticleGF(0123): 24 parts will be calculated
TwoParticleGF(0123): 24 parts will be calculated
TwoParticleGF(0123): 24 parts will be calculated
TwoParticleGF(0123): 24 parts will be calculated
TwoParticleGF(0123): 24 parts will be calculated
TwoParticleGF(0123): 24 parts will be calculated
TwoParticleGF(0123): 24 parts will be calculated
TwoParticleGF(0123): 24 parts will be calculated
TwoParticleGF(0123): 24 parts will be calculated
TwoParticleGF(0123): 24 parts will be calculated
TwoParticleGF(0123): 24 parts will be calculated
TwoParticleGF(0123): 24 parts will be calculated
TwoParticleGF(0123): 24 parts will be calculated
TwoParticleGF(0123): 24 parts will be calculated
TwoParticleGF(0123): 24 parts will be calculated
TwoParticleGF(0123): 24 parts will be calculated
TwoParticleGF(0123): 24 parts will be calculated
TwoParticleGF(0123): 24 parts will be calculated
TwoParticleGF(0123): 24 parts will be calculated
TwoParticleGF(0123): 24 parts will be calculated
TwoParticleGF(0123): 24 parts will be calculated
TwoParticleGF(0123): 24 parts will be calculated
TwoParticleGF(0123): 24 parts will be calculated
TwoParticleGF(0123): 24 parts will be calculated
TwoParticleGF(0123): 24 parts will be calculated
TwoParticleGF(0123): 24 parts will be calculated
TwoParticleGF(0123): 24 parts will be calculated
TwoParticleGF(0123): 24 parts will be calculated
TwoParticleGF(0123): 24 parts will be calculated
TwoParticleGF(0123): 24 parts will be calculated
TwoParticleGF(0123): 24 parts will be calculated
TwoParticleGF(0123): 24 parts will be calculated
TwoParticleGF(0123): 24 parts will be calculated
TwoParticleGF(0123): 24 parts will be calculated
TwoParticleGF(0123): 24 parts will be calculated
TwoParticleGF(0123): 24 parts will be calculated
TwoParticleGF(0123): 24 parts will be calculated
TwoParticleGF(0123): 24 parts will be calculated
TwoParticleGF(0123): 24 parts will be calculated
TwoParticleGF(0123): 24 parts will be calculated
TwoParticleGF(0123): 24 parts will be calculated
TwoParticleGF(0123): 24 parts will be calculated
TwoParticleGF(0123): 24 parts will be calculated
TwoParticleGF(0123): 24 parts will be calculated
TwoParticleGF(0123): 24 parts will be calculated
TwoParticleGF(0123): 24 parts will be calculated
TwoParticleGF(0123): 24 parts will be calculated
TwoParticleGF(0123): 24 parts will be calculated
TwoParticleGF(0123): 24 parts will be calculated
TwoParticleGF(0123): 24 parts will be calculated
TwoParticleGF(0123): 24 parts will be calculated
TwoParticleGF(0123): 24 parts will be calculated
TwoParticleGF(0123): 24 parts will be calculated
TwoParticleGF(0123): 24 parts will be calculated
TwoParticleGF(0123): 24 parts will be calculated
TwoParticleGF(0123): 24 parts will be calculated
TwoParticleGF(0123): 24 parts will be calculated
TwoParticleGF(0123): 24 parts will be calculated
TwoParticleGF(0123): 24 parts will be calculated
TwoParticleGF(0123): 24 parts will be calculated
TwoParticleGF(0123): 24 parts will be calculated
TwoParticleGF(0123): 24 parts will be calculated
TwoParticleGF(0123): 24 parts will be calculated
TwoParticleGF(0123): 24 parts will be calculated
TwoParticleGF(0123): 24 parts will be calculated
TwoParticleGF(0123): 24 parts will be calculated
TwoParticleGF(0123): 24 parts will be calculated
TwoParticleGF(0123): 24 parts will be calculated
TwoParticleGF(0123): 24 parts will be calculated
TwoParticleGF(0123): 24 parts will be calculated
TwoParticleGF(0123): 24 parts will be calculated
TwoParticleGF(0123): 24 parts will be calculated
TwoParticleGF(0123): 24 parts will be calculated
TwoParticleGF(0123): 24 parts will be calculated
TwoParticleGF(0123): 24 parts will be calculated
TwoParticleGF(0123): 24 parts will be calculated
TwoParticleGF(0123): 24 parts will be calculated
TwoParticleGF(0123): 24 parts will be calculated
TwoParticleGF(0123): 24 parts will be calculated
TwoParticleGF(0123): 24 parts will be calculated
TwoParticleGF(0123): 24 parts will be calculated
TwoParticleGF(0123): 24 parts will be calculated
compute_g2: Filling G^2 element (dn,1)(dn,0)(up,1)(up,0)
TwoParticleGF(0123): 24 parts will be calculated
Calculating 24 jobs using 90 procs.
TwoParticleGF(0123): 24 parts will be calculated
TwoParticleGF(0123): 24 parts will be calculated
[15/24] P10 : part 14 [1] run;
Total 32+32=64 terms
[4/24] P21 : part 3 [1] run;
Total 32+32=64 terms
[23/24] P2 : part 22 [1] run;
Total 32+32=64 terms
[20/24] P5 : part 19 [1] run;
Total 8+8=16 terms
[7/24] P18 : part 6 [1] run;
Total 128+128=256 terms
[14/24] P11 : part 13 [1] run;
Total 128+128=256 terms
[3/24] P22 : part 2 [1] run;
Total 32+32=64 terms
[17/24] P8 : part 16 [1] run;
Total 128+128=256 terms
[12/24] P13 : part 11 [1] run;
Total 8+8=16 terms
[10/24] P15 : part 9 [1] run;
Total 32+32=64 terms
[24/24] P1 : part 23 [1] run;
[16/24] P9 : part 15 [1] run;
Total 32+32=64 terms
[5/24] P20 : part 4 [1] run;
Total 32+32=64 terms
[1/24] P12 : part 0 [1] run;
Total 32+32=64 terms
[8/24] P17 : part 7 [1] run;
Total 32+32=64 terms
[2/24] P23 : part 1 [1] run;
Total 8+8=16 terms
[11/24] P14 : part 10 [1] run;
Total 32+32=64 terms
[22/24] P3 : part 21 [1] run;
Total 8+8=16 terms
[9/24] P16 : part 8 [1] run;
Total 32+32=64 terms
[18/24] P7 : part 17 [1] run;
Total 32+32=64 terms
[21/24] P4 : part 20 [1] run;
Total 32+32=64 terms
[19/24] P6 : part 18 [1] run;
Total 32+32=64 terms
[13/24] P0 : part 12 [1] run;
Total 32+32=64 terms
[6/24] P19 : part 5 [1] run;
Total 128+128=256 terms
Total 32+32=64 terms
done.
TwoParticleGF(0323): 24 parts will be calculated
TwoParticleGF(0323): 24 parts will be calculated
TwoParticleGF(0323): 24 parts will be calculated
TwoParticleGF(0323): 24 parts will be calculated
TwoParticleGF(0323): 24 parts will be calculated
TwoParticleGF(0323): 24 parts will be calculated
TwoParticleGF(0323): 24 parts will be calculated
TwoParticleGF(0323): 24 parts will be calculated
TwoParticleGF(0323): 24 parts will be calculated
TwoParticleGF(0323): 24 parts will be calculated
TwoParticleGF(0323): 24 parts will be calculated
TwoParticleGF(0323): 24 parts will be calculated
TwoParticleGF(0323): 24 parts will be calculated
TwoParticleGF(0323): 24 parts will be calculated
TwoParticleGF(0323): 24 parts will be calculated
TwoParticleGF(0323): 24 parts will be calculated
TwoParticleGF(0323): 24 parts will be calculated
TwoParticleGF(0323): 24 parts will be calculated
TwoParticleGF(0323): 24 parts will be calculated
TwoParticleGF(0323): 24 parts will be calculated
TwoParticleGF(0323): 24 parts will be calculated
TwoParticleGF(0323): 24 parts will be calculated
TwoParticleGF(0323): 24 parts will be calculated
TwoParticleGF(0323): 24 parts will be calculated
TwoParticleGF(0323): 24 parts will be calculated
TwoParticleGF(0323): 24 parts will be calculated
TwoParticleGF(0323): 24 parts will be calculated
TwoParticleGF(0323): 24 parts will be calculated
TwoParticleGF(0323): 24 parts will be calculated
TwoParticleGF(0323): 24 parts will be calculated
TwoParticleGF(0323): 24 parts will be calculated
TwoParticleGF(0323): 24 parts will be calculated
TwoParticleGF(0323): 24 parts will be calculated
TwoParticleGF(0323): 24 parts will be calculated
TwoParticleGF(0323): 24 parts will be calculated
TwoParticleGF(0323): 24 parts will be calculated
TwoParticleGF(0323): 24 parts will be calculated
TwoParticleGF(0323): 24 parts will be calculated
TwoParticleGF(0323): 24 parts will be calculated
TwoParticleGF(0323): 24 parts will be calculated
TwoParticleGF(0323): 24 parts will be calculated
TwoParticleGF(0323): 24 parts will be calculated
TwoParticleGF(0323): 24 parts will be calculated
TwoParticleGF(0323): 24 parts will be calculated
TwoParticleGF(0323): 24 parts will be calculated
TwoParticleGF(0323): 24 parts will be calculated
TwoParticleGF(0323): 24 parts will be calculated
TwoParticleGF(0323): 24 parts will be calculated
TwoParticleGF(0323): 24 parts will be calculated
TwoParticleGF(0323): 24 parts will be calculated
TwoParticleGF(0323): 24 parts will be calculated
TwoParticleGF(0323): 24 parts will be calculated
TwoParticleGF(0323): 24 parts will be calculated
TwoParticleGF(0323): 24 parts will be calculated
TwoParticleGF(0323): 24 parts will be calculated
TwoParticleGF(0323): 24 parts will be calculated
TwoParticleGF(0323): 24 parts will be calculated
TwoParticleGF(0323): 24 parts will be calculated
TwoParticleGF(0323): 24 parts will be calculated
TwoParticleGF(0323): 24 parts will be calculated
TwoParticleGF(0323): 24 parts will be calculated
TwoParticleGF(0323): 24 parts will be calculated
TwoParticleGF(0323): 24 parts will be calculated
TwoParticleGF(0323): 24 parts will be calculated
TwoParticleGF(0323): 24 parts will be calculated
TwoParticleGF(0323): 24 parts will be calculated
TwoParticleGF(0323): 24 parts will be calculated
TwoParticleGF(0323): 24 parts will be calculated
TwoParticleGF(0323): 24 parts will be calculated
TwoParticleGF(0323): 24 parts will be calculated
TwoParticleGF(0323): 24 parts will be calculated
TwoParticleGF(0323): 24 parts will be calculated
TwoParticleGF(0323): 24 parts will be calculated
TwoParticleGF(0323): 24 parts will be calculated
TwoParticleGF(0323): 24 parts will be calculated
TwoParticleGF(0323): 24 parts will be calculated
TwoParticleGF(0323): 24 parts will be calculated
TwoParticleGF(0323): 24 parts will be calculated
TwoParticleGF(0323): 24 parts will be calculated
TwoParticleGF(0323): 24 parts will be calculated
TwoParticleGF(0323): 24 parts will be calculated
TwoParticleGF(0323): 24 parts will be calculated
TwoParticleGF(0323): 24 parts will be calculated
TwoParticleGF(0323): 24 parts will be calculated
TwoParticleGF(0323): 24 parts will be calculated
TwoParticleGF(0323): 24 parts will be calculated
TwoParticleGF(0323): 24 parts will be calculated
TwoParticleGF(0323): 24 parts will be calculated
compute_g2: Filling G^2 element (dn,1)(dn,0)(up,1)(up,1)
TwoParticleGF(0323): 24 parts will be calculated
TwoParticleGF(0323): 24 parts will be calculated
[8/24] P17 : part 7 [1] run;
Total 32+32=64 terms
[2/24] P23 : part 1 [1] run;
Total 8+8=16 terms
[11/24] P14 : part 10 [1] run;
Total 32+32=64 terms
[22/24] P3 : part 21 [1] run;
Total 8+8=16 terms
[9/24] P16 : part 8 [1] run;
Total 32+32=64 terms
[21/24] P4 : part 20 [1] run;
Total 32+32=64 terms
Calculating 24 jobs using 90 procs.
[13/24] P0 : part 12 [1] run;
Total 32+32=64 terms
[19/24] P6 : part 18 [1] run;
Total 32+32=64 terms
[17/24] P8 : part 16 [1] run;
Total 128+128=256 terms
[15/24] P10 : part 14 [1] run;
Total 32+32=64 terms
[4/24] P21 : part 3 [1] run;
Total 32+32=64 terms
[23/24] P2 : part 22 [1] run;
Total 32+32=64 terms
[20/24] P5 : part 19 [1] run;
Total 8+8=16 terms
[7/24] P18 : part 6 [1] run;
Total 128+128=256 terms
[14/24] P11 : part 13 [1] run;
Total 128+128=256 terms
[3/24] P22 : part 2 [1] run;
Total 32+32=64 terms
[12/24] P13 : part 11 [1] run;
Total 8+8=16 terms
[6/24] P19 : part 5 [1] run;
Total 128+128=256 terms
[16/24] P9 : part 15 [1] run;
Total 32+32=64 terms
[10/24] P15 : part 9 [1] run;
Total 32+32=64 terms
[5/24] P20 : part 4 [1] run;
Total 32+32=64 terms
[1/24] P12 : part 0 [1] run;
Total 32+32=64 terms
[24/24] P1 : part 23 [1] run;
Total 32+32=64 terms
[18/24] P7 : part 17 [1] run;
Total 32+32=64 terms
done.
TwoParticleGF(2121): 24 parts will be calculated
TwoParticleGF(2121): 24 parts will be calculated
TwoParticleGF(2121): 24 parts will be calculated
TwoParticleGF(2121): 24 parts will be calculated
TwoParticleGF(2121): 24 parts will be calculated
TwoParticleGF(2121): 24 parts will be calculated
TwoParticleGF(2121): 24 parts will be calculated
TwoParticleGF(2121): 24 parts will be calculated
TwoParticleGF(2121): 24 parts will be calculated
TwoParticleGF(2121): 24 parts will be calculated
TwoParticleGF(2121): 24 parts will be calculated
TwoParticleGF(2121): 24 parts will be calculated
TwoParticleGF(2121): 24 parts will be calculated
TwoParticleGF(2121): 24 parts will be calculated
TwoParticleGF(2121): 24 parts will be calculated
TwoParticleGF(2121): 24 parts will be calculated
TwoParticleGF(2121): 24 parts will be calculated
TwoParticleGF(2121): 24 parts will be calculated
TwoParticleGF(2121): 24 parts will be calculated
TwoParticleGF(2121): 24 parts will be calculated
TwoParticleGF(2121): 24 parts will be calculated
TwoParticleGF(2121): 24 parts will be calculated
TwoParticleGF(2121): 24 parts will be calculated
TwoParticleGF(2121): 24 parts will be calculated
TwoParticleGF(2121): 24 parts will be calculated
TwoParticleGF(2121): 24 parts will be calculated
TwoParticleGF(2121): 24 parts will be calculated
TwoParticleGF(2121): 24 parts will be calculated
TwoParticleGF(2121): 24 parts will be calculated
TwoParticleGF(2121): 24 parts will be calculated
TwoParticleGF(2121): 24 parts will be calculated
TwoParticleGF(2121): 24 parts will be calculated
TwoParticleGF(2121): 24 parts will be calculated
TwoParticleGF(2121): 24 parts will be calculated
TwoParticleGF(2121): 24 parts will be calculated
TwoParticleGF(2121): 24 parts will be calculated
TwoParticleGF(2121): 24 parts will be calculated
TwoParticleGF(2121): 24 parts will be calculated
TwoParticleGF(2121): 24 parts will be calculated
TwoParticleGF(2121): 24 parts will be calculated
TwoParticleGF(2121): 24 parts will be calculated
TwoParticleGF(2121): 24 parts will be calculated
TwoParticleGF(2121): 24 parts will be calculated
compute_g2: Filling G^2 element (dn,1)(dn,1)(up,0)(up,0)
TwoParticleGF(2121): 24 parts will be calculated
Calculating 24 jobs using 90 procs.
TwoParticleGF(2121): 24 parts will be calculated
TwoParticleGF(2121): 24 parts will be calculated
TwoParticleGF(2121): 24 parts will be calculated
TwoParticleGF(2121): 24 parts will be calculated
TwoParticleGF(2121): 24 parts will be calculated
TwoParticleGF(2121): 24 parts will be calculated
TwoParticleGF(2121): 24 parts will be calculated
TwoParticleGF(2121): 24 parts will be calculated
TwoParticleGF(2121): 24 parts will be calculated
TwoParticleGF(2121): 24 parts will be calculated
TwoParticleGF(2121): 24 parts will be calculated
TwoParticleGF(2121): 24 parts will be calculated
TwoParticleGF(2121): 24 parts will be calculated
TwoParticleGF(2121): 24 parts will be calculated
TwoParticleGF(2121): 24 parts will be calculated
TwoParticleGF(2121): 24 parts will be calculated
TwoParticleGF(2121): 24 parts will be calculated
TwoParticleGF(2121): 24 parts will be calculated
TwoParticleGF(2121): 24 parts will be calculated
TwoParticleGF(2121): 24 parts will be calculated
TwoParticleGF(2121): 24 parts will be calculated
TwoParticleGF(2121): 24 parts will be calculated
TwoParticleGF(2121): 24 parts will be calculated
TwoParticleGF(2121): 24 parts will be calculated
TwoParticleGF(2121): 24 parts will be calculated
TwoParticleGF(2121): 24 parts will be calculated
TwoParticleGF(2121): 24 parts will be calculated
TwoParticleGF(2121): 24 parts will be calculated
TwoParticleGF(2121): 24 parts will be calculated
TwoParticleGF(2121): 24 parts will be calculated
TwoParticleGF(2121): 24 parts will be calculated
TwoParticleGF(2121): 24 parts will be calculated
TwoParticleGF(2121): 24 parts will be calculated
TwoParticleGF(2121): 24 parts will be calculated
TwoParticleGF(2121): 24 parts will be calculated
TwoParticleGF(2121): 24 parts will be calculated
TwoParticleGF(2121): 24 parts will be calculated
TwoParticleGF(2121): 24 parts will be calculated
TwoParticleGF(2121): 24 parts will be calculated
TwoParticleGF(2121): 24 parts will be calculated
TwoParticleGF(2121): 24 parts will be calculated
TwoParticleGF(2121): 24 parts will be calculated
TwoParticleGF(2121): 24 parts will be calculated
TwoParticleGF(2121): 24 parts will be calculated
TwoParticleGF(2121): 24 parts will be calculated
TwoParticleGF(2121): 24 parts will be calculated
[3/24] P22 : part 2 [1] run;
Total 32+32=64 terms
[12/24] P13 : part 11 [1] run;
Total 8+8=16 terms
[6/24] P19 : part 5 [1] run;
Total 128+128=256 terms
[16/24] P9 : part 15 [1] run;
Total 32+32=64 terms
[10/24] P15 : part 9 [1] run;
Total 32+32=64 terms
[2/24] P23 : part 1 [1] run;
Total 8+8=16 terms
[8/24] P17 : part 7 [1] run;
Total 32+32=64 terms
[11/24] P14 : part 10 [1] run;
Total 32+32=64 terms
[22/24] P3 : part 21 [1] run;
Total 8+8=16 terms
[9/24] P16 : part 8 [1] run;
Total 32+32=64 terms
[13/24] P0 : part 12 [1] run;
Total 32+32=64 terms
[24/24] P1 : part 23 [1] run;
[21/24] P4 : part 20 [1] run;
Total 32+32=64 terms
[18/24] P7 : part 17 [1] run;
Total 32+32=64 terms
[1/24] P12 : part 0 [1] run;
Total 32+32=64 terms
[19/24] P6 : part 18 [1] run;
Total 32+32=64 terms
[5/24] P20 : part 4 [1] run;
Total 32+32=64 terms
[17/24] P8 : part 16 [1] run;
Total 128+128=256 terms
[4/24] P21 : part 3 [1] run;
Total 32+32=64 terms
[15/24] P10 : part 14 [1] run;
Total 32+32=64 terms
[23/24] P2 : part 22 [1] run;
Total 32+32=64 terms
[20/24] P5 : part 19 [1] run;
Total 8+8=16 terms
[7/24] P18 : part 6 [1] run;
Total 128+128=256 terms
[14/24] P11 : part 13 [1] run;
Total 128+128=256 terms
Total 32+32=64 terms
done.
TwoParticleGF(2321): 24 parts will be calculated
TwoParticleGF(2321): 24 parts will be calculated
TwoParticleGF(2321): 24 parts will be calculated
TwoParticleGF(2321): 24 parts will be calculated
TwoParticleGF(2321): 24 parts will be calculated
TwoParticleGF(2321): 24 parts will be calculated
TwoParticleGF(2321): 24 parts will be calculated
TwoParticleGF(2321): 24 parts will be calculated
TwoParticleGF(2321): 24 parts will be calculated
TwoParticleGF(2321): 24 parts will be calculated
TwoParticleGF(2321): 24 parts will be calculated
TwoParticleGF(2321): 24 parts will be calculated
TwoParticleGF(2321): 24 parts will be calculated
TwoParticleGF(2321): 24 parts will be calculated
TwoParticleGF(2321): 24 parts will be calculated
TwoParticleGF(2321): 24 parts will be calculated
TwoParticleGF(2321): 24 parts will be calculated
TwoParticleGF(2321): 24 parts will be calculated
TwoParticleGF(2321): 24 parts will be calculated
TwoParticleGF(2321): 24 parts will be calculated
TwoParticleGF(2321): 24 parts will be calculated
TwoParticleGF(2321): 24 parts will be calculated
TwoParticleGF(2321): 24 parts will be calculated
TwoParticleGF(2321): 24 parts will be calculated
TwoParticleGF(2321): 24 parts will be calculated
TwoParticleGF(2321): 24 parts will be calculated
TwoParticleGF(2321): 24 parts will be calculated
TwoParticleGF(2321): 24 parts will be calculated
TwoParticleGF(2321): 24 parts will be calculated
TwoParticleGF(2321): 24 parts will be calculated
TwoParticleGF(2321): 24 parts will be calculated
TwoParticleGF(2321): 24 parts will be calculated
TwoParticleGF(2321): 24 parts will be calculated
TwoParticleGF(2321): 24 parts will be calculated
TwoParticleGF(2321): 24 parts will be calculated
TwoParticleGF(2321): 24 parts will be calculated
TwoParticleGF(2321): 24 parts will be calculated
TwoParticleGF(2321): 24 parts will be calculated
TwoParticleGF(2321): 24 parts will be calculated
TwoParticleGF(2321): 24 parts will be calculated
TwoParticleGF(2321): 24 parts will be calculated
TwoParticleGF(2321): 24 parts will be calculated
TwoParticleGF(2321): 24 parts will be calculated
TwoParticleGF(2321): 24 parts will be calculated
TwoParticleGF(2321): 24 parts will be calculated
TwoParticleGF(2321): 24 parts will be calculated
TwoParticleGF(2321): 24 parts will be calculated
TwoParticleGF(2321): 24 parts will be calculated
TwoParticleGF(2321): 24 parts will be calculated
TwoParticleGF(2321): 24 parts will be calculated
TwoParticleGF(2321): 24 parts will be calculated
TwoParticleGF(2321): 24 parts will be calculated
TwoParticleGF(2321): 24 parts will be calculated
TwoParticleGF(2321): 24 parts will be calculated
TwoParticleGF(2321): 24 parts will be calculated
TwoParticleGF(2321): 24 parts will be calculated
TwoParticleGF(2321): 24 parts will be calculated
TwoParticleGF(2321): 24 parts will be calculated
TwoParticleGF(2321): 24 parts will be calculated
TwoParticleGF(2321): 24 parts will be calculated
TwoParticleGF(2321): 24 parts will be calculated
TwoParticleGF(2321): 24 parts will be calculated
TwoParticleGF(2321): 24 parts will be calculated
TwoParticleGF(2321): 24 parts will be calculated
TwoParticleGF(2321): 24 parts will be calculated
TwoParticleGF(2321): 24 parts will be calculated
TwoParticleGF(2321): 24 parts will be calculated
TwoParticleGF(2321): 24 parts will be calculated
TwoParticleGF(2321): 24 parts will be calculated
TwoParticleGF(2321): 24 parts will be calculated
TwoParticleGF(2321): 24 parts will be calculated
TwoParticleGF(2321): 24 parts will be calculated
TwoParticleGF(2321): 24 parts will be calculated
TwoParticleGF(2321): 24 parts will be calculated
TwoParticleGF(2321): 24 parts will be calculated
TwoParticleGF(2321): 24 parts will be calculated
TwoParticleGF(2321): 24 parts will be calculated
TwoParticleGF(2321): 24 parts will be calculated
TwoParticleGF(2321): 24 parts will be calculated
TwoParticleGF(2321): 24 parts will be calculated
TwoParticleGF(2321): 24 parts will be calculated
TwoParticleGF(2321): 24 parts will be calculated
TwoParticleGF(2321): 24 parts will be calculated
TwoParticleGF(2321): 24 parts will be calculated
TwoParticleGF(2321): 24 parts will be calculated
TwoParticleGF(2321): 24 parts will be calculated
TwoParticleGF(2321): 24 parts will be calculated
TwoParticleGF(2321): 24 parts will be calculated
TwoParticleGF(2321): 24 parts will be calculated
compute_g2: Filling G^2 element (dn,1)(dn,1)(up,0)(up,1)
TwoParticleGF(2321): 24 parts will be calculated
[11/24] P14 : part 10 [1] run;
Total 32+32=64 terms
[22/24] P3 : part 21 [1] run;
Total 8+8=16 terms
[9/24] P16 : part 8 [1] run;
Total 32+32=64 terms
[8/24] P17 : part 7 [1] run;
Total 32+32=64 terms
[24/24] P1 : part 23 [1] run;
Total 32+32=64 terms
[21/24] P4 : part 20 [1] run;
Total 32+32=64 terms
[14/24] P11 : part 13 [1] run;
Total 128+128=256 terms
Calculating 24 jobs using 90 procs.
[13/24] P0 : part 12 [1] run;
Total 32+32=64 terms
[18/24] P7 : part 17 [1] run;
Total 32+32=64 terms
[1/24] P12 : part 0 [1] run;
Total 32+32=64 terms
[19/24] P6 : part 18 [1] run;
Total 32+32=64 terms
[5/24] P20 : part 4 [1] run;
Total 32+32=64 terms
[17/24] P8 : part 16 [1] run;
[4/24] P21 : part 3 [1] run;
Total 32+32=64 terms
[15/24] P10 : part 14 [1] run;
Total 32+32=64 terms
[23/24] P2 : part 22 [1] run;
Total 32+32=64 terms
[20/24] P5 : part 19 [1] run;
Total 8+8=16 terms
[7/24] P18 : part 6 [1] run;
Total 128+128=256 terms
[3/24] P22 : part 2 [1] run;
Total 32+32=64 terms
[12/24] P13 : part 11 [1] run;
Total 8+8=16 terms
[6/24] P19 : part 5 [1] run;
Total 128+128=256 terms
[16/24] P9 : part 15 [1] run;
Total 32+32=64 terms
[10/24] P15 : part 9 [1] run;
Total 32+32=64 terms
[2/24] P23 : part 1 [1] run;
Total 8+8=16 terms
Total 128+128=256 terms
done.
TwoParticleGF(2123): 24 parts will be calculated
TwoParticleGF(2123): 24 parts will be calculated
TwoParticleGF(2123): 24 parts will be calculated
TwoParticleGF(2123): 24 parts will be calculated
TwoParticleGF(2123): 24 parts will be calculated
TwoParticleGF(2123): 24 parts will be calculated
TwoParticleGF(2123): 24 parts will be calculated
TwoParticleGF(2123): 24 parts will be calculated
TwoParticleGF(2123): 24 parts will be calculated
TwoParticleGF(2123): 24 parts will be calculated
TwoParticleGF(2123): 24 parts will be calculated
TwoParticleGF(2123): 24 parts will be calculated
TwoParticleGF(2123): 24 parts will be calculated
TwoParticleGF(2123): 24 parts will be calculated
TwoParticleGF(2123): 24 parts will be calculated
TwoParticleGF(2123): 24 parts will be calculated
TwoParticleGF(2123): 24 parts will be calculated
TwoParticleGF(2123): 24 parts will be calculated
TwoParticleGF(2123): 24 parts will be calculated
TwoParticleGF(2123): 24 parts will be calculated
TwoParticleGF(2123): 24 parts will be calculated
TwoParticleGF(2123): 24 parts will be calculated
TwoParticleGF(2123): 24 parts will be calculated
TwoParticleGF(2123): 24 parts will be calculated
TwoParticleGF(2123): 24 parts will be calculated
TwoParticleGF(2123): 24 parts will be calculated
TwoParticleGF(2123): 24 parts will be calculated
TwoParticleGF(2123): 24 parts will be calculated
TwoParticleGF(2123): 24 parts will be calculated
TwoParticleGF(2123): 24 parts will be calculated
TwoParticleGF(2123): 24 parts will be calculated
TwoParticleGF(2123): 24 parts will be calculated
TwoParticleGF(2123): 24 parts will be calculated
TwoParticleGF(2123): 24 parts will be calculated
TwoParticleGF(2123): 24 parts will be calculated
TwoParticleGF(2123): 24 parts will be calculated
TwoParticleGF(2123): 24 parts will be calculated
TwoParticleGF(2123): 24 parts will be calculated
TwoParticleGF(2123): 24 parts will be calculated
TwoParticleGF(2123): 24 parts will be calculated
TwoParticleGF(2123): 24 parts will be calculated
TwoParticleGF(2123): 24 parts will be calculated
TwoParticleGF(2123): 24 parts will be calculated
TwoParticleGF(2123): 24 parts will be calculated
TwoParticleGF(2123): 24 parts will be calculated
TwoParticleGF(2123): 24 parts will be calculated
TwoParticleGF(2123): 24 parts will be calculated
TwoParticleGF(2123): 24 parts will be calculated
TwoParticleGF(2123): 24 parts will be calculated
TwoParticleGF(2123): 24 parts will be calculated
TwoParticleGF(2123): 24 parts will be calculated
TwoParticleGF(2123): 24 parts will be calculated
TwoParticleGF(2123): 24 parts will be calculated
TwoParticleGF(2123): 24 parts will be calculated
TwoParticleGF(2123): 24 parts will be calculated
TwoParticleGF(2123): 24 parts will be calculated
TwoParticleGF(2123): 24 parts will be calculated
TwoParticleGF(2123): 24 parts will be calculated
TwoParticleGF(2123): 24 parts will be calculated
TwoParticleGF(2123): 24 parts will be calculated
TwoParticleGF(2123): 24 parts will be calculated
TwoParticleGF(2123): 24 parts will be calculated
TwoParticleGF(2123): 24 parts will be calculated
TwoParticleGF(2123): 24 parts will be calculated
TwoParticleGF(2123): 24 parts will be calculated
TwoParticleGF(2123): 24 parts will be calculated
TwoParticleGF(2123): 24 parts will be calculated
TwoParticleGF(2123): 24 parts will be calculated
TwoParticleGF(2123): 24 parts will be calculated
compute_g2: Filling G^2 element (dn,1)(dn,1)(up,1)(up,0)
TwoParticleGF(2123): 24 parts will be calculated
TwoParticleGF(2123): 24 parts will be calculated
TwoParticleGF(2123): 24 parts will be calculated
TwoParticleGF(2123): 24 parts will be calculated
TwoParticleGF(2123): 24 parts will be calculated
TwoParticleGF(2123): 24 parts will be calculated
TwoParticleGF(2123): 24 parts will be calculated
TwoParticleGF(2123): 24 parts will be calculated
TwoParticleGF(2123): 24 parts will be calculated
TwoParticleGF(2123): 24 parts will be calculated
TwoParticleGF(2123): 24 parts will be calculated
TwoParticleGF(2123): 24 parts will be calculated
TwoParticleGF(2123): 24 parts will be calculated
TwoParticleGF(2123): 24 parts will be calculated
TwoParticleGF(2123): 24 parts will be calculated
TwoParticleGF(2123): 24 parts will be calculated
TwoParticleGF(2123): 24 parts will be calculated
TwoParticleGF(2123): 24 parts will be calculated
TwoParticleGF(2123): 24 parts will be calculated
TwoParticleGF(2123): 24 parts will be calculated
TwoParticleGF(2123): 24 parts will be calculated
Calculating 24 jobs using 90 procs.
[10/24] P15 : part 9 [1] run;
Total 32+32=64 terms
[11/24] P14 : part 10 [1] run;
Total 32+32=64 terms
[22/24] P3 : part 21 [1] run;
Total 8+8=16 terms
[9/24] P16 : part 8 [1] run;
Total 32+32=64 terms
[8/24] P17 : part 7 [1] run;
Total 32+32=64 terms
[14/24] P11 : part 13 [1] run;
Total 128+128=256 terms
[13/24] P0 : part 12 [1] run;
Total 32+32=64 terms
[24/24] P1 : part 23 [1] run;
[17/24] P8 : part 16 [1] run;
Total 128+128=256 terms
[1/24] P12 : part 0 [1] run;
Total 32+32=64 terms
[19/24] P6 : part 18 [1] run;
Total 32+32=64 terms
[6/24] P19 : part 5 [1] run;
Total 128+128=256 terms
[2/24] P23 : part 1 [1] run;
Total 8+8=16 terms
[21/24] P4 : part 20 [1] run;
Total 32+32=64 terms
[4/24] P21 : part 3 [1] run;
Total 32+32=64 terms
[5/24] P20 : part 4 [1] run;
Total 32+32=64 terms
[15/24] P10 : part 14 [1] run;
Total 32+32=64 terms
[23/24] P2 : part 22 [1] run;
Total 32+32=64 terms
[20/24] P5 : part 19 [1] run;
Total 8+8=16 terms
[18/24] P7 : part 17 [1] run;
Total 32+32=64 terms
[3/24] P22 : part 2 [1] run;
Total 32+32=64 terms
[7/24] P18 : part 6 [1] run;
Total 128+128=256 terms
[12/24] P13 : part 11 [1] run;
Total 8+8=16 terms
[16/24] P9 : part 15 [1] run;
Total 32+32=64 terms
Total 32+32=64 terms
done.
TwoParticleGF(2323): 24 parts will be calculated
TwoParticleGF(2323): 24 parts will be calculated
TwoParticleGF(2323): 24 parts will be calculated
TwoParticleGF(2323): 24 parts will be calculated
TwoParticleGF(2323): 24 parts will be calculated
TwoParticleGF(2323): 24 parts will be calculated
TwoParticleGF(2323): 24 parts will be calculated
TwoParticleGF(2323): 24 parts will be calculated
TwoParticleGF(2323): 24 parts will be calculated
TwoParticleGF(2323): 24 parts will be calculated
TwoParticleGF(2323): 24 parts will be calculated
TwoParticleGF(2323): 24 parts will be calculated
TwoParticleGF(2323): 24 parts will be calculated
TwoParticleGF(2323): 24 parts will be calculated
TwoParticleGF(2323): 24 parts will be calculated
TwoParticleGF(2323): 24 parts will be calculated
TwoParticleGF(2323): 24 parts will be calculated
TwoParticleGF(2323): 24 parts will be calculated
TwoParticleGF(2323): 24 parts will be calculated
TwoParticleGF(2323): 24 parts will be calculated
TwoParticleGF(2323): 24 parts will be calculated
TwoParticleGF(2323): 24 parts will be calculated
TwoParticleGF(2323): 24 parts will be calculated
TwoParticleGF(2323): 24 parts will be calculated
TwoParticleGF(2323): 24 parts will be calculated
TwoParticleGF(2323): 24 parts will be calculated
TwoParticleGF(2323): 24 parts will be calculated
TwoParticleGF(2323): 24 parts will be calculated
TwoParticleGF(2323): 24 parts will be calculated
TwoParticleGF(2323): 24 parts will be calculated
TwoParticleGF(2323): 24 parts will be calculated
TwoParticleGF(2323): 24 parts will be calculated
TwoParticleGF(2323): 24 parts will be calculated
TwoParticleGF(2323): 24 parts will be calculated
TwoParticleGF(2323): 24 parts will be calculated
TwoParticleGF(2323): 24 parts will be calculated
TwoParticleGF(2323): 24 parts will be calculated
TwoParticleGF(2323): 24 parts will be calculated
TwoParticleGF(2323): 24 parts will be calculated
TwoParticleGF(2323): 24 parts will be calculated
TwoParticleGF(2323): 24 parts will be calculated
TwoParticleGF(2323): 24 parts will be calculated
TwoParticleGF(2323): 24 parts will be calculated
TwoParticleGF(2323): 24 parts will be calculated
TwoParticleGF(2323): 24 parts will be calculated
TwoParticleGF(2323): 24 parts will be calculated
TwoParticleGF(2323): 24 parts will be calculated
TwoParticleGF(2323): 24 parts will be calculated
TwoParticleGF(2323): 24 parts will be calculated
TwoParticleGF(2323): 24 parts will be calculated
TwoParticleGF(2323): 24 parts will be calculated
TwoParticleGF(2323): 24 parts will be calculated
TwoParticleGF(2323): 24 parts will be calculated
TwoParticleGF(2323): 24 parts will be calculated
TwoParticleGF(2323): 24 parts will be calculated
TwoParticleGF(2323): 24 parts will be calculated
TwoParticleGF(2323): 24 parts will be calculated
TwoParticleGF(2323): 24 parts will be calculated
TwoParticleGF(2323): 24 parts will be calculated
TwoParticleGF(2323): 24 parts will be calculated
TwoParticleGF(2323): 24 parts will be calculated
TwoParticleGF(2323): 24 parts will be calculated
TwoParticleGF(2323): 24 parts will be calculated
TwoParticleGF(2323): 24 parts will be calculated
TwoParticleGF(2323): 24 parts will be calculated
TwoParticleGF(2323): 24 parts will be calculated
TwoParticleGF(2323): 24 parts will be calculated
TwoParticleGF(2323): 24 parts will be calculated
TwoParticleGF(2323): 24 parts will be calculated
TwoParticleGF(2323): 24 parts will be calculated
TwoParticleGF(2323): 24 parts will be calculated
TwoParticleGF(2323): 24 parts will be calculated
TwoParticleGF(2323): 24 parts will be calculated
TwoParticleGF(2323): 24 parts will be calculated
TwoParticleGF(2323): 24 parts will be calculated
compute_g2: Filling G^2 element (dn,1)(dn,1)(up,1)(up,1)
TwoParticleGF(2323): 24 parts will be calculated
TwoParticleGF(2323): 24 parts will be calculated
TwoParticleGF(2323): 24 parts will be calculated
TwoParticleGF(2323): 24 parts will be calculated
TwoParticleGF(2323): 24 parts will be calculated
TwoParticleGF(2323): 24 parts will be calculated
TwoParticleGF(2323): 24 parts will be calculated
TwoParticleGF(2323): 24 parts will be calculated
TwoParticleGF(2323): 24 parts will be calculated
TwoParticleGF(2323): 24 parts will be calculated
TwoParticleGF(2323): 24 parts will be calculated
TwoParticleGF(2323): 24 parts will be calculated
TwoParticleGF(2323): 24 parts will be calculated
TwoParticleGF(2323): 24 parts will be calculated
TwoParticleGF(2323): 24 parts will be calculated
Calculating 24 jobs using 90 procs.
[10/24] P15 : part 9 [1] run;
Total 32+32=64 terms
[11/24] P14 : part 10 [1] run;
Total 32+32=64 terms
[22/24] P3 : part 21 [1] run;
[9/24] P16 : part 8 [1] run;
Total 32+32=64 terms
[8/24] P17 : part 7 [1] run;
Total 32+32=64 terms
[13/24] P0 : part 12 [1] run;
Total 32+32=64 terms
[14/24] P11 : part 13 [1] run;
Total 128+128=256 terms
[24/24] P1 : part 23 [1] run;
Total 32+32=64 terms
[16/24] P9 : part 15 [1] run;
Total 32+32=64 terms
[17/24] P8 : part 16 [1] run;
Total 128+128=256 terms
[1/24] P12 : part 0 [1] run;
Total 32+32=64 terms
[19/24] P6 : part 18 [1] run;
Total 32+32=64 terms
[2/24] P23 : part 1 [1] run;
Total 8+8=16 terms
[21/24] P4 : part 20 [1] run;
Total 32+32=64 terms
[6/24] P19 : part 5 [1] run;
Total 128+128=256 terms
[4/24] P21 : part 3 [1] run;
Total 32+32=64 terms
[5/24] P20 : part 4 [1] run;
Total 32+32=64 terms
[15/24] P10 : part 14 [1] run;
Total 32+32=64 terms
[23/24] P2 : part 22 [1] run;
Total 32+32=64 terms
[20/24] P5 : part 19 [1] run;
Total 8+8=16 terms
[18/24] P7 : part 17 [1] run;
Total 32+32=64 terms
[3/24] P22 : part 2 [1] run;
Total 32+32=64 terms
[7/24] P18 : part 6 [1] run;
Total 128+128=256 terms
[12/24] P13 : part 11 [1] run;
Total 8+8=16 terms
Total 8+8=16 terms
done.
TwoParticleGF(0000): 24 parts will be calculated
TwoParticleGF(0000): 24 parts will be calculated
TwoParticleGF(0000): 24 parts will be calculated
TwoParticleGF(0000): 24 parts will be calculated
TwoParticleGF(0000): 24 parts will be calculated
TwoParticleGF(0000): 24 parts will be calculated
TwoParticleGF(0000): 24 parts will be calculated
TwoParticleGF(0000): 24 parts will be calculated
TwoParticleGF(0000): 24 parts will be calculated
TwoParticleGF(0000): 24 parts will be calculated
TwoParticleGF(0000): 24 parts will be calculated
TwoParticleGF(0000): 24 parts will be calculated
TwoParticleGF(0000): 24 parts will be calculated
TwoParticleGF(0000): 24 parts will be calculated
TwoParticleGF(0000): 24 parts will be calculated
TwoParticleGF(0000): 24 parts will be calculated
TwoParticleGF(0000): 24 parts will be calculated
TwoParticleGF(0000): 24 parts will be calculated
TwoParticleGF(0000): 24 parts will be calculated
TwoParticleGF(0000): 24 parts will be calculated
TwoParticleGF(0000): 24 parts will be calculated
TwoParticleGF(0000): 24 parts will be calculated
TwoParticleGF(0000): 24 parts will be calculated
TwoParticleGF(0000): 24 parts will be calculated
TwoParticleGF(0000): 24 parts will be calculated
TwoParticleGF(0000): 24 parts will be calculated
TwoParticleGF(0000): 24 parts will be calculated
TwoParticleGF(0000): 24 parts will be calculated
TwoParticleGF(0000): 24 parts will be calculated
TwoParticleGF(0000): 24 parts will be calculated
TwoParticleGF(0000): 24 parts will be calculated
TwoParticleGF(0000): 24 parts will be calculated
TwoParticleGF(0000): 24 parts will be calculated
TwoParticleGF(0000): 24 parts will be calculated
TwoParticleGF(0000): 24 parts will be calculated
TwoParticleGF(0000): 24 parts will be calculated
TwoParticleGF(0000): 24 parts will be calculated
TwoParticleGF(0000): 24 parts will be calculated
TwoParticleGF(0000): 24 parts will be calculated
TwoParticleGF(0000): 24 parts will be calculated
TwoParticleGF(0000): 24 parts will be calculated
TwoParticleGF(0000): 24 parts will be calculated
TwoParticleGF(0000): 24 parts will be calculated
TwoParticleGF(0000): 24 parts will be calculated
TwoParticleGF(0000): 24 parts will be calculated
TwoParticleGF(0000): 24 parts will be calculated
TwoParticleGF(0000): 24 parts will be calculated
TwoParticleGF(0000): 24 parts will be calculated
TwoParticleGF(0000): 24 parts will be calculated
TwoParticleGF(0000): 24 parts will be calculated
TwoParticleGF(0000): 24 parts will be calculated
TwoParticleGF(0000): 24 parts will be calculated
TwoParticleGF(0000): 24 parts will be calculated
TwoParticleGF(0000): 24 parts will be calculated
TwoParticleGF(0000): 24 parts will be calculated
TwoParticleGF(0000): 24 parts will be calculated
TwoParticleGF(0000): 24 parts will be calculated
TwoParticleGF(0000): 24 parts will be calculated
TwoParticleGF(0000): 24 parts will be calculated
TwoParticleGF(0000): 24 parts will be calculated
TwoParticleGF(0000): 24 parts will be calculated
TwoParticleGF(0000): 24 parts will be calculated
TwoParticleGF(0000): 24 parts will be calculated
TwoParticleGF(0000): 24 parts will be calculated
TwoParticleGF(0000): 24 parts will be calculated
TwoParticleGF(0000): 24 parts will be calculated
TwoParticleGF(0000): 24 parts will be calculated
TwoParticleGF(0000): 24 parts will be calculated
TwoParticleGF(0000): 24 parts will be calculated
TwoParticleGF(0000): 24 parts will be calculated
TwoParticleGF(0000): 24 parts will be calculated
TwoParticleGF(0000): 24 parts will be calculated
TwoParticleGF(0000): 24 parts will be calculated
TwoParticleGF(0000): 24 parts will be calculated
TwoParticleGF(0000): 24 parts will be calculated
TwoParticleGF(0000): 24 parts will be calculated
TwoParticleGF(0000): 24 parts will be calculated
TwoParticleGF(0000): 24 parts will be calculated
TwoParticleGF(0000): 24 parts will be calculated
TwoParticleGF(0000): 24 parts will be calculated
TwoParticleGF(0000): 24 parts will be calculated
TwoParticleGF(0000): 24 parts will be calculated
TwoParticleGF(0000): 24 parts will be calculated
TwoParticleGF(0000): 24 parts will be calculated
TwoParticleGF(0000): 24 parts will be calculated
TwoParticleGF(0000): 24 parts will be calculated
TwoParticleGF(0000): 24 parts will be calculated
TwoParticleGF(0000): 24 parts will be calculated
TwoParticleGF(0000): 24 parts will be calculated
compute_g2: Filling G^2 element (dn,0)(dn,0)(dn,0)(dn,0)
TwoParticleGF(0000): 24 parts will be calculated
[11/24] P14 : part 10 [1] run;
Total 128+128=256 terms
[12/24] P13 : part 11 [1] run;
Total 128+128=256 terms
Calculating 24 jobs using 90 procs.
[13/24] P0 : part 12 [1] run;
Total 128+128=256 terms
[17/24] P8 : part 16 [1] run;
Total 8+8=16 terms
[16/24] P9 : part 15 [1] run;
Total 128+128=256 terms
[1/24] P12 : part 0 [1] run;
Total 8+8=16 terms
[19/24] P6 : part 18 [1] run;
Total 8+8=16 terms
[6/24] P19 : part 5 [1] run;
Total 8+8=16 terms
[21/24] P4 : part 20 [1] run;
Total 8+8=16 terms
[4/24] P21 : part 3 [1] run;
Total 8+8=16 terms
[5/24] P20 : part 4 [1] run;
Total 8+8=16 terms
[15/24] P10 : part 14 [1] run;
Total 128+128=256 terms
[23/24] P2 : part 22 [1] run;
Total 8+8=16 terms
[20/24] P5 : part 19 [1] run;
Total 8+8=16 terms
[2/24] P23 : part 1 [1] run;
Total 8+8=16 terms
[3/24] P22 : part 2 [1] run;
Total 8+8=16 terms
[18/24] P7 : part 17 [1] run;
Total 8+8=16 terms
[7/24] P18 : part 6 [1] run;
Total 8+8=16 terms
[9/24] P16 : part 8 [1] run;
Total 128+128=256 terms
[22/24] P3 : part 21 [1] run;
Total 8+8=16 terms
[10/24] P15 : part 9 [1] run;
Total 128+128=256 terms
[14/24] P11 : part 13 [1] run;
[24/24] P1 : part 23 [1] run;
Total 8+8=16 terms
[8/24] P17 : part 7 [1] run;
Total 8+8=16 terms
Total 128+128=256 terms
done.
TwoParticleGF(0200): 24 parts will be calculated
TwoParticleGF(0200): 24 parts will be calculated
TwoParticleGF(0200): 24 parts will be calculated
TwoParticleGF(0200): 24 parts will be calculated
TwoParticleGF(0200): 24 parts will be calculated
TwoParticleGF(0200): 24 parts will be calculated
TwoParticleGF(0200): 24 parts will be calculated
TwoParticleGF(0200): 24 parts will be calculated
TwoParticleGF(0200): 24 parts will be calculated
TwoParticleGF(0200): 24 parts will be calculated
TwoParticleGF(0200): 24 parts will be calculated
TwoParticleGF(0200): 24 parts will be calculated
TwoParticleGF(0200): 24 parts will be calculated
TwoParticleGF(0200): 24 parts will be calculated
TwoParticleGF(0200): 24 parts will be calculated
TwoParticleGF(0200): 24 parts will be calculated
TwoParticleGF(0200): 24 parts will be calculated
TwoParticleGF(0200): 24 parts will be calculated
TwoParticleGF(0200): 24 parts will be calculated
TwoParticleGF(0200): 24 parts will be calculated
TwoParticleGF(0200): 24 parts will be calculated
TwoParticleGF(0200): 24 parts will be calculated
TwoParticleGF(0200): 24 parts will be calculated
TwoParticleGF(0200): 24 parts will be calculated
TwoParticleGF(0200): 24 parts will be calculated
TwoParticleGF(0200): 24 parts will be calculated
TwoParticleGF(0200): 24 parts will be calculated
TwoParticleGF(0200): 24 parts will be calculated
TwoParticleGF(0200): 24 parts will be calculated
TwoParticleGF(0200): 24 parts will be calculated
TwoParticleGF(0200): 24 parts will be calculated
TwoParticleGF(0200): 24 parts will be calculated
TwoParticleGF(0200): 24 parts will be calculated
TwoParticleGF(0200): 24 parts will be calculated
TwoParticleGF(0200): 24 parts will be calculated
TwoParticleGF(0200): 24 parts will be calculated
TwoParticleGF(0200): 24 parts will be calculated
TwoParticleGF(0200): 24 parts will be calculated
TwoParticleGF(0200): 24 parts will be calculated
TwoParticleGF(0200): 24 parts will be calculated
TwoParticleGF(0200): 24 parts will be calculated
TwoParticleGF(0200): 24 parts will be calculated
TwoParticleGF(0200): 24 parts will be calculated
TwoParticleGF(0200): 24 parts will be calculated
TwoParticleGF(0200): 24 parts will be calculated
TwoParticleGF(0200): 24 parts will be calculated
TwoParticleGF(0200): 24 parts will be calculated
TwoParticleGF(0200): 24 parts will be calculated
TwoParticleGF(0200): 24 parts will be calculated
TwoParticleGF(0200): 24 parts will be calculated
TwoParticleGF(0200): 24 parts will be calculated
TwoParticleGF(0200): 24 parts will be calculated
TwoParticleGF(0200): 24 parts will be calculated
TwoParticleGF(0200): 24 parts will be calculated
TwoParticleGF(0200): 24 parts will be calculated
TwoParticleGF(0200): 24 parts will be calculated
TwoParticleGF(0200): 24 parts will be calculated
TwoParticleGF(0200): 24 parts will be calculated
TwoParticleGF(0200): 24 parts will be calculated
TwoParticleGF(0200): 24 parts will be calculated
TwoParticleGF(0200): 24 parts will be calculated
TwoParticleGF(0200): 24 parts will be calculated
TwoParticleGF(0200): 24 parts will be calculated
TwoParticleGF(0200): 24 parts will be calculated
TwoParticleGF(0200): 24 parts will be calculated
TwoParticleGF(0200): 24 parts will be calculated
TwoParticleGF(0200): 24 parts will be calculated
TwoParticleGF(0200): 24 parts will be calculated
TwoParticleGF(0200): 24 parts will be calculated
TwoParticleGF(0200): 24 parts will be calculated
TwoParticleGF(0200): 24 parts will be calculated
TwoParticleGF(0200): 24 parts will be calculated
TwoParticleGF(0200): 24 parts will be calculated
TwoParticleGF(0200): 24 parts will be calculated
TwoParticleGF(0200): 24 parts will be calculated
TwoParticleGF(0200): 24 parts will be calculated
TwoParticleGF(0200): 24 parts will be calculated
TwoParticleGF(0200): 24 parts will be calculated
TwoParticleGF(0200): 24 parts will be calculated
TwoParticleGF(0200): 24 parts will be calculated
TwoParticleGF(0200): 24 parts will be calculated
TwoParticleGF(0200): 24 parts will be calculated
TwoParticleGF(0200): 24 parts will be calculated
TwoParticleGF(0200): 24 parts will be calculated
TwoParticleGF(0200): 24 parts will be calculated
TwoParticleGF(0200): 24 parts will be calculated
TwoParticleGF(0200): 24 parts will be calculated
TwoParticleGF(0200): 24 parts will be calculated
compute_g2: Filling G^2 element (dn,0)(dn,0)(dn,0)(dn,1)
TwoParticleGF(0200): 24 parts will be calculated
TwoParticleGF(0200): 24 parts will be calculated
Calculating 24 jobs using 90 procs.
[11/24] P14 : part 10 [1] run;
Total 128+128=256 terms
[19/24] P6 : part 18 [1] run;
Total 8+8=16 terms
[4/24] P21 : part 3 [1] run;
Total 8+8=16 terms
[21/24] P4 : part 20 [1] run;
Total 8+8=16 terms
[5/24] P20 : part 4 [1] run;
Total 8+8=16 terms
[6/24] P19 : part 5 [1] run;
Total 8+8=16 terms
[15/24] P10 : part 14 [1] run;
Total 128+128=256 terms
[23/24] P2 : part 22 [1] run;
[20/24] P5 : part 19 [1] run;
Total 8+8=16 terms
[2/24] P23 : part 1 [1] run;
Total 8+8=16 terms
[3/24] P22 : part 2 [1] run;
Total 8+8=16 terms
[18/24] P7 : part 17 [1] run;
Total 8+8=16 terms
[24/24] P1 : part 23 [1] run;
Total 8+8=16 terms
[12/24] P13 : part 11 [1] run;
Total 128+128=256 terms
[13/24] P0 : part 12 [1] run;
Total 128+128=256 terms
[7/24] P18 : part 6 [1] run;
Total 8+8=16 terms
[9/24] P16 : part 8 [1] run;
Total 128+128=256 terms
[10/24] P15 : part 9 [1] run;
Total 128+128=256 terms
[8/24] P17 : part 7 [1] run;
Total 8+8=16 terms
[14/24] P11 : part 13 [1] run;
Total 128+128=256 terms
[22/24] P3 : part 21 [1] run;
Total 8+8=16 terms
[17/24] P8 : part 16 [1] run;
Total 8+8=16 terms
[16/24] P9 : part 15 [1] run;
Total 128+128=256 terms
[1/24] P12 : part 0 [1] run;
Total 8+8=16 terms
Total 8+8=16 terms
done.
TwoParticleGF(0002): 24 parts will be calculated
TwoParticleGF(0002): 24 parts will be calculated
TwoParticleGF(0002): 24 parts will be calculated
TwoParticleGF(0002): 24 parts will be calculated
TwoParticleGF(0002): 24 parts will be calculated
TwoParticleGF(0002): 24 parts will be calculated
TwoParticleGF(0002): 24 parts will be calculated
TwoParticleGF(0002): 24 parts will be calculated
TwoParticleGF(0002): 24 parts will be calculated
TwoParticleGF(0002): 24 parts will be calculated
TwoParticleGF(0002): 24 parts will be calculated
TwoParticleGF(0002): 24 parts will be calculated
TwoParticleGF(0002): 24 parts will be calculated
TwoParticleGF(0002): 24 parts will be calculated
TwoParticleGF(0002): 24 parts will be calculated
TwoParticleGF(0002): 24 parts will be calculated
TwoParticleGF(0002): 24 parts will be calculated
TwoParticleGF(0002): 24 parts will be calculated
TwoParticleGF(0002): 24 parts will be calculated
TwoParticleGF(0002): 24 parts will be calculated
TwoParticleGF(0002): 24 parts will be calculated
TwoParticleGF(0002): 24 parts will be calculated
TwoParticleGF(0002): 24 parts will be calculated
TwoParticleGF(0002): 24 parts will be calculated
TwoParticleGF(0002): 24 parts will be calculated
TwoParticleGF(0002): 24 parts will be calculated
TwoParticleGF(0002): 24 parts will be calculated
TwoParticleGF(0002): 24 parts will be calculated
TwoParticleGF(0002): 24 parts will be calculated
TwoParticleGF(0002): 24 parts will be calculated
TwoParticleGF(0002): 24 parts will be calculated
TwoParticleGF(0002): 24 parts will be calculated
TwoParticleGF(0002): 24 parts will be calculated
TwoParticleGF(0002): 24 parts will be calculated
TwoParticleGF(0002): 24 parts will be calculated
TwoParticleGF(0002): 24 parts will be calculated
TwoParticleGF(0002): 24 parts will be calculated
TwoParticleGF(0002): 24 parts will be calculated
TwoParticleGF(0002): 24 parts will be calculated
TwoParticleGF(0002): 24 parts will be calculated
TwoParticleGF(0002): 24 parts will be calculated
TwoParticleGF(0002): 24 parts will be calculated
TwoParticleGF(0002): 24 parts will be calculated
TwoParticleGF(0002): 24 parts will be calculated
TwoParticleGF(0002): 24 parts will be calculated
TwoParticleGF(0002): 24 parts will be calculated
TwoParticleGF(0002): 24 parts will be calculated
TwoParticleGF(0002): 24 parts will be calculated
TwoParticleGF(0002): 24 parts will be calculated
TwoParticleGF(0002): 24 parts will be calculated
TwoParticleGF(0002): 24 parts will be calculated
TwoParticleGF(0002): 24 parts will be calculated
TwoParticleGF(0002): 24 parts will be calculated
TwoParticleGF(0002): 24 parts will be calculated
TwoParticleGF(0002): 24 parts will be calculated
TwoParticleGF(0002): 24 parts will be calculated
TwoParticleGF(0002): 24 parts will be calculated
TwoParticleGF(0002): 24 parts will be calculated
TwoParticleGF(0002): 24 parts will be calculated
TwoParticleGF(0002): 24 parts will be calculated
TwoParticleGF(0002): 24 parts will be calculated
TwoParticleGF(0002): 24 parts will be calculated
TwoParticleGF(0002): 24 parts will be calculated
TwoParticleGF(0002): 24 parts will be calculated
TwoParticleGF(0002): 24 parts will be calculated
TwoParticleGF(0002): 24 parts will be calculated
TwoParticleGF(0002): 24 parts will be calculated
TwoParticleGF(0002): 24 parts will be calculated
TwoParticleGF(0002): 24 parts will be calculated
TwoParticleGF(0002): 24 parts will be calculated
TwoParticleGF(0002): 24 parts will be calculated
TwoParticleGF(0002): 24 parts will be calculated
TwoParticleGF(0002): 24 parts will be calculated
TwoParticleGF(0002): 24 parts will be calculated
TwoParticleGF(0002): 24 parts will be calculated
TwoParticleGF(0002): 24 parts will be calculated
TwoParticleGF(0002): 24 parts will be calculated
TwoParticleGF(0002): 24 parts will be calculated
TwoParticleGF(0002): 24 parts will be calculated
TwoParticleGF(0002): 24 parts will be calculated
TwoParticleGF(0002): 24 parts will be calculated
TwoParticleGF(0002): 24 parts will be calculated
TwoParticleGF(0002): 24 parts will be calculated
compute_g2: Filling G^2 element (dn,0)(dn,0)(dn,1)(dn,0)
TwoParticleGF(0002): 24 parts will be calculated
TwoParticleGF(0002): 24 parts will be calculated
TwoParticleGF(0002): 24 parts will be calculated
TwoParticleGF(0002): 24 parts will be calculated
TwoParticleGF(0002): 24 parts will be calculated
TwoParticleGF(0002): 24 parts will be calculated
TwoParticleGF(0002): 24 parts will be calculated
[16/24] P9 : part 15 [1] run;
Total 128+128=256 terms
[12/24] P13 : part 11 [1] run;
Total 128+128=256 terms
[11/24] P14 : part 10 [1] run;
Total 128+128=256 terms
[19/24] P6 : part 18 [1] run;
Total 8+8=16 terms
[4/24] P21 : part 3 [1] run;
Total 8+8=16 terms
Calculating 24 jobs using 90 procs.
[13/24] P0 : part 12 [1] run;
Total 128+128=256 terms
[21/24] P4 : part 20 [1] run;
[5/24] P20 : part 4 [1] run;
Total 8+8=16 terms
[6/24] P19 : part 5 [1] run;
Total 8+8=16 terms
[1/24] P12 : part 0 [1] run;
Total 8+8=16 terms
[15/24] P10 : part 14 [1] run;
Total 128+128=256 terms
[2/24] P23 : part 1 [1] run;
Total 8+8=16 terms
[20/24] P5 : part 19 [1] run;
Total 8+8=16 terms
[3/24] P22 : part 2 [1] run;
Total 8+8=16 terms
[18/24] P7 : part 17 [1] run;
Total 8+8=16 terms
[23/24] P2 : part 22 [1] run;
Total 8+8=16 terms
[7/24] P18 : part 6 [1] run;
Total 8+8=16 terms
[9/24] P16 : part 8 [1] run;
Total 128+128=256 terms
[10/24] P15 : part 9 [1] run;
Total 128+128=256 terms
[8/24] P17 : part 7 [1] run;
Total 8+8=16 terms
[14/24] P11 : part 13 [1] run;
Total 128+128=256 terms
[22/24] P3 : part 21 [1] run;
Total 8+8=16 terms
[17/24] P8 : part 16 [1] run;
Total 8+8=16 terms
[24/24] P1 : part 23 [1] run;
Total 8+8=16 terms
Total 8+8=16 terms
done.
TwoParticleGF(0202): 24 parts will be calculated
TwoParticleGF(0202): 24 parts will be calculated
TwoParticleGF(0202): 24 parts will be calculated
TwoParticleGF(0202): 24 parts will be calculated
TwoParticleGF(0202): 24 parts will be calculated
TwoParticleGF(0202): 24 parts will be calculated
TwoParticleGF(0202): 24 parts will be calculated
TwoParticleGF(0202): 24 parts will be calculated
TwoParticleGF(0202): 24 parts will be calculated
TwoParticleGF(0202): 24 parts will be calculated
TwoParticleGF(0202): 24 parts will be calculated
TwoParticleGF(0202): 24 parts will be calculated
TwoParticleGF(0202): 24 parts will be calculated
TwoParticleGF(0202): 24 parts will be calculated
TwoParticleGF(0202): 24 parts will be calculated
TwoParticleGF(0202): 24 parts will be calculated
TwoParticleGF(0202): 24 parts will be calculated
TwoParticleGF(0202): 24 parts will be calculated
TwoParticleGF(0202): 24 parts will be calculated
TwoParticleGF(0202): 24 parts will be calculated
TwoParticleGF(0202): 24 parts will be calculated
TwoParticleGF(0202): 24 parts will be calculated
TwoParticleGF(0202): 24 parts will be calculated
TwoParticleGF(0202): 24 parts will be calculated
TwoParticleGF(0202): 24 parts will be calculated
TwoParticleGF(0202): 24 parts will be calculated
TwoParticleGF(0202): 24 parts will be calculated
TwoParticleGF(0202): 24 parts will be calculated
TwoParticleGF(0202): 24 parts will be calculated
TwoParticleGF(0202): 24 parts will be calculated
TwoParticleGF(0202): 24 parts will be calculated
TwoParticleGF(0202): 24 parts will be calculated
TwoParticleGF(0202): 24 parts will be calculated
TwoParticleGF(0202): 24 parts will be calculated
TwoParticleGF(0202): 24 parts will be calculated
TwoParticleGF(0202): 24 parts will be calculated
TwoParticleGF(0202): 24 parts will be calculated
TwoParticleGF(0202): 24 parts will be calculated
TwoParticleGF(0202): 24 parts will be calculated
TwoParticleGF(0202): 24 parts will be calculated
TwoParticleGF(0202): 24 parts will be calculated
TwoParticleGF(0202): 24 parts will be calculated
TwoParticleGF(0202): 24 parts will be calculated
TwoParticleGF(0202): 24 parts will be calculated
TwoParticleGF(0202): 24 parts will be calculated
TwoParticleGF(0202): 24 parts will be calculated
compute_g2: Filling G^2 element (dn,0)(dn,0)(dn,1)(dn,1)
TwoParticleGF(0202): 24 parts will be calculated
TwoParticleGF(0202): 24 parts will be calculated
TwoParticleGF(0202): 24 parts will be calculated
TwoParticleGF(0202): 24 parts will be calculated
TwoParticleGF(0202): 24 parts will be calculated
TwoParticleGF(0202): 24 parts will be calculated
TwoParticleGF(0202): 24 parts will be calculated
TwoParticleGF(0202): 24 parts will be calculated
TwoParticleGF(0202): 24 parts will be calculated
TwoParticleGF(0202): 24 parts will be calculated
TwoParticleGF(0202): 24 parts will be calculated
TwoParticleGF(0202): 24 parts will be calculated
TwoParticleGF(0202): 24 parts will be calculated
TwoParticleGF(0202): 24 parts will be calculated
TwoParticleGF(0202): 24 parts will be calculated
TwoParticleGF(0202): 24 parts will be calculated
TwoParticleGF(0202): 24 parts will be calculated
TwoParticleGF(0202): 24 parts will be calculated
TwoParticleGF(0202): 24 parts will be calculated
TwoParticleGF(0202): 24 parts will be calculated
TwoParticleGF(0202): 24 parts will be calculated
TwoParticleGF(0202): 24 parts will be calculated
TwoParticleGF(0202): 24 parts will be calculated
TwoParticleGF(0202): 24 parts will be calculated
TwoParticleGF(0202): 24 parts will be calculated
TwoParticleGF(0202): 24 parts will be calculated
TwoParticleGF(0202): 24 parts will be calculated
TwoParticleGF(0202): 24 parts will be calculated
TwoParticleGF(0202): 24 parts will be calculated
TwoParticleGF(0202): 24 parts will be calculated
TwoParticleGF(0202): 24 parts will be calculated
TwoParticleGF(0202): 24 parts will be calculated
TwoParticleGF(0202): 24 parts will be calculated
TwoParticleGF(0202): 24 parts will be calculated
TwoParticleGF(0202): 24 parts will be calculated
TwoParticleGF(0202): 24 parts will be calculated
TwoParticleGF(0202): 24 parts will be calculated
TwoParticleGF(0202): 24 parts will be calculated
TwoParticleGF(0202): 24 parts will be calculated
TwoParticleGF(0202): 24 parts will be calculated
TwoParticleGF(0202): 24 parts will be calculated
TwoParticleGF(0202): 24 parts will be calculated
TwoParticleGF(0202): 24 parts will be calculated
Calculating 24 jobs using 90 procs.
TwoParticleGF(0202): 24 parts will be calculated
[17/24] P8 : part 16 [1] run;
Total 8+8=16 terms
[18/24] P7 : part 17 [1] run;
Total 8+8=16 terms
[23/24] P2 : part 22 [1] run;
Total 8+8=16 terms
[7/24] P18 : part 6 [1] run;
Total 8+8=16 terms
[9/24] P16 : part 8 [1] run;
Total 128+128=256 terms
[10/24] P15 : part 9 [1] run;
Total 128+128=256 terms
[8/24] P17 : part 7 [1] run;
Total 8+8=16 terms
[14/24] P11 : part 13 [1] run;
Total 128+128=256 terms
[22/24] P3 : part 21 [1] run;
Total 8+8=16 terms
[16/24] P9 : part 15 [1] run;
Total 128+128=256 terms
[11/24] P14 : part 10 [1] run;
Total 128+128=256 terms
[19/24] P6 : part 18 [1] run;
Total 8+8=16 terms
[4/24] P21 : part 3 [1] run;
Total 8+8=16 terms
[12/24] P13 : part 11 [1] run;
Total 128+128=256 terms
[21/24] P4 : part 20 [1] run;
Total 8+8=16 terms
[24/24] P1 : part 23 [1] run;
[13/24] P0 : part 12 [1] run;
Total 128+128=256 terms
[5/24] P20 : part 4 [1] run;
Total 8+8=16 terms
[6/24] P19 : part 5 [1] run;
Total 8+8=16 terms
[1/24] P12 : part 0 [1] run;
Total 8+8=16 terms
[15/24] P10 : part 14 [1] run;
Total 128+128=256 terms
[2/24] P23 : part 1 [1] run;
Total 8+8=16 terms
[20/24] P5 : part 19 [1] run;
Total 8+8=16 terms
[3/24] P22 : part 2 [1] run;
Total 8+8=16 terms
Total 8+8=16 terms
done.
TwoParticleGF(2000): 24 parts will be calculated
TwoParticleGF(2000): 24 parts will be calculated
TwoParticleGF(2000): 24 parts will be calculated
TwoParticleGF(2000): 24 parts will be calculated
TwoParticleGF(2000): 24 parts will be calculated
TwoParticleGF(2000): 24 parts will be calculated
TwoParticleGF(2000): 24 parts will be calculated
TwoParticleGF(2000): 24 parts will be calculated
TwoParticleGF(2000): 24 parts will be calculated
TwoParticleGF(2000): 24 parts will be calculated
TwoParticleGF(2000): 24 parts will be calculated
TwoParticleGF(2000): 24 parts will be calculated
TwoParticleGF(2000): 24 parts will be calculated
TwoParticleGF(2000): 24 parts will be calculated
TwoParticleGF(2000): 24 parts will be calculated
TwoParticleGF(2000): 24 parts will be calculated
TwoParticleGF(2000): 24 parts will be calculated
TwoParticleGF(2000): 24 parts will be calculated
TwoParticleGF(2000): 24 parts will be calculated
TwoParticleGF(2000): 24 parts will be calculated
TwoParticleGF(2000): 24 parts will be calculated
TwoParticleGF(2000): 24 parts will be calculated
TwoParticleGF(2000): 24 parts will be calculated
TwoParticleGF(2000): 24 parts will be calculated
TwoParticleGF(2000): 24 parts will be calculated
TwoParticleGF(2000): 24 parts will be calculated
TwoParticleGF(2000): 24 parts will be calculated
TwoParticleGF(2000): 24 parts will be calculated
TwoParticleGF(2000): 24 parts will be calculated
TwoParticleGF(2000): 24 parts will be calculated
TwoParticleGF(2000): 24 parts will be calculated
TwoParticleGF(2000): 24 parts will be calculated
TwoParticleGF(2000): 24 parts will be calculated
TwoParticleGF(2000): 24 parts will be calculated
TwoParticleGF(2000): 24 parts will be calculated
TwoParticleGF(2000): 24 parts will be calculated
TwoParticleGF(2000): 24 parts will be calculated
TwoParticleGF(2000): 24 parts will be calculated
TwoParticleGF(2000): 24 parts will be calculated
TwoParticleGF(2000): 24 parts will be calculated
TwoParticleGF(2000): 24 parts will be calculated
TwoParticleGF(2000): 24 parts will be calculated
TwoParticleGF(2000): 24 parts will be calculated
TwoParticleGF(2000): 24 parts will be calculated
TwoParticleGF(2000): 24 parts will be calculated
TwoParticleGF(2000): 24 parts will be calculated
TwoParticleGF(2000): 24 parts will be calculated
TwoParticleGF(2000): 24 parts will be calculated
TwoParticleGF(2000): 24 parts will be calculated
TwoParticleGF(2000): 24 parts will be calculated
TwoParticleGF(2000): 24 parts will be calculated
TwoParticleGF(2000): 24 parts will be calculated
TwoParticleGF(2000): 24 parts will be calculated
TwoParticleGF(2000): 24 parts will be calculated
TwoParticleGF(2000): 24 parts will be calculated
TwoParticleGF(2000): 24 parts will be calculated
TwoParticleGF(2000): 24 parts will be calculated
TwoParticleGF(2000): 24 parts will be calculated
TwoParticleGF(2000): 24 parts will be calculated
TwoParticleGF(2000): 24 parts will be calculated
TwoParticleGF(2000): 24 parts will be calculated
TwoParticleGF(2000): 24 parts will be calculated
TwoParticleGF(2000): 24 parts will be calculated
TwoParticleGF(2000): 24 parts will be calculated
TwoParticleGF(2000): 24 parts will be calculated
TwoParticleGF(2000): 24 parts will be calculated
TwoParticleGF(2000): 24 parts will be calculated
TwoParticleGF(2000): 24 parts will be calculated
TwoParticleGF(2000): 24 parts will be calculated
TwoParticleGF(2000): 24 parts will be calculated
TwoParticleGF(2000): 24 parts will be calculated
TwoParticleGF(2000): 24 parts will be calculated
TwoParticleGF(2000): 24 parts will be calculated
TwoParticleGF(2000): 24 parts will be calculated
TwoParticleGF(2000): 24 parts will be calculated
TwoParticleGF(2000): 24 parts will be calculated
TwoParticleGF(2000): 24 parts will be calculated
TwoParticleGF(2000): 24 parts will be calculated
TwoParticleGF(2000): 24 parts will be calculated
TwoParticleGF(2000): 24 parts will be calculated
TwoParticleGF(2000): 24 parts will be calculated
TwoParticleGF(2000): 24 parts will be calculated
TwoParticleGF(2000): 24 parts will be calculated
TwoParticleGF(2000): 24 parts will be calculated
TwoParticleGF(2000): 24 parts will be calculated
compute_g2: Filling G^2 element (dn,0)(dn,1)(dn,0)(dn,0)
TwoParticleGF(2000): 24 parts will be calculated
TwoParticleGF(2000): 24 parts will be calculated
TwoParticleGF(2000): 24 parts will be calculated
TwoParticleGF(2000): 24 parts will be calculated
TwoParticleGF(2000): 24 parts will be calculated
Calculating 24 jobs using 90 procs.
[9/24] P16 : part 8 [1] run;
Total 128+128=256 terms
[10/24] P15 : part 9 [1] run;
Total 128+128=256 terms
[8/24] P17 : part 7 [1] run;
Total 8+8=16 terms
[14/24] P11 : part 13 [1] run;
Total 128+128=256 terms
[18/24] P7 : part 17 [1] run;
Total 8+8=16 terms
[22/24] P3 : part 21 [1] run;
Total 8+8=16 terms
[11/24] P14 : part 10 [1] run;
Total 128+128=256 terms
[4/24] P21 : part 3 [1] run;
Total 8+8=16 terms
[12/24] P13 : part 11 [1] run;
Total 128+128=256 terms
[19/24] P6 : part 18 [1] run;
Total 8+8=16 terms
[3/24] P22 : part 2 [1] run;
Total 8+8=16 terms
[21/24] P4 : part 20 [1] run;
Total 8+8=16 terms
[24/24] P1 : part 23 [1] run;
[5/24] P20 : part 4 [1] run;
Total 8+8=16 terms
[1/24] P12 : part 0 [1] run;
Total 8+8=16 terms
[16/24] P9 : part 15 [1] run;
Total 128+128=256 terms
[2/24] P23 : part 1 [1] run;
Total 8+8=16 terms
[6/24] P19 : part 5 [1] run;
Total 8+8=16 terms
[20/24] P5 : part 19 [1] run;
Total 8+8=16 terms
[13/24] P0 : part 12 [1] run;
Total 128+128=256 terms
[15/24] P10 : part 14 [1] run;
Total 128+128=256 terms
[17/24] P8 : part 16 [1] run;
Total 8+8=16 terms
[23/24] P2 : part 22 [1] run;
Total 8+8=16 terms
[7/24] P18 : part 6 [1] run;
Total 8+8=16 terms
Total 8+8=16 terms
done.
TwoParticleGF(2200): 24 parts will be calculated
TwoParticleGF(2200): 24 parts will be calculated
TwoParticleGF(2200): 24 parts will be calculated
TwoParticleGF(2200): 24 parts will be calculated
TwoParticleGF(2200): 24 parts will be calculated
TwoParticleGF(2200): 24 parts will be calculated
TwoParticleGF(2200): 24 parts will be calculated
TwoParticleGF(2200): 24 parts will be calculated
TwoParticleGF(2200): 24 parts will be calculated
TwoParticleGF(2200): 24 parts will be calculated
TwoParticleGF(2200): 24 parts will be calculated
TwoParticleGF(2200): 24 parts will be calculated
TwoParticleGF(2200): 24 parts will be calculated
TwoParticleGF(2200): 24 parts will be calculated
TwoParticleGF(2200): 24 parts will be calculated
TwoParticleGF(2200): 24 parts will be calculated
TwoParticleGF(2200): 24 parts will be calculated
TwoParticleGF(2200): 24 parts will be calculated
TwoParticleGF(2200): 24 parts will be calculated
TwoParticleGF(2200): 24 parts will be calculated
TwoParticleGF(2200): 24 parts will be calculated
TwoParticleGF(2200): 24 parts will be calculated
TwoParticleGF(2200): 24 parts will be calculated
TwoParticleGF(2200): 24 parts will be calculated
TwoParticleGF(2200): 24 parts will be calculated
TwoParticleGF(2200): 24 parts will be calculated
TwoParticleGF(2200): 24 parts will be calculated
TwoParticleGF(2200): 24 parts will be calculated
TwoParticleGF(2200): 24 parts will be calculated
TwoParticleGF(2200): 24 parts will be calculated
TwoParticleGF(2200): 24 parts will be calculated
TwoParticleGF(2200): 24 parts will be calculated
TwoParticleGF(2200): 24 parts will be calculated
TwoParticleGF(2200): 24 parts will be calculated
TwoParticleGF(2200): 24 parts will be calculated
TwoParticleGF(2200): 24 parts will be calculated
TwoParticleGF(2200): 24 parts will be calculated
TwoParticleGF(2200): 24 parts will be calculated
TwoParticleGF(2200): 24 parts will be calculated
TwoParticleGF(2200): 24 parts will be calculated
TwoParticleGF(2200): 24 parts will be calculated
TwoParticleGF(2200): 24 parts will be calculated
TwoParticleGF(2200): 24 parts will be calculated
TwoParticleGF(2200): 24 parts will be calculated
TwoParticleGF(2200): 24 parts will be calculated
TwoParticleGF(2200): 24 parts will be calculated
TwoParticleGF(2200): 24 parts will be calculated
TwoParticleGF(2200): 24 parts will be calculated
TwoParticleGF(2200): 24 parts will be calculated
TwoParticleGF(2200): 24 parts will be calculated
TwoParticleGF(2200): 24 parts will be calculated
TwoParticleGF(2200): 24 parts will be calculated
TwoParticleGF(2200): 24 parts will be calculated
TwoParticleGF(2200): 24 parts will be calculated
TwoParticleGF(2200): 24 parts will be calculated
TwoParticleGF(2200): 24 parts will be calculated
TwoParticleGF(2200): 24 parts will be calculated
TwoParticleGF(2200): 24 parts will be calculated
TwoParticleGF(2200): 24 parts will be calculated
TwoParticleGF(2200): 24 parts will be calculated
TwoParticleGF(2200): 24 parts will be calculated
TwoParticleGF(2200): 24 parts will be calculated
TwoParticleGF(2200): 24 parts will be calculated
TwoParticleGF(2200): 24 parts will be calculated
TwoParticleGF(2200): 24 parts will be calculated
TwoParticleGF(2200): 24 parts will be calculated
TwoParticleGF(2200): 24 parts will be calculated
TwoParticleGF(2200): 24 parts will be calculated
TwoParticleGF(2200): 24 parts will be calculated
TwoParticleGF(2200): 24 parts will be calculated
TwoParticleGF(2200): 24 parts will be calculated
TwoParticleGF(2200): 24 parts will be calculated
TwoParticleGF(2200): 24 parts will be calculated
TwoParticleGF(2200): 24 parts will be calculated
TwoParticleGF(2200): 24 parts will be calculated
TwoParticleGF(2200): 24 parts will be calculated
TwoParticleGF(2200): 24 parts will be calculated
TwoParticleGF(2200): 24 parts will be calculated
TwoParticleGF(2200): 24 parts will be calculated
TwoParticleGF(2200): 24 parts will be calculated
TwoParticleGF(2200): 24 parts will be calculated
TwoParticleGF(2200): 24 parts will be calculated
TwoParticleGF(2200): 24 parts will be calculated
TwoParticleGF(2200): 24 parts will be calculated
TwoParticleGF(2200): 24 parts will be calculated
TwoParticleGF(2200): 24 parts will be calculated
TwoParticleGF(2200): 24 parts will be calculated
TwoParticleGF(2200): 24 parts will be calculated
compute_g2: Filling G^2 element (dn,0)(dn,1)(dn,0)(dn,1)
TwoParticleGF(2200): 24 parts will be calculated
TwoParticleGF(2200): 24 parts will be calculated
Calculating 24 jobs using 90 procs.
[1/24] P12 : part 0 [1] run;
Total 8+8=16 terms
[24/24] P1 : part 23 [1] run;
Total 8+8=16 terms
[15/24] P10 : part 14 [1] run;
Total 128+128=256 terms
[17/24] P8 : part 16 [1] run;
Total 8+8=16 terms
[23/24] P2 : part 22 [1] run;
[20/24] P5 : part 19 [1] run;
Total 8+8=16 terms
[9/24] P16 : part 8 [1] run;
Total 128+128=256 terms
[10/24] P15 : part 9 [1] run;
Total 128+128=256 terms
[8/24] P17 : part 7 [1] run;
Total 8+8=16 terms
[14/24] P11 : part 13 [1] run;
Total 128+128=256 terms
[18/24] P7 : part 17 [1] run;
Total 8+8=16 terms
[11/24] P14 : part 10 [1] run;
Total 128+128=256 terms
[4/24] P21 : part 3 [1] run;
Total 8+8=16 terms
[22/24] P3 : part 21 [1] run;
Total 8+8=16 terms
[12/24] P13 : part 11 [1] run;
Total 128+128=256 terms
[19/24] P6 : part 18 [1] run;
Total 8+8=16 terms
[3/24] P22 : part 2 [1] run;
Total 8+8=16 terms
[21/24] P4 : part 20 [1] run;
Total 8+8=16 terms
[7/24] P18 : part 6 [1] run;
Total 8+8=16 terms
[5/24] P20 : part 4 [1] run;
Total 8+8=16 terms
[2/24] P23 : part 1 [1] run;
Total 8+8=16 terms
[16/24] P9 : part 15 [1] run;
Total 128+128=256 terms
[13/24] P0 : part 12 [1] run;
Total 128+128=256 terms
[6/24] P19 : part 5 [1] run;
Total 8+8=16 terms
Total 8+8=16 terms
done.
TwoParticleGF(2002): 24 parts will be calculated
TwoParticleGF(2002): 24 parts will be calculated
TwoParticleGF(2002): 24 parts will be calculated
TwoParticleGF(2002): 24 parts will be calculated
TwoParticleGF(2002): 24 parts will be calculated
TwoParticleGF(2002): 24 parts will be calculated
TwoParticleGF(2002): 24 parts will be calculated
TwoParticleGF(2002): 24 parts will be calculated
TwoParticleGF(2002): 24 parts will be calculated
TwoParticleGF(2002): 24 parts will be calculated
TwoParticleGF(2002): 24 parts will be calculated
TwoParticleGF(2002): 24 parts will be calculated
TwoParticleGF(2002): 24 parts will be calculated
TwoParticleGF(2002): 24 parts will be calculated
TwoParticleGF(2002): 24 parts will be calculated
TwoParticleGF(2002): 24 parts will be calculated
TwoParticleGF(2002): 24 parts will be calculated
TwoParticleGF(2002): 24 parts will be calculated
TwoParticleGF(2002): 24 parts will be calculated
TwoParticleGF(2002): 24 parts will be calculated
TwoParticleGF(2002): 24 parts will be calculated
TwoParticleGF(2002): 24 parts will be calculated
TwoParticleGF(2002): 24 parts will be calculated
TwoParticleGF(2002): 24 parts will be calculated
TwoParticleGF(2002): 24 parts will be calculated
TwoParticleGF(2002): 24 parts will be calculated
TwoParticleGF(2002): 24 parts will be calculated
TwoParticleGF(2002): 24 parts will be calculated
TwoParticleGF(2002): 24 parts will be calculated
TwoParticleGF(2002): 24 parts will be calculated
TwoParticleGF(2002): 24 parts will be calculated
TwoParticleGF(2002): 24 parts will be calculated
TwoParticleGF(2002): 24 parts will be calculated
TwoParticleGF(2002): 24 parts will be calculated
TwoParticleGF(2002): 24 parts will be calculated
TwoParticleGF(2002): 24 parts will be calculated
TwoParticleGF(2002): 24 parts will be calculated
TwoParticleGF(2002): 24 parts will be calculated
TwoParticleGF(2002): 24 parts will be calculated
TwoParticleGF(2002): 24 parts will be calculated
TwoParticleGF(2002): 24 parts will be calculated
TwoParticleGF(2002): 24 parts will be calculated
TwoParticleGF(2002): 24 parts will be calculated
TwoParticleGF(2002): 24 parts will be calculated
TwoParticleGF(2002): 24 parts will be calculated
TwoParticleGF(2002): 24 parts will be calculated
TwoParticleGF(2002): 24 parts will be calculated
TwoParticleGF(2002): 24 parts will be calculated
TwoParticleGF(2002): 24 parts will be calculated
TwoParticleGF(2002): 24 parts will be calculated
TwoParticleGF(2002): 24 parts will be calculated
TwoParticleGF(2002): 24 parts will be calculated
TwoParticleGF(2002): 24 parts will be calculated
TwoParticleGF(2002): 24 parts will be calculated
TwoParticleGF(2002): 24 parts will be calculated
TwoParticleGF(2002): 24 parts will be calculated
TwoParticleGF(2002): 24 parts will be calculated
TwoParticleGF(2002): 24 parts will be calculated
TwoParticleGF(2002): 24 parts will be calculated
TwoParticleGF(2002): 24 parts will be calculated
TwoParticleGF(2002): 24 parts will be calculated
TwoParticleGF(2002): 24 parts will be calculated
TwoParticleGF(2002): 24 parts will be calculated
TwoParticleGF(2002): 24 parts will be calculated
TwoParticleGF(2002): 24 parts will be calculated
TwoParticleGF(2002): 24 parts will be calculated
TwoParticleGF(2002): 24 parts will be calculated
TwoParticleGF(2002): 24 parts will be calculated
TwoParticleGF(2002): 24 parts will be calculated
TwoParticleGF(2002): 24 parts will be calculated
TwoParticleGF(2002): 24 parts will be calculated
TwoParticleGF(2002): 24 parts will be calculated
TwoParticleGF(2002): 24 parts will be calculated
TwoParticleGF(2002): 24 parts will be calculated
TwoParticleGF(2002): 24 parts will be calculated
TwoParticleGF(2002): 24 parts will be calculated
TwoParticleGF(2002): 24 parts will be calculated
TwoParticleGF(2002): 24 parts will be calculated
TwoParticleGF(2002): 24 parts will be calculated
TwoParticleGF(2002): 24 parts will be calculated
TwoParticleGF(2002): 24 parts will be calculated
TwoParticleGF(2002): 24 parts will be calculated
TwoParticleGF(2002): 24 parts will be calculated
TwoParticleGF(2002): 24 parts will be calculated
TwoParticleGF(2002): 24 parts will be calculated
TwoParticleGF(2002): 24 parts will be calculated
TwoParticleGF(2002): 24 parts will be calculated
TwoParticleGF(2002): 24 parts will be calculated
TwoParticleGF(2002): 24 parts will be calculated
compute_g2: Filling G^2 element (dn,0)(dn,1)(dn,1)(dn,0)
TwoParticleGF(2002): 24 parts will be calculated
[1/24] P12 : part 0 [1] run;
Total 8+8=16 terms
[24/24] P1 : part 23 [1] run;
Total 8+8=16 terms
[17/24] P8 : part 16 [1] run;
Total 8+8=16 terms
[15/24] P10 : part 14 [1] run;
Total 128+128=256 terms
[6/24] P19 : part 5 [1] run;
Total 8+8=16 terms
[20/24] P5 : part 19 [1] run;
Total 8+8=16 terms
[9/24] P16 : part 8 [1] run;
Total 128+128=256 terms
[10/24] P15 : part 9 [1] run;
Total 128+128=256 terms
[8/24] P17 : part 7 [1] run;
Total 8+8=16 terms
[14/24] P11 : part 13 [1] run;
[18/24] P7 : part 17 [1] run;
Total 8+8=16 terms
[11/24] P14 : part 10 [1] run;
Total 128+128=256 terms
[4/24] P21 : part 3 [1] run;
Total 8+8=16 terms
[22/24] P3 : part 21 [1] run;
Total 8+8=16 terms
[12/24] P13 : part 11 [1] run;
Total 128+128=256 terms
[19/24] P6 : part 18 [1] run;
Total 8+8=16 terms
[3/24] P22 : part 2 [1] run;
Total 8+8=16 terms
[21/24] P4 : part 20 [1] run;
Total 8+8=16 terms
[2/24] P23 : part 1 [1] run;
Total 8+8=16 terms
Calculating 24 jobs using 90 procs.
[13/24] P0 : part 12 [1] run;
Total 128+128=256 terms
[16/24] P9 : part 15 [1] run;
Total 128+128=256 terms
[7/24] P18 : part 6 [1] run;
Total 8+8=16 terms
[5/24] P20 : part 4 [1] run;
Total 8+8=16 terms
[23/24] P2 : part 22 [1] run;
Total 8+8=16 terms
Total 128+128=256 terms
done.
TwoParticleGF(2202): 24 parts will be calculated
TwoParticleGF(2202): 24 parts will be calculated
TwoParticleGF(2202): 24 parts will be calculated
TwoParticleGF(2202): 24 parts will be calculated
TwoParticleGF(2202): 24 parts will be calculated
TwoParticleGF(2202): 24 parts will be calculated
TwoParticleGF(2202): 24 parts will be calculated
TwoParticleGF(2202): 24 parts will be calculated
TwoParticleGF(2202): 24 parts will be calculated
TwoParticleGF(2202): 24 parts will be calculated
TwoParticleGF(2202): 24 parts will be calculated
TwoParticleGF(2202): 24 parts will be calculated
TwoParticleGF(2202): 24 parts will be calculated
TwoParticleGF(2202): 24 parts will be calculated
TwoParticleGF(2202): 24 parts will be calculated
TwoParticleGF(2202): 24 parts will be calculated
TwoParticleGF(2202): 24 parts will be calculated
TwoParticleGF(2202): 24 parts will be calculated
TwoParticleGF(2202): 24 parts will be calculated
TwoParticleGF(2202): 24 parts will be calculated
TwoParticleGF(2202): 24 parts will be calculated
TwoParticleGF(2202): 24 parts will be calculated
TwoParticleGF(2202): 24 parts will be calculated
TwoParticleGF(2202): 24 parts will be calculated
TwoParticleGF(2202): 24 parts will be calculated
TwoParticleGF(2202): 24 parts will be calculated
TwoParticleGF(2202): 24 parts will be calculated
TwoParticleGF(2202): 24 parts will be calculated
TwoParticleGF(2202): 24 parts will be calculated
TwoParticleGF(2202): 24 parts will be calculated
TwoParticleGF(2202): 24 parts will be calculated
TwoParticleGF(2202): 24 parts will be calculated
TwoParticleGF(2202): 24 parts will be calculated
TwoParticleGF(2202): 24 parts will be calculated
TwoParticleGF(2202): 24 parts will be calculated
TwoParticleGF(2202): 24 parts will be calculated
TwoParticleGF(2202): 24 parts will be calculated
TwoParticleGF(2202): 24 parts will be calculated
TwoParticleGF(2202): 24 parts will be calculated
TwoParticleGF(2202): 24 parts will be calculated
TwoParticleGF(2202): 24 parts will be calculated
TwoParticleGF(2202): 24 parts will be calculated
TwoParticleGF(2202): 24 parts will be calculated
TwoParticleGF(2202): 24 parts will be calculated
TwoParticleGF(2202): 24 parts will be calculated
TwoParticleGF(2202): 24 parts will be calculated
TwoParticleGF(2202): 24 parts will be calculated
TwoParticleGF(2202): 24 parts will be calculated
TwoParticleGF(2202): 24 parts will be calculated
TwoParticleGF(2202): 24 parts will be calculated
TwoParticleGF(2202): 24 parts will be calculated
TwoParticleGF(2202): 24 parts will be calculated
TwoParticleGF(2202): 24 parts will be calculated
TwoParticleGF(2202): 24 parts will be calculated
TwoParticleGF(2202): 24 parts will be calculated
TwoParticleGF(2202): 24 parts will be calculated
TwoParticleGF(2202): 24 parts will be calculated
TwoParticleGF(2202): 24 parts will be calculated
TwoParticleGF(2202): 24 parts will be calculated
TwoParticleGF(2202): 24 parts will be calculated
TwoParticleGF(2202): 24 parts will be calculated
TwoParticleGF(2202): 24 parts will be calculated
TwoParticleGF(2202): 24 parts will be calculated
TwoParticleGF(2202): 24 parts will be calculated
TwoParticleGF(2202): 24 parts will be calculated
TwoParticleGF(2202): 24 parts will be calculated
TwoParticleGF(2202): 24 parts will be calculated
TwoParticleGF(2202): 24 parts will be calculated
TwoParticleGF(2202): 24 parts will be calculated
TwoParticleGF(2202): 24 parts will be calculated
TwoParticleGF(2202): 24 parts will be calculated
TwoParticleGF(2202): 24 parts will be calculated
TwoParticleGF(2202): 24 parts will be calculated
TwoParticleGF(2202): 24 parts will be calculated
TwoParticleGF(2202): 24 parts will be calculated
compute_g2: Filling G^2 element (dn,0)(dn,1)(dn,1)(dn,1)
TwoParticleGF(2202): 24 parts will be calculated
TwoParticleGF(2202): 24 parts will be calculated
TwoParticleGF(2202): 24 parts will be calculated
TwoParticleGF(2202): 24 parts will be calculated
TwoParticleGF(2202): 24 parts will be calculated
TwoParticleGF(2202): 24 parts will be calculated
TwoParticleGF(2202): 24 parts will be calculated
TwoParticleGF(2202): 24 parts will be calculated
TwoParticleGF(2202): 24 parts will be calculated
TwoParticleGF(2202): 24 parts will be calculated
TwoParticleGF(2202): 24 parts will be calculated
TwoParticleGF(2202): 24 parts will be calculated
TwoParticleGF(2202): 24 parts will be calculated
TwoParticleGF(2202): 24 parts will be calculated
TwoParticleGF(2202): 24 parts will be calculated
[8/24] P17 : part 7 [1] run;
Total 8+8=16 terms
[23/24] P2 : part 22 [1] run;
Total 8+8=16 terms
[18/24] P7 : part 17 [1] run;
Total 8+8=16 terms
[11/24] P14 : part 10 [1] run;
Total 128+128=256 terms
[4/24] P21 : part 3 [1] run;
Total 8+8=16 terms
[22/24] P3 : part 21 [1] run;
Total 8+8=16 terms
[12/24] P13 : part 11 [1] run;
Total 128+128=256 terms
[3/24] P22 : part 2 [1] run;
Total 8+8=16 terms
[21/24] P4 : part 20 [1] run;
Total 8+8=16 terms
Calculating 24 jobs using 90 procs.
[13/24] P0 : part 12 [1] run;
Total 128+128=256 terms
[5/24] P20 : part 4 [1] run;
Total 8+8=16 terms
[1/24] P12 : part 0 [1] run;
Total 8+8=16 terms
[24/24] P1 : part 23 [1] run;
Total 8+8=16 terms
[17/24] P8 : part 16 [1] run;
Total 8+8=16 terms
[15/24] P10 : part 14 [1] run;
Total 128+128=256 terms
[6/24] P19 : part 5 [1] run;
Total 8+8=16 terms
[20/24] P5 : part 19 [1] run;
Total 8+8=16 terms
[9/24] P16 : part 8 [1] run;
Total 128+128=256 terms
[10/24] P15 : part 9 [1] run;
Total 128+128=256 terms
[19/24] P6 : part 18 [1] run;
Total 8+8=16 terms
[16/24] P9 : part 15 [1] run;
Total 128+128=256 terms
[7/24] P18 : part 6 [1] run;
Total 8+8=16 terms
[14/24] P11 : part 13 [1] run;
Total 128+128=256 terms
[2/24] P23 : part 1 [1] run;
Total 8+8=16 terms
done.
TwoParticleGF(0020): 24 parts will be calculated
TwoParticleGF(0020): 24 parts will be calculated
TwoParticleGF(0020): 24 parts will be calculated
TwoParticleGF(0020): 24 parts will be calculated
TwoParticleGF(0020): 24 parts will be calculated
TwoParticleGF(0020): 24 parts will be calculated
TwoParticleGF(0020): 24 parts will be calculated
TwoParticleGF(0020): 24 parts will be calculated
TwoParticleGF(0020): 24 parts will be calculated
TwoParticleGF(0020): 24 parts will be calculated
TwoParticleGF(0020): 24 parts will be calculated
TwoParticleGF(0020): 24 parts will be calculated
TwoParticleGF(0020): 24 parts will be calculated
TwoParticleGF(0020): 24 parts will be calculated
TwoParticleGF(0020): 24 parts will be calculated
TwoParticleGF(0020): 24 parts will be calculated
TwoParticleGF(0020): 24 parts will be calculated
TwoParticleGF(0020): 24 parts will be calculated
TwoParticleGF(0020): 24 parts will be calculated
TwoParticleGF(0020): 24 parts will be calculated
TwoParticleGF(0020): 24 parts will be calculated
TwoParticleGF(0020): 24 parts will be calculated
TwoParticleGF(0020): 24 parts will be calculated
TwoParticleGF(0020): 24 parts will be calculated
TwoParticleGF(0020): 24 parts will be calculated
TwoParticleGF(0020): 24 parts will be calculated
TwoParticleGF(0020): 24 parts will be calculated
TwoParticleGF(0020): 24 parts will be calculated
TwoParticleGF(0020): 24 parts will be calculated
TwoParticleGF(0020): 24 parts will be calculated
TwoParticleGF(0020): 24 parts will be calculated
TwoParticleGF(0020): 24 parts will be calculated
TwoParticleGF(0020): 24 parts will be calculated
TwoParticleGF(0020): 24 parts will be calculated
TwoParticleGF(0020): 24 parts will be calculated
TwoParticleGF(0020): 24 parts will be calculated
TwoParticleGF(0020): 24 parts will be calculated
TwoParticleGF(0020): 24 parts will be calculated
TwoParticleGF(0020): 24 parts will be calculated
TwoParticleGF(0020): 24 parts will be calculated
TwoParticleGF(0020): 24 parts will be calculated
TwoParticleGF(0020): 24 parts will be calculated
TwoParticleGF(0020): 24 parts will be calculated
TwoParticleGF(0020): 24 parts will be calculated
TwoParticleGF(0020): 24 parts will be calculated
TwoParticleGF(0020): 24 parts will be calculated
TwoParticleGF(0020): 24 parts will be calculated
TwoParticleGF(0020): 24 parts will be calculated
TwoParticleGF(0020): 24 parts will be calculated
TwoParticleGF(0020): 24 parts will be calculated
TwoParticleGF(0020): 24 parts will be calculated
TwoParticleGF(0020): 24 parts will be calculated
TwoParticleGF(0020): 24 parts will be calculated
TwoParticleGF(0020): 24 parts will be calculated
TwoParticleGF(0020): 24 parts will be calculated
TwoParticleGF(0020): 24 parts will be calculated
TwoParticleGF(0020): 24 parts will be calculated
TwoParticleGF(0020): 24 parts will be calculated
TwoParticleGF(0020): 24 parts will be calculated
TwoParticleGF(0020): 24 parts will be calculated
TwoParticleGF(0020): 24 parts will be calculated
TwoParticleGF(0020): 24 parts will be calculated
TwoParticleGF(0020): 24 parts will be calculated
TwoParticleGF(0020): 24 parts will be calculated
TwoParticleGF(0020): 24 parts will be calculated
TwoParticleGF(0020): 24 parts will be calculated
TwoParticleGF(0020): 24 parts will be calculated
TwoParticleGF(0020): 24 parts will be calculated
TwoParticleGF(0020): 24 parts will be calculated
TwoParticleGF(0020): 24 parts will be calculated
TwoParticleGF(0020): 24 parts will be calculated
TwoParticleGF(0020): 24 parts will be calculated
compute_g2: Filling G^2 element (dn,1)(dn,0)(dn,0)(dn,0)
TwoParticleGF(0020): 24 parts will be calculated
TwoParticleGF(0020): 24 parts will be calculated
TwoParticleGF(0020): 24 parts will be calculated
TwoParticleGF(0020): 24 parts will be calculated
TwoParticleGF(0020): 24 parts will be calculated
TwoParticleGF(0020): 24 parts will be calculated
TwoParticleGF(0020): 24 parts will be calculated
TwoParticleGF(0020): 24 parts will be calculated
TwoParticleGF(0020): 24 parts will be calculated
TwoParticleGF(0020): 24 parts will be calculated
TwoParticleGF(0020): 24 parts will be calculated
TwoParticleGF(0020): 24 parts will be calculated
TwoParticleGF(0020): 24 parts will be calculated
TwoParticleGF(0020): 24 parts will be calculated
TwoParticleGF(0020): 24 parts will be calculated
TwoParticleGF(0020): 24 parts will be calculated
TwoParticleGF(0020): 24 parts will be calculated
TwoParticleGF(0020): 24 parts will be calculated
[8/24] P17 : part 7 [1] run;
Total 8+8=16 terms
[23/24] P2 : part 22 [1] run;
Total 8+8=16 terms
[18/24] P7 : part 17 [1] run;
Total 8+8=16 terms
[11/24] P14 : part 10 [1] run;
Total 128+128=256 terms
[4/24] P21 : part 3 [1] run;
Total 8+8=16 terms
[22/24] P3 : part 21 [1] run;
Total 8+8=16 terms
[12/24] P13 : part 11 [1] run;
Total 128+128=256 terms
[3/24] P22 : part 2 [1] run;
Total 8+8=16 terms
[15/24] P10 : part 14 [1] run;
Total 128+128=256 terms
[19/24] P6 : part 18 [1] run;
Total 8+8=16 terms
[7/24] P18 : part 6 [1] run;
Total 8+8=16 terms
[2/24] P23 : part 1 [1] run;
Total 8+8=16 terms
[16/24] P9 : part 15 [1] run;
Total 128+128=256 terms
[5/24] P20 : part 4 [1] run;
Total 8+8=16 terms
[1/24] P12 : part 0 [1] run;
Total 8+8=16 terms
[24/24] P1 : part 23 [1] run;
Total 8+8=16 terms
[17/24] P8 : part 16 [1] run;
Total 8+8=16 terms
[6/24] P19 : part 5 [1] run;
Total 8+8=16 terms
[20/24] P5 : part 19 [1] run;
Total 8+8=16 terms
[9/24] P16 : part 8 [1] run;
Total 128+128=256 terms
Calculating 24 jobs using 90 procs.
[13/24] P0 : part 12 [1] run;
Total 128+128=256 terms
[14/24] P11 : part 13 [1] run;
[21/24] P4 : part 20 [1] run;
Total 8+8=16 terms
[10/24] P15 : part 9 [1] run;
Total 128+128=256 terms
Total 128+128=256 terms
done.
TwoParticleGF(0220): 24 parts will be calculated
TwoParticleGF(0220): 24 parts will be calculated
TwoParticleGF(0220): 24 parts will be calculated
TwoParticleGF(0220): 24 parts will be calculated
TwoParticleGF(0220): 24 parts will be calculated
TwoParticleGF(0220): 24 parts will be calculated
TwoParticleGF(0220): 24 parts will be calculated
TwoParticleGF(0220): 24 parts will be calculated
TwoParticleGF(0220): 24 parts will be calculated
TwoParticleGF(0220): 24 parts will be calculated
TwoParticleGF(0220): 24 parts will be calculated
TwoParticleGF(0220): 24 parts will be calculated
TwoParticleGF(0220): 24 parts will be calculated
TwoParticleGF(0220): 24 parts will be calculated
TwoParticleGF(0220): 24 parts will be calculated
TwoParticleGF(0220): 24 parts will be calculated
TwoParticleGF(0220): 24 parts will be calculated
TwoParticleGF(0220): 24 parts will be calculated
TwoParticleGF(0220): 24 parts will be calculated
TwoParticleGF(0220): 24 parts will be calculated
TwoParticleGF(0220): 24 parts will be calculated
TwoParticleGF(0220): 24 parts will be calculated
TwoParticleGF(0220): 24 parts will be calculated
TwoParticleGF(0220): 24 parts will be calculated
TwoParticleGF(0220): 24 parts will be calculated
TwoParticleGF(0220): 24 parts will be calculated
TwoParticleGF(0220): 24 parts will be calculated
TwoParticleGF(0220): 24 parts will be calculated
TwoParticleGF(0220): 24 parts will be calculated
TwoParticleGF(0220): 24 parts will be calculated
TwoParticleGF(0220): 24 parts will be calculated
TwoParticleGF(0220): 24 parts will be calculated
TwoParticleGF(0220): 24 parts will be calculated
TwoParticleGF(0220): 24 parts will be calculated
TwoParticleGF(0220): 24 parts will be calculated
TwoParticleGF(0220): 24 parts will be calculated
TwoParticleGF(0220): 24 parts will be calculated
TwoParticleGF(0220): 24 parts will be calculated
TwoParticleGF(0220): 24 parts will be calculated
TwoParticleGF(0220): 24 parts will be calculated
TwoParticleGF(0220): 24 parts will be calculated
TwoParticleGF(0220): 24 parts will be calculated
TwoParticleGF(0220): 24 parts will be calculated
TwoParticleGF(0220): 24 parts will be calculated
TwoParticleGF(0220): 24 parts will be calculated
TwoParticleGF(0220): 24 parts will be calculated
TwoParticleGF(0220): 24 parts will be calculated
TwoParticleGF(0220): 24 parts will be calculated
TwoParticleGF(0220): 24 parts will be calculated
TwoParticleGF(0220): 24 parts will be calculated
TwoParticleGF(0220): 24 parts will be calculated
TwoParticleGF(0220): 24 parts will be calculated
TwoParticleGF(0220): 24 parts will be calculated
TwoParticleGF(0220): 24 parts will be calculated
TwoParticleGF(0220): 24 parts will be calculated
TwoParticleGF(0220): 24 parts will be calculated
TwoParticleGF(0220): 24 parts will be calculated
TwoParticleGF(0220): 24 parts will be calculated
TwoParticleGF(0220): 24 parts will be calculated
TwoParticleGF(0220): 24 parts will be calculated
TwoParticleGF(0220): 24 parts will be calculated
TwoParticleGF(0220): 24 parts will be calculated
TwoParticleGF(0220): 24 parts will be calculated
TwoParticleGF(0220): 24 parts will be calculated
TwoParticleGF(0220): 24 parts will be calculated
TwoParticleGF(0220): 24 parts will be calculated
TwoParticleGF(0220): 24 parts will be calculated
TwoParticleGF(0220): 24 parts will be calculated
TwoParticleGF(0220): 24 parts will be calculated
TwoParticleGF(0220): 24 parts will be calculated
TwoParticleGF(0220): 24 parts will be calculated
TwoParticleGF(0220): 24 parts will be calculated
TwoParticleGF(0220): 24 parts will be calculated
TwoParticleGF(0220): 24 parts will be calculated
TwoParticleGF(0220): 24 parts will be calculated
TwoParticleGF(0220): 24 parts will be calculated
TwoParticleGF(0220): 24 parts will be calculated
compute_g2: Filling G^2 element (dn,1)(dn,0)(dn,0)(dn,1)
TwoParticleGF(0220): 24 parts will be calculated
TwoParticleGF(0220): 24 parts will be calculated
TwoParticleGF(0220): 24 parts will be calculated
TwoParticleGF(0220): 24 parts will be calculated
TwoParticleGF(0220): 24 parts will be calculated
TwoParticleGF(0220): 24 parts will be calculated
TwoParticleGF(0220): 24 parts will be calculated
TwoParticleGF(0220): 24 parts will be calculated
TwoParticleGF(0220): 24 parts will be calculated
TwoParticleGF(0220): 24 parts will be calculated
TwoParticleGF(0220): 24 parts will be calculated
TwoParticleGF(0220): 24 parts will be calculated
TwoParticleGF(0220): 24 parts will be calculated
Calculating 24 jobs using 90 procs.
[13/24] P0 : part 12 [1] run;
Total 128+128=256 terms
[14/24] P11 : part 13 [1] run;
Total 128+128=256 terms
[10/24] P15 : part 9 [1] run;
Total 128+128=256 terms
[21/24] P4 : part 20 [1] run;
Total 8+8=16 terms
[19/24] P6 : part 18 [1] run;
Total 8+8=16 terms
[7/24] P18 : part 6 [1] run;
Total 8+8=16 terms
[15/24] P10 : part 14 [1] run;
Total 128+128=256 terms
[2/24] P23 : part 1 [1] run;
Total 8+8=16 terms
[16/24] P9 : part 15 [1] run;
Total 128+128=256 terms
[5/24] P20 : part 4 [1] run;
Total 8+8=16 terms
[1/24] P12 : part 0 [1] run;
Total 8+8=16 terms
[24/24] P1 : part 23 [1] run;
Total 8+8=16 terms
[17/24] P8 : part 16 [1] run;
Total 8+8=16 terms
[20/24] P5 : part 19 [1] run;
[6/24] P19 : part 5 [1] run;
Total 8+8=16 terms
[9/24] P16 : part 8 [1] run;
Total 128+128=256 terms
[3/24] P22 : part 2 [1] run;
Total 8+8=16 terms
[8/24] P17 : part 7 [1] run;
Total 8+8=16 terms
[23/24] P2 : part 22 [1] run;
Total 8+8=16 terms
[12/24] P13 : part 11 [1] run;
Total 128+128=256 terms
[18/24] P7 : part 17 [1] run;
Total 8+8=16 terms
[11/24] P14 : part 10 [1] run;
Total 128+128=256 terms
[4/24] P21 : part 3 [1] run;
Total 8+8=16 terms
[22/24] P3 : part 21 [1] run;
Total 8+8=16 terms
Total 8+8=16 terms
done.
TwoParticleGF(0022): 24 parts will be calculated
TwoParticleGF(0022): 24 parts will be calculated
TwoParticleGF(0022): 24 parts will be calculated
TwoParticleGF(0022): 24 parts will be calculated
TwoParticleGF(0022): 24 parts will be calculated
TwoParticleGF(0022): 24 parts will be calculated
TwoParticleGF(0022): 24 parts will be calculated
TwoParticleGF(0022): 24 parts will be calculated
TwoParticleGF(0022): 24 parts will be calculated
TwoParticleGF(0022): 24 parts will be calculated
TwoParticleGF(0022): 24 parts will be calculated
TwoParticleGF(0022): 24 parts will be calculated
TwoParticleGF(0022): 24 parts will be calculated
TwoParticleGF(0022): 24 parts will be calculated
TwoParticleGF(0022): 24 parts will be calculated
TwoParticleGF(0022): 24 parts will be calculated
TwoParticleGF(0022): 24 parts will be calculated
TwoParticleGF(0022): 24 parts will be calculated
TwoParticleGF(0022): 24 parts will be calculated
TwoParticleGF(0022): 24 parts will be calculated
TwoParticleGF(0022): 24 parts will be calculated
TwoParticleGF(0022): 24 parts will be calculated
TwoParticleGF(0022): 24 parts will be calculated
TwoParticleGF(0022): 24 parts will be calculated
TwoParticleGF(0022): 24 parts will be calculated
TwoParticleGF(0022): 24 parts will be calculated
TwoParticleGF(0022): 24 parts will be calculated
TwoParticleGF(0022): 24 parts will be calculated
TwoParticleGF(0022): 24 parts will be calculated
TwoParticleGF(0022): 24 parts will be calculated
TwoParticleGF(0022): 24 parts will be calculated
TwoParticleGF(0022): 24 parts will be calculated
TwoParticleGF(0022): 24 parts will be calculated
TwoParticleGF(0022): 24 parts will be calculated
TwoParticleGF(0022): 24 parts will be calculated
TwoParticleGF(0022): 24 parts will be calculated
TwoParticleGF(0022): 24 parts will be calculated
TwoParticleGF(0022): 24 parts will be calculated
TwoParticleGF(0022): 24 parts will be calculated
TwoParticleGF(0022): 24 parts will be calculated
TwoParticleGF(0022): 24 parts will be calculated
TwoParticleGF(0022): 24 parts will be calculated
TwoParticleGF(0022): 24 parts will be calculated
TwoParticleGF(0022): 24 parts will be calculated
TwoParticleGF(0022): 24 parts will be calculated
TwoParticleGF(0022): 24 parts will be calculated
TwoParticleGF(0022): 24 parts will be calculated
TwoParticleGF(0022): 24 parts will be calculated
TwoParticleGF(0022): 24 parts will be calculated
TwoParticleGF(0022): 24 parts will be calculated
TwoParticleGF(0022): 24 parts will be calculated
TwoParticleGF(0022): 24 parts will be calculated
TwoParticleGF(0022): 24 parts will be calculated
TwoParticleGF(0022): 24 parts will be calculated
TwoParticleGF(0022): 24 parts will be calculated
TwoParticleGF(0022): 24 parts will be calculated
TwoParticleGF(0022): 24 parts will be calculated
TwoParticleGF(0022): 24 parts will be calculated
TwoParticleGF(0022): 24 parts will be calculated
TwoParticleGF(0022): 24 parts will be calculated
TwoParticleGF(0022): 24 parts will be calculated
TwoParticleGF(0022): 24 parts will be calculated
TwoParticleGF(0022): 24 parts will be calculated
TwoParticleGF(0022): 24 parts will be calculated
TwoParticleGF(0022): 24 parts will be calculated
TwoParticleGF(0022): 24 parts will be calculated
TwoParticleGF(0022): 24 parts will be calculated
TwoParticleGF(0022): 24 parts will be calculated
TwoParticleGF(0022): 24 parts will be calculated
TwoParticleGF(0022): 24 parts will be calculated
TwoParticleGF(0022): 24 parts will be calculated
TwoParticleGF(0022): 24 parts will be calculated
TwoParticleGF(0022): 24 parts will be calculated
TwoParticleGF(0022): 24 parts will be calculated
TwoParticleGF(0022): 24 parts will be calculated
TwoParticleGF(0022): 24 parts will be calculated
TwoParticleGF(0022): 24 parts will be calculated
TwoParticleGF(0022): 24 parts will be calculated
compute_g2: Filling G^2 element (dn,1)(dn,0)(dn,1)(dn,0)
TwoParticleGF(0022): 24 parts will be calculated
TwoParticleGF(0022): 24 parts will be calculated
TwoParticleGF(0022): 24 parts will be calculated
TwoParticleGF(0022): 24 parts will be calculated
TwoParticleGF(0022): 24 parts will be calculated
TwoParticleGF(0022): 24 parts will be calculated
TwoParticleGF(0022): 24 parts will be calculated
TwoParticleGF(0022): 24 parts will be calculated
TwoParticleGF(0022): 24 parts will be calculated
TwoParticleGF(0022): 24 parts will be calculated
TwoParticleGF(0022): 24 parts will be calculated
Calculating 24 jobs using 90 procs.
TwoParticleGF(0022): 24 parts will be calculated
[17/24] P8 : part 16 [1] run;
Total 8+8=16 terms
[20/24] P5 : part 19 [1] run;
Total 8+8=16 terms
[10/24] P15 : part 9 [1] run;
Total 128+128=256 terms
[21/24] P4 : part 20 [1] run;
Total 8+8=16 terms
[19/24] P6 : part 18 [1] run;
Total 8+8=16 terms
[7/24] P18 : part 6 [1] run;
Total 8+8=16 terms
[14/24] P11 : part 13 [1] run;
Total 128+128=256 terms
[15/24] P10 : part 14 [1] run;
Total 128+128=256 terms
[2/24] P23 : part 1 [1] run;
Total 8+8=16 terms
[16/24] P9 : part 15 [1] run;
Total 128+128=256 terms
[1/24] P12 : part 0 [1] run;
Total 8+8=16 terms
[5/24] P20 : part 4 [1] run;
Total 8+8=16 terms
[24/24] P1 : part 23 [1] run;
[13/24] P0 : part 12 [1] run;
Total 128+128=256 terms
[4/24] P21 : part 3 [1] run;
Total 8+8=16 terms
[22/24] P3 : part 21 [1] run;
Total 8+8=16 terms
[9/24] P16 : part 8 [1] run;
Total 128+128=256 terms
[3/24] P22 : part 2 [1] run;
Total 8+8=16 terms
[8/24] P17 : part 7 [1] run;
Total 8+8=16 terms
[23/24] P2 : part 22 [1] run;
Total 8+8=16 terms
[12/24] P13 : part 11 [1] run;
Total 128+128=256 terms
[6/24] P19 : part 5 [1] run;
Total 8+8=16 terms
[18/24] P7 : part 17 [1] run;
Total 8+8=16 terms
[11/24] P14 : part 10 [1] run;
Total 128+128=256 terms
Total 8+8=16 terms
done.
TwoParticleGF(0222): 24 parts will be calculated
TwoParticleGF(0222): 24 parts will be calculated
TwoParticleGF(0222): 24 parts will be calculated
TwoParticleGF(0222): 24 parts will be calculated
TwoParticleGF(0222): 24 parts will be calculated
TwoParticleGF(0222): 24 parts will be calculated
TwoParticleGF(0222): 24 parts will be calculated
TwoParticleGF(0222): 24 parts will be calculated
TwoParticleGF(0222): 24 parts will be calculated
TwoParticleGF(0222): 24 parts will be calculated
TwoParticleGF(0222): 24 parts will be calculated
TwoParticleGF(0222): 24 parts will be calculated
TwoParticleGF(0222): 24 parts will be calculated
TwoParticleGF(0222): 24 parts will be calculated
TwoParticleGF(0222): 24 parts will be calculated
TwoParticleGF(0222): 24 parts will be calculated
TwoParticleGF(0222): 24 parts will be calculated
TwoParticleGF(0222): 24 parts will be calculated
TwoParticleGF(0222): 24 parts will be calculated
TwoParticleGF(0222): 24 parts will be calculated
TwoParticleGF(0222): 24 parts will be calculated
TwoParticleGF(0222): 24 parts will be calculated
TwoParticleGF(0222): 24 parts will be calculated
TwoParticleGF(0222): 24 parts will be calculated
TwoParticleGF(0222): 24 parts will be calculated
TwoParticleGF(0222): 24 parts will be calculated
TwoParticleGF(0222): 24 parts will be calculated
TwoParticleGF(0222): 24 parts will be calculated
TwoParticleGF(0222): 24 parts will be calculated
TwoParticleGF(0222): 24 parts will be calculated
TwoParticleGF(0222): 24 parts will be calculated
TwoParticleGF(0222): 24 parts will be calculated
TwoParticleGF(0222): 24 parts will be calculated
TwoParticleGF(0222): 24 parts will be calculated
TwoParticleGF(0222): 24 parts will be calculated
TwoParticleGF(0222): 24 parts will be calculated
TwoParticleGF(0222): 24 parts will be calculated
TwoParticleGF(0222): 24 parts will be calculated
TwoParticleGF(0222): 24 parts will be calculated
TwoParticleGF(0222): 24 parts will be calculated
TwoParticleGF(0222): 24 parts will be calculated
TwoParticleGF(0222): 24 parts will be calculated
TwoParticleGF(0222): 24 parts will be calculated
TwoParticleGF(0222): 24 parts will be calculated
TwoParticleGF(0222): 24 parts will be calculated
TwoParticleGF(0222): 24 parts will be calculated
TwoParticleGF(0222): 24 parts will be calculated
TwoParticleGF(0222): 24 parts will be calculated
TwoParticleGF(0222): 24 parts will be calculated
TwoParticleGF(0222): 24 parts will be calculated
TwoParticleGF(0222): 24 parts will be calculated
TwoParticleGF(0222): 24 parts will be calculated
TwoParticleGF(0222): 24 parts will be calculated
TwoParticleGF(0222): 24 parts will be calculated
TwoParticleGF(0222): 24 parts will be calculated
TwoParticleGF(0222): 24 parts will be calculated
TwoParticleGF(0222): 24 parts will be calculated
TwoParticleGF(0222): 24 parts will be calculated
TwoParticleGF(0222): 24 parts will be calculated
TwoParticleGF(0222): 24 parts will be calculated
TwoParticleGF(0222): 24 parts will be calculated
TwoParticleGF(0222): 24 parts will be calculated
TwoParticleGF(0222): 24 parts will be calculated
TwoParticleGF(0222): 24 parts will be calculated
TwoParticleGF(0222): 24 parts will be calculated
TwoParticleGF(0222): 24 parts will be calculated
TwoParticleGF(0222): 24 parts will be calculated
TwoParticleGF(0222): 24 parts will be calculated
TwoParticleGF(0222): 24 parts will be calculated
TwoParticleGF(0222): 24 parts will be calculated
TwoParticleGF(0222): 24 parts will be calculated
TwoParticleGF(0222): 24 parts will be calculated
TwoParticleGF(0222): 24 parts will be calculated
TwoParticleGF(0222): 24 parts will be calculated
TwoParticleGF(0222): 24 parts will be calculated
TwoParticleGF(0222): 24 parts will be calculated
TwoParticleGF(0222): 24 parts will be calculated
TwoParticleGF(0222): 24 parts will be calculated
TwoParticleGF(0222): 24 parts will be calculated
TwoParticleGF(0222): 24 parts will be calculated
TwoParticleGF(0222): 24 parts will be calculated
TwoParticleGF(0222): 24 parts will be calculated
TwoParticleGF(0222): 24 parts will be calculated
TwoParticleGF(0222): 24 parts will be calculated
TwoParticleGF(0222): 24 parts will be calculated
TwoParticleGF(0222): 24 parts will be calculated
TwoParticleGF(0222): 24 parts will be calculated
compute_g2: Filling G^2 element (dn,1)(dn,0)(dn,1)(dn,1)
TwoParticleGF(0222): 24 parts will be calculated
TwoParticleGF(0222): 24 parts will be calculated
Calculating 24 jobs using 90 procs.
[13/24] P0 : part 12 [1] run;
Total 128+128=256 terms
TwoParticleGF(0222): 24 parts will be calculated
[20/24] P5 : part 19 [1] run;
Total 8+8=16 terms
[10/24] P15 : part 9 [1] run;
Total 128+128=256 terms
[21/24] P4 : part 20 [1] run;
Total 8+8=16 terms
[19/24] P6 : part 18 [1] run;
Total 8+8=16 terms
[7/24] P18 : part 6 [1] run;
Total 8+8=16 terms
[14/24] P11 : part 13 [1] run;
Total 128+128=256 terms
[18/24] P7 : part 17 [1] run;
Total 8+8=16 terms
[15/24] P10 : part 14 [1] run;
Total 128+128=256 terms
[2/24] P23 : part 1 [1] run;
Total 8+8=16 terms
[16/24] P9 : part 15 [1] run;
Total 128+128=256 terms
[1/24] P12 : part 0 [1] run;
Total 8+8=16 terms
[5/24] P20 : part 4 [1] run;
Total 8+8=16 terms
[11/24] P14 : part 10 [1] run;
Total 128+128=256 terms
[24/24] P1 : part 23 [1] run;
[4/24] P21 : part 3 [1] run;
Total 8+8=16 terms
[22/24] P3 : part 21 [1] run;
Total 8+8=16 terms
[9/24] P16 : part 8 [1] run;
Total 128+128=256 terms
[3/24] P22 : part 2 [1] run;
Total 8+8=16 terms
[8/24] P17 : part 7 [1] run;
Total 8+8=16 terms
[23/24] P2 : part 22 [1] run;
Total 8+8=16 terms
[12/24] P13 : part 11 [1] run;
Total 128+128=256 terms
[6/24] P19 : part 5 [1] run;
Total 8+8=16 terms
[17/24] P8 : part 16 [1] run;
Total 8+8=16 terms
Total 8+8=16 terms
done.
TwoParticleGF(2020): 24 parts will be calculated
TwoParticleGF(2020): 24 parts will be calculated
TwoParticleGF(2020): 24 parts will be calculated
TwoParticleGF(2020): 24 parts will be calculated
TwoParticleGF(2020): 24 parts will be calculated
TwoParticleGF(2020): 24 parts will be calculated
TwoParticleGF(2020): 24 parts will be calculated
TwoParticleGF(2020): 24 parts will be calculated
TwoParticleGF(2020): 24 parts will be calculated
TwoParticleGF(2020): 24 parts will be calculated
TwoParticleGF(2020): 24 parts will be calculated
TwoParticleGF(2020): 24 parts will be calculated
TwoParticleGF(2020): 24 parts will be calculated
TwoParticleGF(2020): 24 parts will be calculated
TwoParticleGF(2020): 24 parts will be calculated
TwoParticleGF(2020): 24 parts will be calculated
TwoParticleGF(2020): 24 parts will be calculated
TwoParticleGF(2020): 24 parts will be calculated
TwoParticleGF(2020): 24 parts will be calculated
TwoParticleGF(2020): 24 parts will be calculated
TwoParticleGF(2020): 24 parts will be calculated
TwoParticleGF(2020): 24 parts will be calculated
TwoParticleGF(2020): 24 parts will be calculated
TwoParticleGF(2020): 24 parts will be calculated
TwoParticleGF(2020): 24 parts will be calculated
TwoParticleGF(2020): 24 parts will be calculated
TwoParticleGF(2020): 24 parts will be calculated
TwoParticleGF(2020): 24 parts will be calculated
TwoParticleGF(2020): 24 parts will be calculated
TwoParticleGF(2020): 24 parts will be calculated
TwoParticleGF(2020): 24 parts will be calculated
TwoParticleGF(2020): 24 parts will be calculated
TwoParticleGF(2020): 24 parts will be calculated
TwoParticleGF(2020): 24 parts will be calculated
TwoParticleGF(2020): 24 parts will be calculated
TwoParticleGF(2020): 24 parts will be calculated
TwoParticleGF(2020): 24 parts will be calculated
TwoParticleGF(2020): 24 parts will be calculated
TwoParticleGF(2020): 24 parts will be calculated
TwoParticleGF(2020): 24 parts will be calculated
TwoParticleGF(2020): 24 parts will be calculated
TwoParticleGF(2020): 24 parts will be calculated
TwoParticleGF(2020): 24 parts will be calculated
TwoParticleGF(2020): 24 parts will be calculated
TwoParticleGF(2020): 24 parts will be calculated
TwoParticleGF(2020): 24 parts will be calculated
TwoParticleGF(2020): 24 parts will be calculated
TwoParticleGF(2020): 24 parts will be calculated
TwoParticleGF(2020): 24 parts will be calculated
TwoParticleGF(2020): 24 parts will be calculated
TwoParticleGF(2020): 24 parts will be calculated
TwoParticleGF(2020): 24 parts will be calculated
TwoParticleGF(2020): 24 parts will be calculated
TwoParticleGF(2020): 24 parts will be calculated
TwoParticleGF(2020): 24 parts will be calculated
TwoParticleGF(2020): 24 parts will be calculated
TwoParticleGF(2020): 24 parts will be calculated
TwoParticleGF(2020): 24 parts will be calculated
TwoParticleGF(2020): 24 parts will be calculated
TwoParticleGF(2020): 24 parts will be calculated
TwoParticleGF(2020): 24 parts will be calculated
TwoParticleGF(2020): 24 parts will be calculated
TwoParticleGF(2020): 24 parts will be calculated
TwoParticleGF(2020): 24 parts will be calculated
TwoParticleGF(2020): 24 parts will be calculated
TwoParticleGF(2020): 24 parts will be calculated
TwoParticleGF(2020): 24 parts will be calculated
TwoParticleGF(2020): 24 parts will be calculated
TwoParticleGF(2020): 24 parts will be calculated
TwoParticleGF(2020): 24 parts will be calculated
TwoParticleGF(2020): 24 parts will be calculated
TwoParticleGF(2020): 24 parts will be calculated
TwoParticleGF(2020): 24 parts will be calculated
TwoParticleGF(2020): 24 parts will be calculated
TwoParticleGF(2020): 24 parts will be calculated
compute_g2: Filling G^2 element (dn,1)(dn,1)(dn,0)(dn,0)
TwoParticleGF(2020): 24 parts will be calculated
TwoParticleGF(2020): 24 parts will be calculated
TwoParticleGF(2020): 24 parts will be calculated
TwoParticleGF(2020): 24 parts will be calculated
TwoParticleGF(2020): 24 parts will be calculated
TwoParticleGF(2020): 24 parts will be calculated
TwoParticleGF(2020): 24 parts will be calculated
TwoParticleGF(2020): 24 parts will be calculated
TwoParticleGF(2020): 24 parts will be calculated
TwoParticleGF(2020): 24 parts will be calculated
TwoParticleGF(2020): 24 parts will be calculated
TwoParticleGF(2020): 24 parts will be calculated
TwoParticleGF(2020): 24 parts will be calculated
TwoParticleGF(2020): 24 parts will be calculated
TwoParticleGF(2020): 24 parts will be calculated
Calculating 24 jobs using 90 procs.
[18/24] P7 : part 17 [1] run;
Total 8+8=16 terms
[14/24] P11 : part 13 [1] run;
Total 128+128=256 terms
[15/24] P10 : part 14 [1] run;
Total 128+128=256 terms
[16/24] P9 : part 15 [1] run;
Total 128+128=256 terms
[2/24] P23 : part 1 [1] run;
Total 8+8=16 terms
[1/24] P12 : part 0 [1] run;
Total 8+8=16 terms
[11/24] P14 : part 10 [1] run;
Total 128+128=256 terms
[5/24] P20 : part 4 [1] run;
Total 8+8=16 terms
[17/24] P8 : part 16 [1] run;
Total 8+8=16 terms
[19/24] P6 : part 18 [1] run;
Total 8+8=16 terms
[4/24] P21 : part 3 [1] run;
Total 8+8=16 terms
[22/24] P3 : part 21 [1] run;
Total 8+8=16 terms
[9/24] P16 : part 8 [1] run;
Total 128+128=256 terms
[3/24] P22 : part 2 [1] run;
Total 8+8=16 terms
[8/24] P17 : part 7 [1] run;
Total 8+8=16 terms
[23/24] P2 : part 22 [1] run;
Total 8+8=16 terms
[13/24] P0 : part 12 [1] run;
Total 128+128=256 terms
[12/24] P13 : part 11 [1] run;
Total 128+128=256 terms
[24/24] P1 : part 23 [1] run;
[20/24] P5 : part 19 [1] run;
Total 8+8=16 terms
[10/24] P15 : part 9 [1] run;
Total 128+128=256 terms
[21/24] P4 : part 20 [1] run;
Total 8+8=16 terms
[6/24] P19 : part 5 [1] run;
Total 8+8=16 terms
[7/24] P18 : part 6 [1] run;
Total 8+8=16 terms
Total 8+8=16 terms
done.
TwoParticleGF(2220): 24 parts will be calculated
TwoParticleGF(2220): 24 parts will be calculated
TwoParticleGF(2220): 24 parts will be calculated
TwoParticleGF(2220): 24 parts will be calculated
TwoParticleGF(2220): 24 parts will be calculated
TwoParticleGF(2220): 24 parts will be calculated
TwoParticleGF(2220): 24 parts will be calculated
TwoParticleGF(2220): 24 parts will be calculated
TwoParticleGF(2220): 24 parts will be calculated
TwoParticleGF(2220): 24 parts will be calculated
TwoParticleGF(2220): 24 parts will be calculated
TwoParticleGF(2220): 24 parts will be calculated
TwoParticleGF(2220): 24 parts will be calculated
TwoParticleGF(2220): 24 parts will be calculated
TwoParticleGF(2220): 24 parts will be calculated
TwoParticleGF(2220): 24 parts will be calculated
TwoParticleGF(2220): 24 parts will be calculated
TwoParticleGF(2220): 24 parts will be calculated
TwoParticleGF(2220): 24 parts will be calculated
TwoParticleGF(2220): 24 parts will be calculated
TwoParticleGF(2220): 24 parts will be calculated
TwoParticleGF(2220): 24 parts will be calculated
TwoParticleGF(2220): 24 parts will be calculated
TwoParticleGF(2220): 24 parts will be calculated
TwoParticleGF(2220): 24 parts will be calculated
TwoParticleGF(2220): 24 parts will be calculated
TwoParticleGF(2220): 24 parts will be calculated
TwoParticleGF(2220): 24 parts will be calculated
TwoParticleGF(2220): 24 parts will be calculated
TwoParticleGF(2220): 24 parts will be calculated
TwoParticleGF(2220): 24 parts will be calculated
TwoParticleGF(2220): 24 parts will be calculated
TwoParticleGF(2220): 24 parts will be calculated
TwoParticleGF(2220): 24 parts will be calculated
TwoParticleGF(2220): 24 parts will be calculated
TwoParticleGF(2220): 24 parts will be calculated
TwoParticleGF(2220): 24 parts will be calculated
TwoParticleGF(2220): 24 parts will be calculated
TwoParticleGF(2220): 24 parts will be calculated
TwoParticleGF(2220): 24 parts will be calculated
TwoParticleGF(2220): 24 parts will be calculated
TwoParticleGF(2220): 24 parts will be calculated
TwoParticleGF(2220): 24 parts will be calculated
TwoParticleGF(2220): 24 parts will be calculated
TwoParticleGF(2220): 24 parts will be calculated
TwoParticleGF(2220): 24 parts will be calculated
TwoParticleGF(2220): 24 parts will be calculated
TwoParticleGF(2220): 24 parts will be calculated
TwoParticleGF(2220): 24 parts will be calculated
TwoParticleGF(2220): 24 parts will be calculated
TwoParticleGF(2220): 24 parts will be calculated
TwoParticleGF(2220): 24 parts will be calculated
TwoParticleGF(2220): 24 parts will be calculated
TwoParticleGF(2220): 24 parts will be calculated
TwoParticleGF(2220): 24 parts will be calculated
TwoParticleGF(2220): 24 parts will be calculated
TwoParticleGF(2220): 24 parts will be calculated
TwoParticleGF(2220): 24 parts will be calculated
TwoParticleGF(2220): 24 parts will be calculated
TwoParticleGF(2220): 24 parts will be calculated
TwoParticleGF(2220): 24 parts will be calculated
TwoParticleGF(2220): 24 parts will be calculated
TwoParticleGF(2220): 24 parts will be calculated
TwoParticleGF(2220): 24 parts will be calculated
TwoParticleGF(2220): 24 parts will be calculated
TwoParticleGF(2220): 24 parts will be calculated
TwoParticleGF(2220): 24 parts will be calculated
TwoParticleGF(2220): 24 parts will be calculated
TwoParticleGF(2220): 24 parts will be calculated
TwoParticleGF(2220): 24 parts will be calculated
TwoParticleGF(2220): 24 parts will be calculated
TwoParticleGF(2220): 24 parts will be calculated
TwoParticleGF(2220): 24 parts will be calculated
TwoParticleGF(2220): 24 parts will be calculated
compute_g2: Filling G^2 element (dn,1)(dn,1)(dn,0)(dn,1)
TwoParticleGF(2220): 24 parts will be calculated
TwoParticleGF(2220): 24 parts will be calculated
TwoParticleGF(2220): 24 parts will be calculated
TwoParticleGF(2220): 24 parts will be calculated
TwoParticleGF(2220): 24 parts will be calculated
TwoParticleGF(2220): 24 parts will be calculated
TwoParticleGF(2220): 24 parts will be calculated
TwoParticleGF(2220): 24 parts will be calculated
TwoParticleGF(2220): 24 parts will be calculated
TwoParticleGF(2220): 24 parts will be calculated
TwoParticleGF(2220): 24 parts will be calculated
TwoParticleGF(2220): 24 parts will be calculated
TwoParticleGF(2220): 24 parts will be calculated
TwoParticleGF(2220): 24 parts will be calculated
TwoParticleGF(2220): 24 parts will be calculated
TwoParticleGF(2220): 24 parts will be calculated
Calculating 24 jobs using 90 procs.
[13/24] P0 : part 12 [1] run;
Total 128+128=256 terms
[21/24] P4 : part 20 [1] run;
Total 8+8=16 terms
[23/24] P2 : part 22 [1] run;
Total 8+8=16 terms
[6/24] P19 : part 5 [1] run;
Total 8+8=16 terms
[18/24] P7 : part 17 [1] run;
Total 8+8=16 terms
[14/24] P11 : part 13 [1] run;
Total 128+128=256 terms
[15/24] P10 : part 14 [1] run;
Total 128+128=256 terms
[2/24] P23 : part 1 [1] run;
Total 8+8=16 terms
[16/24] P9 : part 15 [1] run;
Total 128+128=256 terms
[1/24] P12 : part 0 [1] run;
Total 8+8=16 terms
[11/24] P14 : part 10 [1] run;
Total 128+128=256 terms
[5/24] P20 : part 4 [1] run;
Total 8+8=16 terms
[17/24] P8 : part 16 [1] run;
Total 8+8=16 terms
[19/24] P6 : part 18 [1] run;
Total 8+8=16 terms
[22/24] P3 : part 21 [1] run;
Total 8+8=16 terms
[4/24] P21 : part 3 [1] run;
Total 8+8=16 terms
[3/24] P22 : part 2 [1] run;
Total 8+8=16 terms
[8/24] P17 : part 7 [1] run;
Total 8+8=16 terms
[24/24] P1 : part 23 [1] run;
[9/24] P16 : part 8 [1] run;
Total 128+128=256 terms
[12/24] P13 : part 11 [1] run;
Total 128+128=256 terms
[7/24] P18 : part 6 [1] run;
Total 8+8=16 terms
[20/24] P5 : part 19 [1] run;
Total 8+8=16 terms
[10/24] P15 : part 9 [1] run;
Total 128+128=256 terms
Total 8+8=16 terms
done.
TwoParticleGF(2022): 24 parts will be calculated
TwoParticleGF(2022): 24 parts will be calculated
TwoParticleGF(2022): 24 parts will be calculated
TwoParticleGF(2022): 24 parts will be calculated
TwoParticleGF(2022): 24 parts will be calculated
TwoParticleGF(2022): 24 parts will be calculated
TwoParticleGF(2022): 24 parts will be calculated
TwoParticleGF(2022): 24 parts will be calculated
TwoParticleGF(2022): 24 parts will be calculated
TwoParticleGF(2022): 24 parts will be calculated
TwoParticleGF(2022): 24 parts will be calculated
TwoParticleGF(2022): 24 parts will be calculated
TwoParticleGF(2022): 24 parts will be calculated
TwoParticleGF(2022): 24 parts will be calculated
TwoParticleGF(2022): 24 parts will be calculated
TwoParticleGF(2022): 24 parts will be calculated
TwoParticleGF(2022): 24 parts will be calculated
TwoParticleGF(2022): 24 parts will be calculated
TwoParticleGF(2022): 24 parts will be calculated
TwoParticleGF(2022): 24 parts will be calculated
TwoParticleGF(2022): 24 parts will be calculated
TwoParticleGF(2022): 24 parts will be calculated
TwoParticleGF(2022): 24 parts will be calculated
TwoParticleGF(2022): 24 parts will be calculated
TwoParticleGF(2022): 24 parts will be calculated
TwoParticleGF(2022): 24 parts will be calculated
TwoParticleGF(2022): 24 parts will be calculated
TwoParticleGF(2022): 24 parts will be calculated
TwoParticleGF(2022): 24 parts will be calculated
TwoParticleGF(2022): 24 parts will be calculated
TwoParticleGF(2022): 24 parts will be calculated
TwoParticleGF(2022): 24 parts will be calculated
TwoParticleGF(2022): 24 parts will be calculated
TwoParticleGF(2022): 24 parts will be calculated
TwoParticleGF(2022): 24 parts will be calculated
TwoParticleGF(2022): 24 parts will be calculated
TwoParticleGF(2022): 24 parts will be calculated
TwoParticleGF(2022): 24 parts will be calculated
TwoParticleGF(2022): 24 parts will be calculated
TwoParticleGF(2022): 24 parts will be calculated
TwoParticleGF(2022): 24 parts will be calculated
TwoParticleGF(2022): 24 parts will be calculated
TwoParticleGF(2022): 24 parts will be calculated
TwoParticleGF(2022): 24 parts will be calculated
TwoParticleGF(2022): 24 parts will be calculated
TwoParticleGF(2022): 24 parts will be calculated
TwoParticleGF(2022): 24 parts will be calculated
TwoParticleGF(2022): 24 parts will be calculated
TwoParticleGF(2022): 24 parts will be calculated
TwoParticleGF(2022): 24 parts will be calculated
TwoParticleGF(2022): 24 parts will be calculated
TwoParticleGF(2022): 24 parts will be calculated
TwoParticleGF(2022): 24 parts will be calculated
TwoParticleGF(2022): 24 parts will be calculated
TwoParticleGF(2022): 24 parts will be calculated
TwoParticleGF(2022): 24 parts will be calculated
TwoParticleGF(2022): 24 parts will be calculated
TwoParticleGF(2022): 24 parts will be calculated
TwoParticleGF(2022): 24 parts will be calculated
TwoParticleGF(2022): 24 parts will be calculated
TwoParticleGF(2022): 24 parts will be calculated
TwoParticleGF(2022): 24 parts will be calculated
TwoParticleGF(2022): 24 parts will be calculated
TwoParticleGF(2022): 24 parts will be calculated
TwoParticleGF(2022): 24 parts will be calculated
TwoParticleGF(2022): 24 parts will be calculated
TwoParticleGF(2022): 24 parts will be calculated
TwoParticleGF(2022): 24 parts will be calculated
TwoParticleGF(2022): 24 parts will be calculated
TwoParticleGF(2022): 24 parts will be calculated
TwoParticleGF(2022): 24 parts will be calculated
TwoParticleGF(2022): 24 parts will be calculated
TwoParticleGF(2022): 24 parts will be calculated
TwoParticleGF(2022): 24 parts will be calculated
TwoParticleGF(2022): 24 parts will be calculated
TwoParticleGF(2022): 24 parts will be calculated
TwoParticleGF(2022): 24 parts will be calculated
TwoParticleGF(2022): 24 parts will be calculated
TwoParticleGF(2022): 24 parts will be calculated
TwoParticleGF(2022): 24 parts will be calculated
TwoParticleGF(2022): 24 parts will be calculated
TwoParticleGF(2022): 24 parts will be calculated
TwoParticleGF(2022): 24 parts will be calculated
TwoParticleGF(2022): 24 parts will be calculated
TwoParticleGF(2022): 24 parts will be calculated
TwoParticleGF(2022): 24 parts will be calculated
TwoParticleGF(2022): 24 parts will be calculated
compute_g2: Filling G^2 element (dn,1)(dn,1)(dn,1)(dn,0)
TwoParticleGF(2022): 24 parts will be calculated
TwoParticleGF(2022): 24 parts will be calculated
TwoParticleGF(2022): 24 parts will be calculated
[22/24] P3 : part 21 [1] run;
Total 8+8=16 terms
[19/24] P6 : part 18 [1] run;
Total 8+8=16 terms
Calculating 24 jobs using 90 procs.
[13/24] P0 : part 12 [1] run;
Total 128+128=256 terms
[4/24] P21 : part 3 [1] run;
Total 8+8=16 terms
[21/24] P4 : part 20 [1] run;
Total 8+8=16 terms
[3/24] P22 : part 2 [1] run;
Total 8+8=16 terms
[8/24] P17 : part 7 [1] run;
Total 8+8=16 terms
[10/24] P15 : part 9 [1] run;
Total 128+128=256 terms
[9/24] P16 : part 8 [1] run;
Total 128+128=256 terms
[12/24] P13 : part 11 [1] run;
Total 128+128=256 terms
[7/24] P18 : part 6 [1] run;
Total 8+8=16 terms
[20/24] P5 : part 19 [1] run;
Total 8+8=16 terms
[24/24] P1 : part 23 [1] run;
Total 8+8=16 terms
[23/24] P2 : part 22 [1] run;
Total 8+8=16 terms
[18/24] P7 : part 17 [1] run;
Total 8+8=16 terms
[6/24] P19 : part 5 [1] run;
Total 8+8=16 terms
[14/24] P11 : part 13 [1] run;
Total 128+128=256 terms
[2/24] P23 : part 1 [1] run;
Total 8+8=16 terms
[15/24] P10 : part 14 [1] run;
Total 128+128=256 terms
[16/24] P9 : part 15 [1] run;
Total 128+128=256 terms
[1/24] P12 : part 0 [1] run;
Total 8+8=16 terms
[11/24] P14 : part 10 [1] run;
Total 128+128=256 terms
[5/24] P20 : part 4 [1] run;
Total 8+8=16 terms
[17/24] P8 : part 16 [1] run;
Total 8+8=16 terms
done.
TwoParticleGF(2222): 24 parts will be calculated
TwoParticleGF(2222): 24 parts will be calculated
TwoParticleGF(2222): 24 parts will be calculated
TwoParticleGF(2222): 24 parts will be calculated
TwoParticleGF(2222): 24 parts will be calculated
TwoParticleGF(2222): 24 parts will be calculated
TwoParticleGF(2222): 24 parts will be calculated
TwoParticleGF(2222): 24 parts will be calculated
TwoParticleGF(2222): 24 parts will be calculated
TwoParticleGF(2222): 24 parts will be calculated
TwoParticleGF(2222): 24 parts will be calculated
TwoParticleGF(2222): 24 parts will be calculated
TwoParticleGF(2222): 24 parts will be calculated
TwoParticleGF(2222): 24 parts will be calculated
TwoParticleGF(2222): 24 parts will be calculated
TwoParticleGF(2222): 24 parts will be calculated
TwoParticleGF(2222): 24 parts will be calculated
TwoParticleGF(2222): 24 parts will be calculated
TwoParticleGF(2222): 24 parts will be calculated
TwoParticleGF(2222): 24 parts will be calculated
TwoParticleGF(2222): 24 parts will be calculated
TwoParticleGF(2222): 24 parts will be calculated
TwoParticleGF(2222): 24 parts will be calculated
TwoParticleGF(2222): 24 parts will be calculated
TwoParticleGF(2222): 24 parts will be calculated
TwoParticleGF(2222): 24 parts will be calculated
TwoParticleGF(2222): 24 parts will be calculated
TwoParticleGF(2222): 24 parts will be calculated
TwoParticleGF(2222): 24 parts will be calculated
TwoParticleGF(2222): 24 parts will be calculated
TwoParticleGF(2222): 24 parts will be calculated
TwoParticleGF(2222): 24 parts will be calculated
TwoParticleGF(2222): 24 parts will be calculated
TwoParticleGF(2222): 24 parts will be calculated
TwoParticleGF(2222): 24 parts will be calculated
TwoParticleGF(2222): 24 parts will be calculated
TwoParticleGF(2222): 24 parts will be calculated
TwoParticleGF(2222): 24 parts will be calculated
TwoParticleGF(2222): 24 parts will be calculated
TwoParticleGF(2222): 24 parts will be calculated
TwoParticleGF(2222): 24 parts will be calculated
TwoParticleGF(2222): 24 parts will be calculated
TwoParticleGF(2222): 24 parts will be calculated
TwoParticleGF(2222): 24 parts will be calculated
TwoParticleGF(2222): 24 parts will be calculated
TwoParticleGF(2222): 24 parts will be calculated
TwoParticleGF(2222): 24 parts will be calculated
TwoParticleGF(2222): 24 parts will be calculated
TwoParticleGF(2222): 24 parts will be calculated
TwoParticleGF(2222): 24 parts will be calculated
TwoParticleGF(2222): 24 parts will be calculated
TwoParticleGF(2222): 24 parts will be calculated
TwoParticleGF(2222): 24 parts will be calculated
TwoParticleGF(2222): 24 parts will be calculated
TwoParticleGF(2222): 24 parts will be calculated
TwoParticleGF(2222): 24 parts will be calculated
TwoParticleGF(2222): 24 parts will be calculated
TwoParticleGF(2222): 24 parts will be calculated
TwoParticleGF(2222): 24 parts will be calculated
TwoParticleGF(2222): 24 parts will be calculated
TwoParticleGF(2222): 24 parts will be calculated
TwoParticleGF(2222): 24 parts will be calculated
TwoParticleGF(2222): 24 parts will be calculated
TwoParticleGF(2222): 24 parts will be calculated
TwoParticleGF(2222): 24 parts will be calculated
TwoParticleGF(2222): 24 parts will be calculated
TwoParticleGF(2222): 24 parts will be calculated
TwoParticleGF(2222): 24 parts will be calculated
TwoParticleGF(2222): 24 parts will be calculated
TwoParticleGF(2222): 24 parts will be calculated
TwoParticleGF(2222): 24 parts will be calculated
TwoParticleGF(2222): 24 parts will be calculated
TwoParticleGF(2222): 24 parts will be calculated
TwoParticleGF(2222): 24 parts will be calculated
TwoParticleGF(2222): 24 parts will be calculated
TwoParticleGF(2222): 24 parts will be calculated
TwoParticleGF(2222): 24 parts will be calculated
TwoParticleGF(2222): 24 parts will be calculated
TwoParticleGF(2222): 24 parts will be calculated
TwoParticleGF(2222): 24 parts will be calculated
TwoParticleGF(2222): 24 parts will be calculated
TwoParticleGF(2222): 24 parts will be calculated
TwoParticleGF(2222): 24 parts will be calculated
TwoParticleGF(2222): 24 parts will be calculated
TwoParticleGF(2222): 24 parts will be calculated
compute_g2: Filling G^2 element (dn,1)(dn,1)(dn,1)(dn,1)
TwoParticleGF(2222): 24 parts will be calculated
TwoParticleGF(2222): 24 parts will be calculated
TwoParticleGF(2222): 24 parts will be calculated
TwoParticleGF(2222): 24 parts will be calculated
TwoParticleGF(2222): 24 parts will be calculated
Calculating 24 jobs using 90 procs.
[15/24] P10 : part 14 [1] run;
Total 128+128=256 terms
[11/24] P14 : part 10 [1] run;
Total 128+128=256 terms
[5/24] P20 : part 4 [1] run;
Total 8+8=16 terms
[16/24] P9 : part 15 [1] run;
Total 128+128=256 terms
[22/24] P3 : part 21 [1] run;
Total 8+8=16 terms
[19/24] P6 : part 18 [1] run;
Total 8+8=16 terms
[17/24] P8 : part 16 [1] run;
Total 8+8=16 terms
[4/24] P21 : part 3 [1] run;
Total 8+8=16 terms
[21/24] P4 : part 20 [1] run;
Total 8+8=16 terms
[13/24] P0 : part 12 [1] run;
Total 128+128=256 terms
[3/24] P22 : part 2 [1] run;
Total 8+8=16 terms
[8/24] P17 : part 7 [1] run;
Total 8+8=16 terms
[10/24] P15 : part 9 [1] run;
Total 128+128=256 terms
[9/24] P16 : part 8 [1] run;
Total 128+128=256 terms
[12/24] P13 : part 11 [1] run;
Total 128+128=256 terms
[7/24] P18 : part 6 [1] run;
Total 8+8=16 terms
[20/24] P5 : part 19 [1] run;
[24/24] P1 : part 23 [1] run;
Total 8+8=16 terms
[23/24] P2 : part 22 [1] run;
Total 8+8=16 terms
[18/24] P7 : part 17 [1] run;
Total 8+8=16 terms
[6/24] P19 : part 5 [1] run;
Total 8+8=16 terms
[14/24] P11 : part 13 [1] run;
Total 128+128=256 terms
[2/24] P23 : part 1 [1] run;
Total 8+8=16 terms
[1/24] P12 : part 0 [1] run;
Total 8+8=16 terms
Total 8+8=16 terms
done.
