--------------------------------------------------------------------------
Ignoring value for oob_tcp_if_exclude on worker7287 (10.250.112.0/20: Did not find interface matching this subnet).
(You can safely ignore this message.)
--------------------------------------------------------------------------
Starting run with 96 MPI rank(s) at : 2026-09-25 14:08:57.211429
Computed 1024 components on 96 rank(s) in 451.1 s

===== Divided difference vs CTINT =====
Spin configuration is (up,up)
Orbital configuration 0000, max difference is 0.00025446612414203873, max |G2_ref| is 0.5032326460805457, number of points checked 4570
Orbital configuration 0001, max difference is 6.786341189245281e-05, max |G2_ref| is 0.11629862533694664, number of points checked 4570
Orbital configuration 0002, max difference is 8.380708268989666e-05, max |G2_ref| is 0.11529558698965273, number of points checked 4570
Orbital configuration 0003, max difference is 1.4184815015893875e-05, max |G2_ref| is 0.06047728136689097, number of points checked 4570
Orbital configuration 0010, max difference is 6.662625743635096e-05, max |G2_ref| is 0.11627944277998592, number of points checked 4570
Orbital configuration 0011, max difference is 0.0004050036156942424, max |G2_ref| is 0.4573529993166066, number of points checked 4570
Orbital configuration 0012, max difference is 5.6497620934294106e-05, max |G2_ref| is 0.055054919856839676, number of points checked 4570
Orbital configuration 0013, max difference is 7.470009191302636e-05, max |G2_ref| is 0.11294653776990148, number of points checked 4570
Orbital configuration 0020, max difference is 7.137249423409275e-05, max |G2_ref| is 0.11530406119343788, number of points checked 4570
Orbital configuration 0021, max difference is 4.431393377923549e-05, max |G2_ref| is 0.05502448201558416, number of points checked 4570
Orbital configuration 0022, max difference is 0.0003941229525206285, max |G2_ref| is 0.45486557070891154, number of points checked 4570
Orbital configuration 0023, max difference is 0.00011891015894167988, max |G2_ref| is 0.1129147546149973, number of points checked 4570
Orbital configuration 0030, max difference is 2.7778631485034122e-05, max |G2_ref| is 0.060477242081560495, number of points checked 4570
Orbital configuration 0031, max difference is 5.914674565660454e-05, max |G2_ref| is 0.11297171932150621, number of points checked 4570
Orbital configuration 0032, max difference is 0.00013648125567999693, max |G2_ref| is 0.11295869710498117, number of points checked 4570
Orbital configuration 0033, max difference is 0.0006609276053054577, max |G2_ref| is 0.43914506048779217, number of points checked 4570
Orbital configuration 0100, max difference is 6.786341189270638e-05, max |G2_ref| is 0.11629862533694664, number of points checked 4570
Orbital configuration 0101, max difference is 1.4532272334526743e-05, max |G2_ref| is 0.031107736205733594, number of points checked 4570
Orbital configuration 0102, max difference is 2.0099213924968243e-05, max |G2_ref| is 0.02638950535111196, number of points checked 4570
Orbital configuration 0103, max difference is 1.4338263121073597e-05, max |G2_ref| is 0.01465163402210056, number of points checked 4570
Orbital configuration 0110, max difference is 0.00040500361569013237, max |G2_ref| is 0.45735299931660667, number of points checked 4570
Orbital configuration 0111, max difference is 8.896486749612856e-05, max |G2_ref| is 0.11446619451370064, number of points checked 4570
Orbital configuration 0112, max difference is 0.000188872212021538, max |G2_ref| is 0.11293608498852302, number of points checked 4570
Orbital configuration 0113, max difference is 8.096238743264753e-05, max |G2_ref| is 0.05531865922294669, number of points checked 4570
Orbital configuration 0120, max difference is 4.4313933778578055e-05, max |G2_ref| is 0.05502448201558416, number of points checked 4570
Orbital configuration 0121, max difference is 1.5181962316423375e-05, max |G2_ref| is 0.014377401835001828, number of points checked 4570
Orbital configuration 0122, max difference is 0.00012230632072775556, max |G2_ref| is 0.11275908739112454, number of points checked 4570
Orbital configuration 0123, max difference is 5.335212280308765e-05, max |G2_ref| is 0.02940520771808608, number of points checked 4570
Orbital configuration 0130, max difference is 5.914674565681348e-05, max |G2_ref| is 0.11297171932150621, number of points checked 4570
Orbital configuration 0131, max difference is 1.220836747362338e-05, max |G2_ref| is 0.026107000024890192, number of points checked 4570
Orbital configuration 0132, max difference is 4.5825760778698586e-05, max |G2_ref| is 0.022189772512426615, number of points checked 4570
Orbital configuration 0133, max difference is 0.00011386771796075405, max |G2_ref| is 0.11301265857808875, number of points checked 4570
Orbital configuration 0200, max difference is 8.380708268962356e-05, max |G2_ref| is 0.11529558698965273, number of points checked 4570
Orbital configuration 0201, max difference is 2.0099213924866267e-05, max |G2_ref| is 0.02638950535111196, number of points checked 4570
Orbital configuration 0202, max difference is 1.0528833420394957e-05, max |G2_ref| is 0.03138933744216172, number of points checked 4570
Orbital configuration 0203, max difference is 9.07368204248409e-06, max |G2_ref| is 0.014689114150907769, number of points checked 4570
Orbital configuration 0210, max difference is 5.649762093640712e-05, max |G2_ref| is 0.055054919856839676, number of points checked 4570
Orbital configuration 0211, max difference is 0.00018887221202163577, max |G2_ref| is 0.11293608498852302, number of points checked 4570
Orbital configuration 0212, max difference is 4.244550650842869e-06, max |G2_ref| is 0.014687140388154019, number of points checked 4570
Orbital configuration 0213, max difference is 2.390319127200691e-05, max |G2_ref| is 0.02944319601492169, number of points checked 4570
Orbital configuration 0220, max difference is 0.00039412295252046436, max |G2_ref| is 0.45486557070891165, number of points checked 4570
Orbital configuration 0221, max difference is 0.0001223063207285498, max |G2_ref| is 0.11275908739112454, number of points checked 4570
Orbital configuration 0222, max difference is 4.09039614417771e-05, max |G2_ref| is 0.11526147108935635, number of points checked 4570
Orbital configuration 0223, max difference is 5.449228337986171e-05, max |G2_ref| is 0.05503104589594322, number of points checked 4570
Orbital configuration 0230, max difference is 0.00013648125567908067, max |G2_ref| is 0.11295869710498117, number of points checked 4570
Orbital configuration 0231, max difference is 4.582576077956583e-05, max |G2_ref| is 0.022189772512426615, number of points checked 4570
Orbital configuration 0232, max difference is 1.1122946918378098e-05, max |G2_ref| is 0.02638736554165929, number of points checked 4570
Orbital configuration 0233, max difference is 0.00016177598013534503, max |G2_ref| is 0.11308714245578792, number of points checked 4570
Orbital configuration 0300, max difference is 1.418481501693619e-05, max |G2_ref| is 0.06047728136689097, number of points checked 4570
Orbital configuration 0301, max difference is 1.4338263121408832e-05, max |G2_ref| is 0.014651634022100561, number of points checked 4570
Orbital configuration 0302, max difference is 9.073682042252467e-06, max |G2_ref| is 0.014689114150907769, number of points checked 4570
Orbital configuration 0303, max difference is 6.231312458113841e-06, max |G2_ref| is 0.008718445938891373, number of points checked 4570
Orbital configuration 0310, max difference is 7.470009191227269e-05, max |G2_ref| is 0.11294653776990148, number of points checked 4570
Orbital configuration 0311, max difference is 8.096238743334901e-05, max |G2_ref| is 0.05531865922294669, number of points checked 4570
Orbital configuration 0312, max difference is 2.3903191271690165e-05, max |G2_ref| is 0.02944319601492169, number of points checked 4570
Orbital configuration 0313, max difference is 2.2369294125717365e-05, max |G2_ref| is 0.014377798742198376, number of points checked 4570
Orbital configuration 0320, max difference is 0.00011891015894089443, max |G2_ref| is 0.1129147546149973, number of points checked 4570
Orbital configuration 0321, max difference is 5.335212280333728e-05, max |G2_ref| is 0.02940520771808608, number of points checked 4570
Orbital configuration 0322, max difference is 5.449228337901439e-05, max |G2_ref| is 0.05503104589594322, number of points checked 4570
Orbital configuration 0323, max difference is 7.755004048876964e-06, max |G2_ref| is 0.0143845283054129, number of points checked 4570
Orbital configuration 0330, max difference is 0.0006609276052971033, max |G2_ref| is 0.43914506048779217, number of points checked 4570
Orbital configuration 0331, max difference is 0.00011386771796064875, max |G2_ref| is 0.11301265857808875, number of points checked 4570
Orbital configuration 0332, max difference is 0.00016177598013599097, max |G2_ref| is 0.11308714245578794, number of points checked 4570
Orbital configuration 0333, max difference is 1.4963985752962564e-05, max |G2_ref| is 0.05987972947009164, number of points checked 4570
Orbital configuration 1000, max difference is 6.66262574363582e-05, max |G2_ref| is 0.11627944277998592, number of points checked 4570
Orbital configuration 1001, max difference is 0.00040500361569421813, max |G2_ref| is 0.45735299931660667, number of points checked 4570
Orbital configuration 1002, max difference is 5.649762093428917e-05, max |G2_ref| is 0.055054919856839676, number of points checked 4570
Orbital configuration 1003, max difference is 7.470009191302636e-05, max |G2_ref| is 0.11294653776990148, number of points checked 4570
Orbital configuration 1010, max difference is 2.3692928572977695e-05, max |G2_ref| is 0.031084048979731434, number of points checked 4570
Orbital configuration 1011, max difference is 0.00012784547395586782, max |G2_ref| is 0.11442896918907566, number of points checked 4570
Orbital configuration 1012, max difference is 1.3935218723206853e-05, max |G2_ref| is 0.014387879214666024, number of points checked 4570
Orbital configuration 1013, max difference is 1.5124596131222236e-05, max |G2_ref| is 0.026108377090571122, number of points checked 4570
Orbital configuration 1020, max difference is 1.3385816234395186e-05, max |G2_ref| is 0.02638841536761209, number of points checked 4570
Orbital configuration 1021, max difference is 0.00019066384285757807, max |G2_ref| is 0.11296340763377515, number of points checked 4570
Orbital configuration 1022, max difference is 0.00015727486948127878, max |G2_ref| is 0.11275918300735482, number of points checked 4570
Orbital configuration 1023, max difference is 4.4340773087875006e-05, max |G2_ref| is 0.022211799899134937, number of points checked 4570
Orbital configuration 1030, max difference is 8.87648508472989e-06, max |G2_ref| is 0.014635282098032483, number of points checked 4570
Orbital configuration 1031, max difference is 4.0314792334291806e-05, max |G2_ref| is 0.05527873402781441, number of points checked 4570
Orbital configuration 1032, max difference is 4.517865318451016e-05, max |G2_ref| is 0.029437507829521266, number of points checked 4570
Orbital configuration 1033, max difference is 0.00010790540790731943, max |G2_ref| is 0.11302388944504013, number of points checked 4570
Orbital configuration 1100, max difference is 0.0004050036156901081, max |G2_ref| is 0.4573529993166066, number of points checked 4570
Orbital configuration 1101, max difference is 8.896486749612512e-05, max |G2_ref| is 0.11446619451370064, number of points checked 4570
Orbital configuration 1102, max difference is 0.0001888722120215238, max |G2_ref| is 0.11293608498852302, number of points checked 4570
Orbital configuration 1103, max difference is 8.096238743264043e-05, max |G2_ref| is 0.05531865922294668, number of points checked 4570
Orbital configuration 1110, max difference is 0.0001278454739554675, max |G2_ref| is 0.11442896918907566, number of points checked 4570
Orbital configuration 1111, max difference is 4.4803207284630146e-05, max |G2_ref| is 0.5020223440829605, number of points checked 4570
Orbital configuration 1112, max difference is 1.6584332256307695e-05, max |G2_ref| is 0.05988665257067332, number of points checked 4570
Orbital configuration 1113, max difference is 4.925283782676235e-05, max |G2_ref| is 0.1156652092396716, number of points checked 4570
Orbital configuration 1120, max difference is 0.0001906638428571946, max |G2_ref| is 0.11296340763377513, number of points checked 4570
Orbital configuration 1121, max difference is 3.88687117589727e-05, max |G2_ref| is 0.05987105299683549, number of points checked 4570
Orbital configuration 1122, max difference is 0.0002968888487518888, max |G2_ref| is 0.43871229333736744, number of points checked 4570
Orbital configuration 1123, max difference is 0.0001041344826072365, max |G2_ref| is 0.11305462372921252, number of points checked 4570
Orbital configuration 1130, max difference is 4.031479233343663e-05, max |G2_ref| is 0.0552787340278144, number of points checked 4570
Orbital configuration 1131, max difference is 3.8939336049945e-05, max |G2_ref| is 0.11561474237244504, number of points checked 4570
Orbital configuration 1132, max difference is 7.215503009460293e-05, max |G2_ref| is 0.11304815752136625, number of points checked 4570
Orbital configuration 1133, max difference is 0.00019774955969635482, max |G2_ref| is 0.46118307375848216, number of points checked 4570
Orbital configuration 1200, max difference is 5.649762093640659e-05, max |G2_ref| is 0.055054919856839676, number of points checked 4570
Orbital configuration 1201, max difference is 0.00018887221202163514, max |G2_ref| is 0.11293608498852302, number of points checked 4570
Orbital configuration 1202, max difference is 4.244550650842783e-06, max |G2_ref| is 0.014687140388154022, number of points checked 4570
Orbital configuration 1203, max difference is 2.3903191272005258e-05, max |G2_ref| is 0.02944319601492169, number of points checked 4570
Orbital configuration 1210, max difference is 1.3935218722778487e-05, max |G2_ref| is 0.014387879214666024, number of points checked 4570
Orbital configuration 1211, max difference is 1.6584332255439554e-05, max |G2_ref| is 0.05988665257067332, number of points checked 4570
Orbital configuration 1212, max difference is 1.7837258008638474e-06, max |G2_ref| is 0.008713998352234138, number of points checked 4570
Orbital configuration 1213, max difference is 5.324788348828335e-06, max |G2_ref| is 0.014359195161909356, number of points checked 4570
Orbital configuration 1220, max difference is 0.00015727486948238613, max |G2_ref| is 0.11275918300735484, number of points checked 4570
Orbital configuration 1221, max difference is 0.0002968888487502189, max |G2_ref| is 0.43871229333736744, number of points checked 4570
Orbital configuration 1222, max difference is 5.788813926018972e-05, max |G2_ref| is 0.060424274641739106, number of points checked 4570
Orbital configuration 1223, max difference is 9.784718769823906e-05, max |G2_ref| is 0.1129601477154181, number of points checked 4570
Orbital configuration 1230, max difference is 4.517865318455653e-05, max |G2_ref| is 0.02943750782952127, number of points checked 4570
Orbital configuration 1231, max difference is 7.21550300956508e-05, max |G2_ref| is 0.11304815752136627, number of points checked 4570
Orbital configuration 1232, max difference is 1.3041112743040548e-05, max |G2_ref| is 0.0146392306029661, number of points checked 4570
Orbital configuration 1233, max difference is 4.218854318733901e-05, max |G2_ref| is 0.05524197860684783, number of points checked 4570
Orbital configuration 1300, max difference is 7.470009191225484e-05, max |G2_ref| is 0.11294653776990148, number of points checked 4570
Orbital configuration 1301, max difference is 8.096238743334901e-05, max |G2_ref| is 0.05531865922294669, number of points checked 4570
Orbital configuration 1302, max difference is 2.39031912716885e-05, max |G2_ref| is 0.02944319601492169, number of points checked 4570
Orbital configuration 1303, max difference is 2.236929412571882e-05, max |G2_ref| is 0.014377798742198376, number of points checked 4570
Orbital configuration 1310, max difference is 1.5124596130183551e-05, max |G2_ref| is 0.026108377090571122, number of points checked 4570
Orbital configuration 1311, max difference is 4.9252837826899454e-05, max |G2_ref| is 0.11566520923967158, number of points checked 4570
Orbital configuration 1312, max difference is 5.3247883488216015e-06, max |G2_ref| is 0.014359195161909356, number of points checked 4570
Orbital configuration 1313, max difference is 1.775764885498035e-05, max |G2_ref| is 0.030867151167599596, number of points checked 4570
Orbital configuration 1320, max difference is 4.434077308725664e-05, max |G2_ref| is 0.022211799899134937, number of points checked 4570
Orbital configuration 1321, max difference is 0.00010413448260763044, max |G2_ref| is 0.11305462372921252, number of points checked 4570
Orbital configuration 1322, max difference is 9.784718769822785e-05, max |G2_ref| is 0.11296014771541808, number of points checked 4570
Orbital configuration 1323, max difference is 1.1266118962408824e-05, max |G2_ref| is 0.026097872715804812, number of points checked 4570
Orbital configuration 1330, max difference is 0.00010790540790719536, max |G2_ref| is 0.11302388944504013, number of points checked 4570
Orbital configuration 1331, max difference is 0.0001977495596971532, max |G2_ref| is 0.46118307375848216, number of points checked 4570
Orbital configuration 1332, max difference is 4.218854318652545e-05, max |G2_ref| is 0.05524197860684783, number of points checked 4570
Orbital configuration 1333, max difference is 4.407037210149744e-05, max |G2_ref| is 0.11565776942088898, number of points checked 4570
Orbital configuration 2000, max difference is 7.137249423409247e-05, max |G2_ref| is 0.11530406119343788, number of points checked 4570
Orbital configuration 2001, max difference is 4.431393377923619e-05, max |G2_ref| is 0.05502448201558416, number of points checked 4570
Orbital configuration 2002, max difference is 0.0003941229525206839, max |G2_ref| is 0.45486557070891165, number of points checked 4570
Orbital configuration 2003, max difference is 0.00011891015894167988, max |G2_ref| is 0.1129147546149973, number of points checked 4570
Orbital configuration 2010, max difference is 1.3385816234395186e-05, max |G2_ref| is 0.02638841536761209, number of points checked 4570
Orbital configuration 2011, max difference is 0.0001906638428575499, max |G2_ref| is 0.11296340763377515, number of points checked 4570
Orbital configuration 2012, max difference is 0.00015727486948127878, max |G2_ref| is 0.11275918300735484, number of points checked 4570
Orbital configuration 2013, max difference is 4.4340773087874735e-05, max |G2_ref| is 0.022211799899134937, number of points checked 4570
Orbital configuration 2020, max difference is 1.4108450107297443e-05, max |G2_ref| is 0.031407479626462134, number of points checked 4570
Orbital configuration 2021, max difference is 1.3389448895957398e-05, max |G2_ref| is 0.014689002947959313, number of points checked 4570
Orbital configuration 2022, max difference is 5.0480533408855115e-05, max |G2_ref| is 0.11530349938320113, number of points checked 4570
Orbital configuration 2023, max difference is 1.2307922462990387e-05, max |G2_ref| is 0.026387189284053966, number of points checked 4570
Orbital configuration 2030, max difference is 1.445454177016515e-05, max |G2_ref| is 0.014694572755803931, number of points checked 4570
Orbital configuration 2031, max difference is 3.573031968621832e-05, max |G2_ref| is 0.029462412979992154, number of points checked 4570
Orbital configuration 2032, max difference is 6.724403667040221e-05, max |G2_ref| is 0.05501534141252378, number of points checked 4570
Orbital configuration 2033, max difference is 0.00016932808945194602, max |G2_ref| is 0.11305709661156169, number of points checked 4570
Orbital configuration 2100, max difference is 4.431393377858091e-05, max |G2_ref| is 0.055024482015584165, number of points checked 4570
Orbital configuration 2101, max difference is 1.5181962316420817e-05, max |G2_ref| is 0.014377401835001828, number of points checked 4570
Orbital configuration 2102, max difference is 0.00012230632072774545, max |G2_ref| is 0.11275908739112454, number of points checked 4570
Orbital configuration 2103, max difference is 5.335212280308782e-05, max |G2_ref| is 0.029405207718086083, number of points checked 4570
Orbital configuration 2110, max difference is 0.00019066384285718082, max |G2_ref| is 0.11296340763377513, number of points checked 4570
Orbital configuration 2111, max difference is 3.886871175897e-05, max |G2_ref| is 0.0598710529968355, number of points checked 4570
Orbital configuration 2112, max difference is 0.0002968888487517985, max |G2_ref| is 0.43871229333736744, number of points checked 4570
Orbital configuration 2113, max difference is 0.00010413448260723558, max |G2_ref| is 0.11305462372921252, number of points checked 4570
Orbital configuration 2120, max difference is 1.3389448896093498e-05, max |G2_ref| is 0.014689002947959313, number of points checked 4570
Orbital configuration 2121, max difference is 8.401871638556366e-06, max |G2_ref| is 0.008703812754794513, number of points checked 4570
Orbital configuration 2122, max difference is 6.952607989126507e-05, max |G2_ref| is 0.06041077266857428, number of points checked 4570
Orbital configuration 2123, max difference is 2.5901290559544434e-05, max |G2_ref| is 0.014618077508979858, number of points checked 4570
Orbital configuration 2130, max difference is 3.573031968743945e-05, max |G2_ref| is 0.029462412979992154, number of points checked 4570
Orbital configuration 2131, max difference is 9.539542894474464e-06, max |G2_ref| is 0.014352425444900133, number of points checked 4570
Orbital configuration 2132, max difference is 0.0001050327479523491, max |G2_ref| is 0.11295583371162382, number of points checked 4570
Orbital configuration 2133, max difference is 4.2556376965544125e-05, max |G2_ref| is 0.05522946317145193, number of points checked 4570
Orbital configuration 2200, max difference is 0.00039412295252040885, max |G2_ref| is 0.45486557070891154, number of points checked 4570
Orbital configuration 2201, max difference is 0.00012230632072855158, max |G2_ref| is 0.11275908739112454, number of points checked 4570
Orbital configuration 2202, max difference is 4.090396144177739e-05, max |G2_ref| is 0.11526147108935633, number of points checked 4570
Orbital configuration 2203, max difference is 5.449228337986171e-05, max |G2_ref| is 0.05503104589594322, number of points checked 4570
Orbital configuration 2210, max difference is 0.0001572748694823845, max |G2_ref| is 0.11275918300735482, number of points checked 4570
Orbital configuration 2211, max difference is 0.0002968888487503254, max |G2_ref| is 0.43871229333736744, number of points checked 4570
Orbital configuration 2212, max difference is 5.7888139260197475e-05, max |G2_ref| is 0.060424274641739106, number of points checked 4570
Orbital configuration 2213, max difference is 9.784718769823563e-05, max |G2_ref| is 0.11296014771541808, number of points checked 4570
Orbital configuration 2220, max difference is 5.0480533407837286e-05, max |G2_ref| is 0.11530349938320114, number of points checked 4570
Orbital configuration 2221, max difference is 6.95260798904931e-05, max |G2_ref| is 0.06041077266857428, number of points checked 4570
Orbital configuration 2222, max difference is 0.0002932743474717281, max |G2_ref| is 0.502684905608933, number of points checked 4570
Orbital configuration 2223, max difference is 5.446161910942348e-05, max |G2_ref| is 0.11626398288624822, number of points checked 4570
Orbital configuration 2230, max difference is 6.724403667124073e-05, max |G2_ref| is 0.05501534141252378, number of points checked 4570
Orbital configuration 2231, max difference is 0.00010503274795259434, max |G2_ref| is 0.11295583371162383, number of points checked 4570
Orbital configuration 2232, max difference is 2.5434485358269296e-05, max |G2_ref| is 0.11628550959481108, number of points checked 4570
Orbital configuration 2233, max difference is 0.0002231582996601545, max |G2_ref| is 0.45772010112883005, number of points checked 4570
Orbital configuration 2300, max difference is 0.00011891015894090823, max |G2_ref| is 0.1129147546149973, number of points checked 4570
Orbital configuration 2301, max difference is 5.3352122803337195e-05, max |G2_ref| is 0.029405207718086083, number of points checked 4570
Orbital configuration 2302, max difference is 5.4492283379007806e-05, max |G2_ref| is 0.05503104589594322, number of points checked 4570
Orbital configuration 2303, max difference is 7.755004048878572e-06, max |G2_ref| is 0.014384528305412899, number of points checked 4570
Orbital configuration 2310, max difference is 4.4340773087256096e-05, max |G2_ref| is 0.022211799899134937, number of points checked 4570
Orbital configuration 2311, max difference is 0.00010413448260762913, max |G2_ref| is 0.11305462372921252, number of points checked 4570
Orbital configuration 2312, max difference is 9.784718769822785e-05, max |G2_ref| is 0.1129601477154181, number of points checked 4570
Orbital configuration 2313, max difference is 1.1266118962411143e-05, max |G2_ref| is 0.026097872715804812, number of points checked 4570
Orbital configuration 2320, max difference is 1.2307922462309146e-05, max |G2_ref| is 0.02638718928405397, number of points checked 4570
Orbital configuration 2321, max difference is 2.590129056004064e-05, max |G2_ref| is 0.014618077508979858, number of points checked 4570
Orbital configuration 2322, max difference is 5.4461619108923666e-05, max |G2_ref| is 0.11626398288624822, number of points checked 4570
Orbital configuration 2323, max difference is 1.911972969567341e-05, max |G2_ref| is 0.03108862217860897, number of points checked 4570
Orbital configuration 2330, max difference is 0.00016932808945159357, max |G2_ref| is 0.11305709661156169, number of points checked 4570
Orbital configuration 2331, max difference is 4.2556376966457944e-05, max |G2_ref| is 0.05522946317145193, number of points checked 4570
Orbital configuration 2332, max difference is 0.0002231582996621537, max |G2_ref| is 0.45772010112883005, number of points checked 4570
Orbital configuration 2333, max difference is 3.9894752253880946e-05, max |G2_ref| is 0.1144591361438623, number of points checked 4570
Orbital configuration 3000, max difference is 2.7778631485038245e-05, max |G2_ref| is 0.0604772420815605, number of points checked 4570
Orbital configuration 3001, max difference is 5.914674565660656e-05, max |G2_ref| is 0.11297171932150621, number of points checked 4570
Orbital configuration 3002, max difference is 0.00013648125568000599, max |G2_ref| is 0.11295869710498117, number of points checked 4570
Orbital configuration 3003, max difference is 0.0006609276053055344, max |G2_ref| is 0.43914506048779217, number of points checked 4570
Orbital configuration 3010, max difference is 8.876485084726765e-06, max |G2_ref| is 0.014635282098032484, number of points checked 4570
Orbital configuration 3011, max difference is 4.0314792334292734e-05, max |G2_ref| is 0.0552787340278144, number of points checked 4570
Orbital configuration 3012, max difference is 4.5178653184513625e-05, max |G2_ref| is 0.02943750782952127, number of points checked 4570
Orbital configuration 3013, max difference is 0.00010790540790732928, max |G2_ref| is 0.11302388944504013, number of points checked 4570
Orbital configuration 3020, max difference is 1.445454177016166e-05, max |G2_ref| is 0.014694572755803933, number of points checked 4570
Orbital configuration 3021, max difference is 3.5730319686218725e-05, max |G2_ref| is 0.029462412979992154, number of points checked 4570
Orbital configuration 3022, max difference is 6.72440366704065e-05, max |G2_ref| is 0.05501534141252378, number of points checked 4570
Orbital configuration 3023, max difference is 0.00016932808945195819, max |G2_ref| is 0.11305709661156169, number of points checked 4570
Orbital configuration 3030, max difference is 1.0966057623748453e-06, max |G2_ref| is 0.008712722093755551, number of points checked 4570
Orbital configuration 3031, max difference is 1.1416179177944368e-05, max |G2_ref| is 0.014366879962169453, number of points checked 4570
Orbital configuration 3032, max difference is 1.5208464628655702e-05, max |G2_ref| is 0.014392291188443535, number of points checked 4570
Orbital configuration 3033, max difference is 5.180511722839292e-05, max |G2_ref| is 0.059874341618522946, number of points checked 4570
Orbital configuration 3100, max difference is 5.914674565680177e-05, max |G2_ref| is 0.11297171932150621, number of points checked 4570
Orbital configuration 3101, max difference is 1.220836747362338e-05, max |G2_ref| is 0.026107000024890192, number of points checked 4570
Orbital configuration 3102, max difference is 4.582576077869854e-05, max |G2_ref| is 0.022189772512426615, number of points checked 4570
Orbital configuration 3103, max difference is 0.00011386771796075405, max |G2_ref| is 0.11301265857808875, number of points checked 4570
Orbital configuration 3110, max difference is 4.031479233343663e-05, max |G2_ref| is 0.0552787340278144, number of points checked 4570
Orbital configuration 3111, max difference is 3.8939336049945e-05, max |G2_ref| is 0.11561474237244504, number of points checked 4570
Orbital configuration 3112, max difference is 7.21550300946135e-05, max |G2_ref| is 0.11304815752136627, number of points checked 4570
Orbital configuration 3113, max difference is 0.00019774955969635452, max |G2_ref| is 0.46118307375848216, number of points checked 4570
Orbital configuration 3120, max difference is 3.573031968743826e-05, max |G2_ref| is 0.029462412979992154, number of points checked 4570
Orbital configuration 3121, max difference is 9.539542894475087e-06, max |G2_ref| is 0.014352425444900133, number of points checked 4570
Orbital configuration 3122, max difference is 0.00010503274795233592, max |G2_ref| is 0.11295583371162383, number of points checked 4570
Orbital configuration 3123, max difference is 4.255637696554856e-05, max |G2_ref| is 0.05522946317145193, number of points checked 4570
Orbital configuration 3130, max difference is 1.141617917790907e-05, max |G2_ref| is 0.014366879962169453, number of points checked 4570
Orbital configuration 3131, max difference is 6.6124537298831165e-06, max |G2_ref| is 0.03084278106501473, number of points checked 4570
Orbital configuration 3132, max difference is 2.3963742318734396e-05, max |G2_ref| is 0.02610060598941954, number of points checked 4570
Orbital configuration 3133, max difference is 6.71548338548778e-05, max |G2_ref| is 0.11562756447521846, number of points checked 4570
Orbital configuration 3200, max difference is 0.0001364812556790821, max |G2_ref| is 0.11295869710498117, number of points checked 4570
Orbital configuration 3201, max difference is 4.5825760779565914e-05, max |G2_ref| is 0.022189772512426615, number of points checked 4570
Orbital configuration 3202, max difference is 1.11229469183808e-05, max |G2_ref| is 0.02638736554165929, number of points checked 4570
Orbital configuration 3203, max difference is 0.00016177598013536001, max |G2_ref| is 0.11308714245578794, number of points checked 4570
Orbital configuration 3210, max difference is 4.517865318455305e-05, max |G2_ref| is 0.02943750782952127, number of points checked 4570
Orbital configuration 3211, max difference is 7.215503009566139e-05, max |G2_ref| is 0.11304815752136625, number of points checked 4570
Orbital configuration 3212, max difference is 1.3041112743040895e-05, max |G2_ref| is 0.0146392306029661, number of points checked 4570
Orbital configuration 3213, max difference is 4.2188543187337276e-05, max |G2_ref| is 0.05524197860684783, number of points checked 4570
Orbital configuration 3220, max difference is 6.724403667124073e-05, max |G2_ref| is 0.05501534141252378, number of points checked 4570
Orbital configuration 3221, max difference is 0.00010503274795259434, max |G2_ref| is 0.11295583371162382, number of points checked 4570
Orbital configuration 3222, max difference is 2.543448535828317e-05, max |G2_ref| is 0.11628550959481108, number of points checked 4570
Orbital configuration 3223, max difference is 0.00022315829966014587, max |G2_ref| is 0.45772010112883005, number of points checked 4570
Orbital configuration 3230, max difference is 1.5208464627928392e-05, max |G2_ref| is 0.014392291188443535, number of points checked 4570
Orbital configuration 3231, max difference is 2.396374231768697e-05, max |G2_ref| is 0.02610060598941954, number of points checked 4570
Orbital configuration 3232, max difference is 1.664205140746194e-06, max |G2_ref| is 0.0311078370841437, number of points checked 4570
Orbital configuration 3233, max difference is 4.8872454191373194e-05, max |G2_ref| is 0.11450360783617418, number of points checked 4570
Orbital configuration 3300, max difference is 0.0006609276052971651, max |G2_ref| is 0.43914506048779217, number of points checked 4570
Orbital configuration 3301, max difference is 0.00011386771796064344, max |G2_ref| is 0.11301265857808875, number of points checked 4570
Orbital configuration 3302, max difference is 0.0001617759801359643, max |G2_ref| is 0.11308714245578792, number of points checked 4570
Orbital configuration 3303, max difference is 1.4963985752962564e-05, max |G2_ref| is 0.05987972947009164, number of points checked 4570
Orbital configuration 3310, max difference is 0.0001079054079071855, max |G2_ref| is 0.11302388944504013, number of points checked 4570
Orbital configuration 3311, max difference is 0.00019774955969714927, max |G2_ref| is 0.46118307375848216, number of points checked 4570
Orbital configuration 3312, max difference is 4.2188543186523725e-05, max |G2_ref| is 0.05524197860684783, number of points checked 4570
Orbital configuration 3313, max difference is 4.407037210149772e-05, max |G2_ref| is 0.11565776942088898, number of points checked 4570
Orbital configuration 3320, max difference is 0.0001693280894515886, max |G2_ref| is 0.11305709661156169, number of points checked 4570
Orbital configuration 3321, max difference is 4.255637696645812e-05, max |G2_ref| is 0.05522946317145193, number of points checked 4570
Orbital configuration 3322, max difference is 0.0002231582996621554, max |G2_ref| is 0.45772010112883005, number of points checked 4570
Orbital configuration 3323, max difference is 3.9894752253839516e-05, max |G2_ref| is 0.1144591361438623, number of points checked 4570
Orbital configuration 3330, max difference is 5.180511722854414e-05, max |G2_ref| is 0.059874341618522946, number of points checked 4570
Orbital configuration 3331, max difference is 6.715483385484836e-05, max |G2_ref| is 0.11562756447521846, number of points checked 4570
Orbital configuration 3332, max difference is 4.887245419154444e-05, max |G2_ref| is 0.11450360783617418, number of points checked 4570
Orbital configuration 3333, max difference is 0.00027642960332663336, max |G2_ref| is 0.5022541272325294, number of points checked 4570
Spin configuration is (up,dn)
Orbital configuration 0000, max difference is 0.000550485924580245, max |G2_ref| is 0.6141079475391186, number of points checked 4570
Orbital configuration 0001, max difference is 0.00038686127082775677, max |G2_ref| is 0.1453391059650514, number of points checked 4570
Orbital configuration 0002, max difference is 0.0003291965441978814, max |G2_ref| is 0.14284661661710685, number of points checked 4570
Orbital configuration 0003, max difference is 8.239229441860888e-05, max |G2_ref| is 0.0771997623248395, number of points checked 4570
Orbital configuration 0010, max difference is 0.0003061185350293022, max |G2_ref| is 0.14547601551709596, number of points checked 4570
Orbital configuration 0011, max difference is 0.0006709864828066197, max |G2_ref| is 0.45612702820497164, number of points checked 4570
Orbital configuration 0012, max difference is 6.025809049415989e-05, max |G2_ref| is 0.0647679823908286, number of points checked 4570
Orbital configuration 0013, max difference is 0.00012068146147548957, max |G2_ref| is 0.1092151074247752, number of points checked 4570
Orbital configuration 0020, max difference is 0.0003160332879608185, max |G2_ref| is 0.1427541414695059, number of points checked 4570
Orbital configuration 0021, max difference is 7.694151372699033e-05, max |G2_ref| is 0.06472612719761767, number of points checked 4570
Orbital configuration 0022, max difference is 0.0005337926380682443, max |G2_ref| is 0.4504836708770114, number of points checked 4570
Orbital configuration 0023, max difference is 0.00011655532664272011, max |G2_ref| is 0.10835276320215205, number of points checked 4570
Orbital configuration 0030, max difference is 0.00011626504703997693, max |G2_ref| is 0.07722447148225839, number of points checked 4570
Orbital configuration 0031, max difference is 0.00010313568212734942, max |G2_ref| is 0.10920091659467625, number of points checked 4570
Orbital configuration 0032, max difference is 0.00010877466252559184, max |G2_ref| is 0.1083191701431321, number of points checked 4570
Orbital configuration 0033, max difference is 0.00035720689137945153, max |G2_ref| is 0.4474819059207647, number of points checked 4570
Orbital configuration 0100, max difference is 0.0001237263363754722, max |G2_ref| is 0.14219195938109747, number of points checked 4570
Orbital configuration 0101, max difference is 0.00033773510876136805, max |G2_ref| is 0.045433305108519485, number of points checked 4570
Orbital configuration 0102, max difference is 8.406644293782387e-05, max |G2_ref| is 0.03244813495158911, number of points checked 4570
Orbital configuration 0103, max difference is 8.670357880023185e-05, max |G2_ref| is 0.020373132094447154, number of points checked 4570
Orbital configuration 0110, max difference is 0.00021677825492028425, max |G2_ref| is 0.04579235933944878, number of points checked 4570
Orbital configuration 0111, max difference is 0.00011734494930709504, max |G2_ref| is 0.1356068778743906, number of points checked 4570
Orbital configuration 0112, max difference is 0.00010371685727375976, max |G2_ref| is 0.019985726991423983, number of points checked 4570
Orbital configuration 0113, max difference is 8.506613033711458e-05, max |G2_ref| is 0.031194249793373006, number of points checked 4570
Orbital configuration 0120, max difference is 6.694501881248154e-05, max |G2_ref| is 0.03216456929510868, number of points checked 4570
Orbital configuration 0121, max difference is 0.00011882634945828301, max |G2_ref| is 0.019906387542792506, number of points checked 4570
Orbital configuration 0122, max difference is 0.000131566848315392, max |G2_ref| is 0.10623858588688295, number of points checked 4570
Orbital configuration 0123, max difference is 6.53896556881812e-05, max |G2_ref| is 0.02640554076057466, number of points checked 4570
Orbital configuration 0130, max difference is 5.8330851962523396e-05, max |G2_ref| is 0.020509826887846996, number of points checked 4570
Orbital configuration 0131, max difference is 0.00011324243906214893, max |G2_ref| is 0.03138049655581855, number of points checked 4570
Orbital configuration 0132, max difference is 4.501395309092745e-05, max |G2_ref| is 0.026505135198302873, number of points checked 4570
Orbital configuration 0133, max difference is 9.605769105631438e-05, max |G2_ref| is 0.10731316659134758, number of points checked 4570
Orbital configuration 0200, max difference is 0.00028441125786028666, max |G2_ref| is 0.1403187917036653, number of points checked 4570
Orbital configuration 0201, max difference is 8.850857962400774e-05, max |G2_ref| is 0.03256888685173003, number of points checked 4570
Orbital configuration 0202, max difference is 0.00037743346378992204, max |G2_ref| is 0.04741785646082224, number of points checked 4570
Orbital configuration 0203, max difference is 0.00012921716249368097, max |G2_ref| is 0.021235922502033842, number of points checked 4570
Orbital configuration 0210, max difference is 0.0001010990941165301, max |G2_ref| is 0.03229112386950593, number of points checked 4570
Orbital configuration 0211, max difference is 0.00012891646419007, max |G2_ref| is 0.10724309160524399, number of points checked 4570
Orbital configuration 0212, max difference is 7.80259927158425e-05, max |G2_ref| is 0.021236294463755245, number of points checked 4570
Orbital configuration 0213, max difference is 5.778678146741314e-05, max |G2_ref| is 0.026600357889590014, number of points checked 4570
Orbital configuration 0220, max difference is 0.00036315281392965186, max |G2_ref| is 0.04839527379460777, number of points checked 4570
Orbital configuration 0221, max difference is 0.0001130966279728554, max |G2_ref| is 0.021463475420138337, number of points checked 4570
Orbital configuration 0222, max difference is 0.00018679117583322467, max |G2_ref| is 0.14033974643683, number of points checked 4570
Orbital configuration 0223, max difference is 8.035859851123774e-05, max |G2_ref| is 0.03228352912798287, number of points checked 4570
Orbital configuration 0230, max difference is 0.00010736267692547361, max |G2_ref| is 0.02143996808138833, number of points checked 4570
Orbital configuration 0231, max difference is 5.689635371001046e-05, max |G2_ref| is 0.026704326155542815, number of points checked 4570
Orbital configuration 0232, max difference is 0.00012763214118212003, max |G2_ref| is 0.03260896904067671, number of points checked 4570
Orbital configuration 0233, max difference is 0.0002063516887547497, max |G2_ref| is 0.10727087594749576, number of points checked 4570
Orbital configuration 0300, max difference is 0.0002379432212687156, max |G2_ref| is 0.07354235306060954, number of points checked 4570
Orbital configuration 0301, max difference is 7.609467218575021e-05, max |G2_ref| is 0.01961763857981754, number of points checked 4570
Orbital configuration 0302, max difference is 7.379665050247713e-05, max |G2_ref| is 0.020268631478424247, number of points checked 4570
Orbital configuration 0303, max difference is 7.054087093952915e-05, max |G2_ref| is 0.01441542295897053, number of points checked 4570
Orbital configuration 0310, max difference is 4.570545966914986e-05, max |G2_ref| is 0.019770838157445188, number of points checked 4570
Orbital configuration 0311, max difference is 0.00011511023101600987, max |G2_ref| is 0.06057287025886277, number of points checked 4570
Orbital configuration 0312, max difference is 3.352051155070416e-05, max |G2_ref| is 0.012171053622287794, number of points checked 4570
Orbital configuration 0313, max difference is 7.321468723166823e-05, max |G2_ref| is 0.018459541152360218, number of points checked 4570
Orbital configuration 0320, max difference is 0.00014186419579351588, max |G2_ref| is 0.020542486461052098, number of points checked 4570
Orbital configuration 0321, max difference is 5.069171468545667e-05, max |G2_ref| is 0.01218584543898533, number of points checked 4570
Orbital configuration 0322, max difference is 6.11092373384059e-05, max |G2_ref| is 0.061410780156783924, number of points checked 4570
Orbital configuration 0323, max difference is 9.006304862568709e-05, max |G2_ref| is 0.01908991021632177, number of points checked 4570
Orbital configuration 0330, max difference is 5.949673276438887e-05, max |G2_ref| is 0.014059865285679363, number of points checked 4570
Orbital configuration 0331, max difference is 6.208873901343307e-05, max |G2_ref| is 0.018516202456528012, number of points checked 4570
Orbital configuration 0332, max difference is 8.470658754070794e-05, max |G2_ref| is 0.01920290425972908, number of points checked 4570
Orbital configuration 0333, max difference is 0.00010672009431124643, max |G2_ref| is 0.07072400215796146, number of points checked 4570
Orbital configuration 1000, max difference is 0.00015006992347729048, max |G2_ref| is 0.14215709029370255, number of points checked 4570
Orbital configuration 1001, max difference is 0.00013801555902801177, max |G2_ref| is 0.04587279029272932, number of points checked 4570
Orbital configuration 1002, max difference is 7.774012100661354e-05, max |G2_ref| is 0.0321482755563637, number of points checked 4570
Orbital configuration 1003, max difference is 0.0001034190644000106, max |G2_ref| is 0.020464097737298483, number of points checked 4570
Orbital configuration 1010, max difference is 0.00024808419732052546, max |G2_ref| is 0.0454238611667796, number of points checked 4570
Orbital configuration 1011, max difference is 0.00027831941872559393, max |G2_ref| is 0.13572108162031704, number of points checked 4570
Orbital configuration 1012, max difference is 0.00010204891803746339, max |G2_ref| is 0.01993036712919257, number of points checked 4570
Orbital configuration 1013, max difference is 0.00010286499879546403, max |G2_ref| is 0.031443222289366274, number of points checked 4570
Orbital configuration 1020, max difference is 9.49792490960632e-05, max |G2_ref| is 0.03243421572875524, number of points checked 4570
Orbital configuration 1021, max difference is 7.353972735553348e-05, max |G2_ref| is 0.019983965700898915, number of points checked 4570
Orbital configuration 1022, max difference is 0.00012561289951188492, max |G2_ref| is 0.10621769277058667, number of points checked 4570
Orbital configuration 1023, max difference is 5.496744536881076e-05, max |G2_ref| is 0.02650827916263615, number of points checked 4570
Orbital configuration 1030, max difference is 7.667542783401768e-05, max |G2_ref| is 0.020383169149692324, number of points checked 4570
Orbital configuration 1031, max difference is 0.00011188009522563123, max |G2_ref| is 0.03115529264823535, number of points checked 4570
Orbital configuration 1032, max difference is 4.1833365584366684e-05, max |G2_ref| is 0.02638480247401318, number of points checked 4570
Orbital configuration 1033, max difference is 0.00011031343302272794, max |G2_ref| is 0.10732897431162303, number of points checked 4570
Orbital configuration 1100, max difference is 0.0002726759932573156, max |G2_ref| is 0.4543400665527569, number of points checked 4570
Orbital configuration 1101, max difference is 0.000308028325882305, max |G2_ref| is 0.13829405641616596, number of points checked 4570
Orbital configuration 1102, max difference is 0.00011054187936752469, max |G2_ref| is 0.10840444469606823, number of points checked 4570
Orbital configuration 1103, max difference is 0.0001292208726933077, max |G2_ref| is 0.06361190296806048, number of points checked 4570
Orbital configuration 1110, max difference is 0.00024369541819620669, max |G2_ref| is 0.13825689165520758, number of points checked 4570
Orbital configuration 1111, max difference is 0.0007357321608092723, max |G2_ref| is 0.5948926300347157, number of points checked 4570
Orbital configuration 1112, max difference is 9.427354504662133e-05, max |G2_ref| is 0.07421865010356656, number of points checked 4570
Orbital configuration 1113, max difference is 0.00024331877972798375, max |G2_ref| is 0.1407941987714417, number of points checked 4570
Orbital configuration 1120, max difference is 0.00012716824344788033, max |G2_ref| is 0.10837758083508409, number of points checked 4570
Orbital configuration 1121, max difference is 8.181648500572485e-05, max |G2_ref| is 0.0741471120860277, number of points checked 4570
Orbital configuration 1122, max difference is 0.00040748021126407584, max |G2_ref| is 0.4456151321680865, number of points checked 4570
Orbital configuration 1123, max difference is 6.159038091792643e-05, max |G2_ref| is 0.1091443396763816, number of points checked 4570
Orbital configuration 1130, max difference is 0.00016486043063595137, max |G2_ref| is 0.06349290304681073, number of points checked 4570
Orbital configuration 1131, max difference is 0.00020881181435473625, max |G2_ref| is 0.14065866596045035, number of points checked 4570
Orbital configuration 1132, max difference is 0.00011153124938015939, max |G2_ref| is 0.1091133302338926, number of points checked 4570
Orbital configuration 1133, max difference is 0.00024942560564901055, max |G2_ref| is 0.46021996023816847, number of points checked 4570
Orbital configuration 1200, max difference is 0.00010893710568069754, max |G2_ref| is 0.06139727171950977, number of points checked 4570
Orbital configuration 1201, max difference is 6.426659489020297e-05, max |G2_ref| is 0.01918720049889533, number of points checked 4570
Orbital configuration 1202, max difference is 0.00010969362365128953, max |G2_ref| is 0.020222267779566407, number of points checked 4570
Orbital configuration 1203, max difference is 5.5111376033423456e-05, max |G2_ref| is 0.012144320257310747, number of points checked 4570
Orbital configuration 1210, max difference is 7.337792528445539e-05, max |G2_ref| is 0.019058202857498867, number of points checked 4570
Orbital configuration 1211, max difference is 6.425955773278482e-05, max |G2_ref| is 0.07076135013505802, number of points checked 4570
Orbital configuration 1212, max difference is 7.851762770226052e-05, max |G2_ref| is 0.014356868534117962, number of points checked 4570
Orbital configuration 1213, max difference is 6.592628093566711e-05, max |G2_ref| is 0.018478811414207038, number of points checked 4570
Orbital configuration 1220, max difference is 6.89054786594662e-05, max |G2_ref| is 0.020471058630120123, number of points checked 4570
Orbital configuration 1221, max difference is 2.0955253040340958e-05, max |G2_ref| is 0.014080781615865763, number of points checked 4570
Orbital configuration 1222, max difference is 0.0001208674885180618, max |G2_ref| is 0.07335142854818634, number of points checked 4570
Orbital configuration 1223, max difference is 7.071357183046527e-05, max |G2_ref| is 0.019707617604200763, number of points checked 4570
Orbital configuration 1230, max difference is 2.9376598630038245e-05, max |G2_ref| is 0.012130737299136007, number of points checked 4570
Orbital configuration 1231, max difference is 6.0316108570305364e-05, max |G2_ref| is 0.018528413238631244, number of points checked 4570
Orbital configuration 1232, max difference is 7.944082196981857e-05, max |G2_ref| is 0.01957604271810662, number of points checked 4570
Orbital configuration 1233, max difference is 0.00011493769052212391, max |G2_ref| is 0.06054272051999219, number of points checked 4570
Orbital configuration 1300, max difference is 0.00010653765800402881, max |G2_ref| is 0.1066372238322885, number of points checked 4570
Orbital configuration 1301, max difference is 6.67961263208883e-05, max |G2_ref| is 0.031172777743439975, number of points checked 4570
Orbital configuration 1302, max difference is 3.3032720153327554e-05, max |G2_ref| is 0.02633540324352464, number of points checked 4570
Orbital configuration 1303, max difference is 8.515616411747938e-05, max |G2_ref| is 0.019243828376906767, number of points checked 4570
Orbital configuration 1310, max difference is 6.671166096322807e-05, max |G2_ref| is 0.0313926438619003, number of points checked 4570
Orbital configuration 1311, max difference is 0.0002481358459526833, max |G2_ref| is 0.13762806839358904, number of points checked 4570
Orbital configuration 1312, max difference is 5.3782814518895536e-05, max |G2_ref| is 0.01926459240666131, number of points checked 4570
Orbital configuration 1313, max difference is 0.00017757508150402748, max |G2_ref| is 0.04396700198823215, number of points checked 4570
Orbital configuration 1320, max difference is 6.001562443403512e-05, max |G2_ref| is 0.026421731995078048, number of points checked 4570
Orbital configuration 1321, max difference is 5.434921253408819e-05, max |G2_ref| is 0.019286371808540863, number of points checked 4570
Orbital configuration 1322, max difference is 0.0001217412644572365, max |G2_ref| is 0.10662948743194141, number of points checked 4570
Orbital configuration 1323, max difference is 0.00012869319135692774, max |G2_ref| is 0.031331635565380926, number of points checked 4570
Orbital configuration 1330, max difference is 7.16877967840493e-05, max |G2_ref| is 0.01927507362270889, number of points checked 4570
Orbital configuration 1331, max difference is 0.00010146130466871991, max |G2_ref| is 0.043950838020266406, number of points checked 4570
Orbital configuration 1332, max difference is 9.353347355025618e-05, max |G2_ref| is 0.031082466680408125, number of points checked 4570
Orbital configuration 1333, max difference is 0.0001782422689479573, max |G2_ref| is 0.13759703272219945, number of points checked 4570
Orbital configuration 2000, max difference is 0.00019791232180319315, max |G2_ref| is 0.14017243738162144, number of points checked 4570
Orbital configuration 2001, max difference is 7.719509758948771e-05, max |G2_ref| is 0.032227679381890854, number of points checked 4570
Orbital configuration 2002, max difference is 0.0003307096294912093, max |G2_ref| is 0.04838503356920389, number of points checked 4570
Orbital configuration 2003, max difference is 0.00012910703038989917, max |G2_ref| is 0.02139841512471477, number of points checked 4570
Orbital configuration 2010, max difference is 8.597800309931152e-05, max |G2_ref| is 0.032541221827685714, number of points checked 4570
Orbital configuration 2011, max difference is 0.0001722782955265072, max |G2_ref| is 0.10728628932234995, number of points checked 4570
Orbital configuration 2012, max difference is 8.362680292483212e-05, max |G2_ref| is 0.02137089270334346, number of points checked 4570
Orbital configuration 2013, max difference is 9.590376887666876e-05, max |G2_ref| is 0.026751566763649218, number of points checked 4570
Orbital configuration 2020, max difference is 0.00043618387557434326, max |G2_ref| is 0.0475476246291319, number of points checked 4570
Orbital configuration 2021, max difference is 8.622941621953095e-05, max |G2_ref| is 0.02126147308481694, number of points checked 4570
Orbital configuration 2022, max difference is 0.00021911053672879296, max |G2_ref| is 0.14038698338944855, number of points checked 4570
Orbital configuration 2023, max difference is 7.025319764411572e-05, max |G2_ref| is 0.03258310114618709, number of points checked 4570
Orbital configuration 2030, max difference is 0.00012533507610390274, max |G2_ref| is 0.02121895364451691, number of points checked 4570
Orbital configuration 2031, max difference is 6.283841578628177e-05, max |G2_ref| is 0.026605541072012594, number of points checked 4570
Orbital configuration 2032, max difference is 9.443642794433722e-05, max |G2_ref| is 0.032319461612394254, number of points checked 4570
Orbital configuration 2033, max difference is 0.00021336851703710415, max |G2_ref| is 0.10733185267456916, number of points checked 4570
Orbital configuration 2100, max difference is 0.0001080359538733027, max |G2_ref| is 0.06135248907121565, number of points checked 4570
Orbital configuration 2101, max difference is 0.00011280522908299058, max |G2_ref| is 0.01906883996476651, number of points checked 4570
Orbital configuration 2102, max difference is 6.004468338590069e-05, max |G2_ref| is 0.020428458675611532, number of points checked 4570
Orbital configuration 2103, max difference is 5.260352092882948e-05, max |G2_ref| is 0.012150996097100355, number of points checked 4570
Orbital configuration 2110, max difference is 6.807034703043152e-05, max |G2_ref| is 0.01915221766108463, number of points checked 4570
Orbital configuration 2111, max difference is 0.00014576082704962273, max |G2_ref| is 0.07067361312605207, number of points checked 4570
Orbital configuration 2112, max difference is 3.5818664182092844e-05, max |G2_ref| is 0.014080256253743066, number of points checked 4570
Orbital configuration 2113, max difference is 0.00010365254823437863, max |G2_ref| is 0.01856736907544022, number of points checked 4570
Orbital configuration 2120, max difference is 9.321547627657952e-05, max |G2_ref| is 0.02025967246697251, number of points checked 4570
Orbital configuration 2121, max difference is 9.567169739211988e-05, max |G2_ref| is 0.014342563653984274, number of points checked 4570
Orbital configuration 2122, max difference is 0.00013022811856552938, max |G2_ref| is 0.0732467122866196, number of points checked 4570
Orbital configuration 2123, max difference is 4.629562017125103e-05, max |G2_ref| is 0.019585295727188423, number of points checked 4570
Orbital configuration 2130, max difference is 5.4375450551389586e-05, max |G2_ref| is 0.012115329283667476, number of points checked 4570
Orbital configuration 2131, max difference is 9.682168328842054e-05, max |G2_ref| is 0.01847110708613365, number of points checked 4570
Orbital configuration 2132, max difference is 8.127943869410232e-05, max |G2_ref| is 0.01969811290819376, number of points checked 4570
Orbital configuration 2133, max difference is 8.923639293513876e-05, max |G2_ref| is 0.060524089988537165, number of points checked 4570
Orbital configuration 2200, max difference is 0.00044236443327336184, max |G2_ref| is 0.4498202860659028, number of points checked 4570
Orbital configuration 2201, max difference is 0.00019692931324796678, max |G2_ref| is 0.10829385615126667, number of points checked 4570
Orbital configuration 2202, max difference is 0.00022497964257544968, max |G2_ref| is 0.1426588934298639, number of points checked 4570
Orbital configuration 2203, max difference is 0.0001229599868829755, max |G2_ref| is 0.06470967676248576, number of points checked 4570
Orbital configuration 2210, max difference is 0.0001833080387355055, max |G2_ref| is 0.10827472125824468, number of points checked 4570
Orbital configuration 2211, max difference is 0.0003324714136687297, max |G2_ref| is 0.446901180601641, number of points checked 4570
Orbital configuration 2212, max difference is 4.7977478386123736e-05, max |G2_ref| is 0.07730048247787298, number of points checked 4570
Orbital configuration 2213, max difference is 0.0001514058152483965, max |G2_ref| is 0.10913751225835307, number of points checked 4570
Orbital configuration 2220, max difference is 0.00028873140400685485, max |G2_ref| is 0.14257404241224997, number of points checked 4570
Orbital configuration 2221, max difference is 7.712042653855676e-05, max |G2_ref| is 0.07727672440682518, number of points checked 4570
Orbital configuration 2222, max difference is 0.0006223200880712492, max |G2_ref| is 0.6134122878452931, number of points checked 4570
Orbital configuration 2223, max difference is 0.0001572313926456263, max |G2_ref| is 0.14540413598207177, number of points checked 4570
Orbital configuration 2230, max difference is 0.00019427786109934384, max |G2_ref| is 0.0647341139666102, number of points checked 4570
Orbital configuration 2231, max difference is 0.0001394757865454434, max |G2_ref| is 0.10911545667117141, number of points checked 4570
Orbital configuration 2232, max difference is 0.00013732538699208014, max |G2_ref| is 0.14540963591626804, number of points checked 4570
Orbital configuration 2233, max difference is 0.0003144133744337077, max |G2_ref| is 0.45575117569372403, number of points checked 4570
Orbital configuration 2300, max difference is 0.00017657276636540977, max |G2_ref| is 0.10614734118979065, number of points checked 4570
Orbital configuration 2301, max difference is 5.7072718430602984e-05, max |G2_ref| is 0.026402327121954835, number of points checked 4570
Orbital configuration 2302, max difference is 4.4447339975750334e-05, max |G2_ref| is 0.03217577873919799, number of points checked 4570
Orbital configuration 2303, max difference is 5.391473399748172e-05, max |G2_ref| is 0.019868531573580664, number of points checked 4570
Orbital configuration 2310, max difference is 4.9951240148813036e-05, max |G2_ref| is 0.026506118796808767, number of points checked 4570
Orbital configuration 2311, max difference is 0.00015413249867085843, max |G2_ref| is 0.10735957358731069, number of points checked 4570
Orbital configuration 2312, max difference is 7.345646428253514e-05, max |G2_ref| is 0.020486525251757055, number of points checked 4570
Orbital configuration 2313, max difference is 0.00013042558145128367, max |G2_ref| is 0.03129584044114062, number of points checked 4570
Orbital configuration 2320, max difference is 6.617473594442212e-05, max |G2_ref| is 0.03246443917578141, number of points checked 4570
Orbital configuration 2321, max difference is 8.96581493161469e-05, max |G2_ref| is 0.020372000876788032, number of points checked 4570
Orbital configuration 2322, max difference is 0.00017852453078049367, max |G2_ref| is 0.14211920893677712, number of points checked 4570
Orbital configuration 2323, max difference is 9.784346002573352e-05, max |G2_ref| is 0.045493309476805195, number of points checked 4570
Orbital configuration 2330, max difference is 5.231426371055292e-05, max |G2_ref| is 0.01996569047018614, number of points checked 4570
Orbital configuration 2331, max difference is 0.00011343788477274111, max |G2_ref| is 0.031077210317679755, number of points checked 4570
Orbital configuration 2332, max difference is 0.00011418592920977052, max |G2_ref| is 0.04589009771338249, number of points checked 4570
Orbital configuration 2333, max difference is 7.770430478054622e-05, max |G2_ref| is 0.13549713011133813, number of points checked 4570
Orbital configuration 3000, max difference is 0.0003660693775764414, max |G2_ref| is 0.07361881615757576, number of points checked 4570
Orbital configuration 3001, max difference is 7.592523476653187e-05, max |G2_ref| is 0.019721143222650235, number of points checked 4570
Orbital configuration 3002, max difference is 0.00012557917496420126, max |G2_ref| is 0.020532651753821036, number of points checked 4570
Orbital configuration 3003, max difference is 0.00010903290030653156, max |G2_ref| is 0.014144377270433111, number of points checked 4570
Orbital configuration 3010, max difference is 9.922965830444524e-05, max |G2_ref| is 0.019616640348873695, number of points checked 4570
Orbital configuration 3011, max difference is 6.881267077313157e-05, max |G2_ref| is 0.060565353822844205, number of points checked 4570
Orbital configuration 3012, max difference is 5.444723593523699e-05, max |G2_ref| is 0.012193628909490294, number of points checked 4570
Orbital configuration 3013, max difference is 6.147228709585071e-05, max |G2_ref| is 0.01855740970419253, number of points checked 4570
Orbital configuration 3020, max difference is 0.00011452423498789812, max |G2_ref| is 0.020312682426125796, number of points checked 4570
Orbital configuration 3021, max difference is 5.257287373473419e-05, max |G2_ref| is 0.012175427726716747, number of points checked 4570
Orbital configuration 3022, max difference is 8.684045821814087e-05, max |G2_ref| is 0.0614011285601201, number of points checked 4570
Orbital configuration 3023, max difference is 2.7866777288764722e-05, max |G2_ref| is 0.019197444273371223, number of points checked 4570
Orbital configuration 3030, max difference is 0.00010226632476659284, max |G2_ref| is 0.014460933942220392, number of points checked 4570
Orbital configuration 3031, max difference is 4.942781439572824e-05, max |G2_ref| is 0.018517648746352915, number of points checked 4570
Orbital configuration 3032, max difference is 6.0622129192212406e-05, max |G2_ref| is 0.019078093827219547, number of points checked 4570
Orbital configuration 3033, max difference is 0.00020003660026129825, max |G2_ref| is 0.07086678806631637, number of points checked 4570
Orbital configuration 3100, max difference is 0.00010513218026731131, max |G2_ref| is 0.10660202731329242, number of points checked 4570
Orbital configuration 3101, max difference is 0.00011378500480589271, max |G2_ref| is 0.0314353152937683, number of points checked 4570
Orbital configuration 3102, max difference is 8.85795534226199e-05, max |G2_ref| is 0.026427600765697314, number of points checked 4570
Orbital configuration 3103, max difference is 6.833441322827587e-05, max |G2_ref| is 0.019304132183467954, number of points checked 4570
Orbital configuration 3110, max difference is 7.814581868977329e-05, max |G2_ref| is 0.03117363631281997, number of points checked 4570
Orbital configuration 3111, max difference is 0.00033308802247911557, max |G2_ref| is 0.13765642282631188, number of points checked 4570
Orbital configuration 3112, max difference is 9.137159047576545e-05, max |G2_ref| is 0.0193441852014011, number of points checked 4570
Orbital configuration 3113, max difference is 0.00016905692849861843, max |G2_ref| is 0.044100510200439653, number of points checked 4570
Orbital configuration 3120, max difference is 8.156454562705177e-05, max |G2_ref| is 0.026282766018882003, number of points checked 4570
Orbital configuration 3121, max difference is 7.043513009487117e-05, max |G2_ref| is 0.019260148024225, number of points checked 4570
Orbital configuration 3122, max difference is 0.00013896345528852035, max |G2_ref| is 0.10663450707502276, number of points checked 4570
Orbital configuration 3123, max difference is 0.00014443159336160433, max |G2_ref| is 0.031125995528562052, number of points checked 4570
Orbital configuration 3130, max difference is 5.186028002158124e-05, max |G2_ref| is 0.019238888185171433, number of points checked 4570
Orbital configuration 3131, max difference is 0.000168548916638908, max |G2_ref| is 0.04400136230842745, number of points checked 4570
Orbital configuration 3132, max difference is 0.00015424154404100295, max |G2_ref| is 0.03136726650421783, number of points checked 4570
Orbital configuration 3133, max difference is 0.0002208463426260476, max |G2_ref| is 0.1375846203129467, number of points checked 4570
Orbital configuration 3200, max difference is 0.00015109501540643786, max |G2_ref| is 0.10629617640218797, number of points checked 4570
Orbital configuration 3201, max difference is 6.11302646040706e-05, max |G2_ref| is 0.026516337947131735, number of points checked 4570
Orbital configuration 3202, max difference is 4.242640928890591e-05, max |G2_ref| is 0.03248038125719414, number of points checked 4570
Orbital configuration 3203, max difference is 4.035453576072295e-05, max |G2_ref| is 0.019974568485909075, number of points checked 4570
Orbital configuration 3210, max difference is 5.2882315296537264e-05, max |G2_ref| is 0.02640997549722839, number of points checked 4570
Orbital configuration 3211, max difference is 9.403908243399607e-05, max |G2_ref| is 0.10729475211663127, number of points checked 4570
Orbital configuration 3212, max difference is 8.179268717543063e-05, max |G2_ref| is 0.02037911434738342, number of points checked 4570
Orbital configuration 3213, max difference is 0.00014175600917427152, max |G2_ref| is 0.031044480447423216, number of points checked 4570
Orbital configuration 3220, max difference is 6.65329373656657e-05, max |G2_ref| is 0.03214208265528775, number of points checked 4570
Orbital configuration 3221, max difference is 8.023255859829369e-05, max |G2_ref| is 0.02048082427444927, number of points checked 4570
Orbital configuration 3222, max difference is 0.0002474159668030339, max |G2_ref| is 0.1421851276911521, number of points checked 4570
Orbital configuration 3223, max difference is 0.00017176224331404946, max |G2_ref| is 0.04583638603114776, number of points checked 4570
Orbital configuration 3230, max difference is 9.252970033897354e-05, max |G2_ref| is 0.019862895015411088, number of points checked 4570
Orbital configuration 3231, max difference is 0.00013304426332829235, max |G2_ref| is 0.03129230463482169, number of points checked 4570
Orbital configuration 3232, max difference is 0.00015487564415086815, max |G2_ref| is 0.04543006011542448, number of points checked 4570
Orbital configuration 3233, max difference is 0.00011348412013458323, max |G2_ref| is 0.1354365326624221, number of points checked 4570
Orbital configuration 3300, max difference is 0.000665710499333087, max |G2_ref| is 0.44630445049562195, number of points checked 4570
Orbital configuration 3301, max difference is 0.000208913399786677, max |G2_ref| is 0.1091929015535646, number of points checked 4570
Orbital configuration 3302, max difference is 6.081083694679866e-05, max |G2_ref| is 0.10838812997052141, number of points checked 4570
Orbital configuration 3303, max difference is 7.765886294286926e-05, max |G2_ref| is 0.07417370399316517, number of points checked 4570
Orbital configuration 3310, max difference is 0.0002142095799361247, max |G2_ref| is 0.10921168623197167, number of points checked 4570
Orbital configuration 3311, max difference is 0.00011640727683754976, max |G2_ref| is 0.46014773433471595, number of points checked 4570
Orbital configuration 3312, max difference is 0.0001506325772994385, max |G2_ref| is 0.06358543497374522, number of points checked 4570
Orbital configuration 3313, max difference is 0.0002893884398703121, max |G2_ref| is 0.1404280451798388, number of points checked 4570
Orbital configuration 3320, max difference is 6.004771543756235e-05, max |G2_ref| is 0.10834387111730671, number of points checked 4570
Orbital configuration 3321, max difference is 0.0001436334374202801, max |G2_ref| is 0.06356118350183756, number of points checked 4570
Orbital configuration 3322, max difference is 0.00043308007378458957, max |G2_ref| is 0.4545552714424875, number of points checked 4570
Orbital configuration 3323, max difference is 0.00024375217963089023, max |G2_ref| is 0.13799789959885828, number of points checked 4570
Orbital configuration 3330, max difference is 0.00014053771505067895, max |G2_ref| is 0.07412848143799648, number of points checked 4570
Orbital configuration 3331, max difference is 0.0002799254565547978, max |G2_ref| is 0.14042797248264852, number of points checked 4570
Orbital configuration 3332, max difference is 0.0002932646764881581, max |G2_ref| is 0.13795075014484803, number of points checked 4570
Orbital configuration 3333, max difference is 0.00031971512210078476, max |G2_ref| is 0.5946090672671515, number of points checked 4570
Spin configuration is (dn,up)
Orbital configuration 0000, max difference is 0.00055048592458159, max |G2_ref| is 0.6141079475391186, number of points checked 4570
Orbital configuration 0001, max difference is 0.00012372633637544855, max |G2_ref| is 0.14219195938109747, number of points checked 4570
Orbital configuration 0002, max difference is 0.00028441125785869385, max |G2_ref| is 0.1403187917036653, number of points checked 4570
Orbital configuration 0003, max difference is 0.00023794322126743624, max |G2_ref| is 0.07354235306060954, number of points checked 4570
Orbital configuration 0010, max difference is 0.0001500699234774042, max |G2_ref| is 0.14215709029370252, number of points checked 4570
Orbital configuration 0011, max difference is 0.0002726759932602927, max |G2_ref| is 0.4543400665527569, number of points checked 4570
Orbital configuration 0012, max difference is 0.000108937105680391, max |G2_ref| is 0.06139727171950976, number of points checked 4570
Orbital configuration 0013, max difference is 0.00010653765800398446, max |G2_ref| is 0.1066372238322885, number of points checked 4570
Orbital configuration 0020, max difference is 0.00019791232180254827, max |G2_ref| is 0.14017243738162144, number of points checked 4570
Orbital configuration 0021, max difference is 0.00010803595387360738, max |G2_ref| is 0.06135248907121565, number of points checked 4570
Orbital configuration 0022, max difference is 0.0004423644332711279, max |G2_ref| is 0.4498202860659028, number of points checked 4570
Orbital configuration 0023, max difference is 0.00017657276636586126, max |G2_ref| is 0.10614734118979065, number of points checked 4570
Orbital configuration 0030, max difference is 0.0003660693775753326, max |G2_ref| is 0.07361881615757576, number of points checked 4570
Orbital configuration 0031, max difference is 0.00010513218026733629, max |G2_ref| is 0.10660202731329242, number of points checked 4570
Orbital configuration 0032, max difference is 0.00015109501540644114, max |G2_ref| is 0.10629617640218797, number of points checked 4570
Orbital configuration 0033, max difference is 0.0006657104993292698, max |G2_ref| is 0.44630445049562195, number of points checked 4570
Orbital configuration 0100, max difference is 0.00038686127082766065, max |G2_ref| is 0.1453391059650514, number of points checked 4570
Orbital configuration 0101, max difference is 0.00033773510876129563, max |G2_ref| is 0.04543330510851947, number of points checked 4570
Orbital configuration 0102, max difference is 8.850857962316817e-05, max |G2_ref| is 0.03256888685173003, number of points checked 4570
Orbital configuration 0103, max difference is 7.609467218585789e-05, max |G2_ref| is 0.019617638579817548, number of points checked 4570
Orbital configuration 0110, max difference is 0.0001380155590286016, max |G2_ref| is 0.04587279029272931, number of points checked 4570
Orbital configuration 0111, max difference is 0.0003080283258816599, max |G2_ref| is 0.13829405641616596, number of points checked 4570
Orbital configuration 0112, max difference is 6.426659489025455e-05, max |G2_ref| is 0.019187200498895333, number of points checked 4570
Orbital configuration 0113, max difference is 6.679612632241527e-05, max |G2_ref| is 0.03117277774343997, number of points checked 4570
Orbital configuration 0120, max difference is 7.719509758890138e-05, max |G2_ref| is 0.03222767938189085, number of points checked 4570
Orbital configuration 0121, max difference is 0.00011280522908309455, max |G2_ref| is 0.019068839964766514, number of points checked 4570
Orbital configuration 0122, max difference is 0.00019692931324701498, max |G2_ref| is 0.10829385615126667, number of points checked 4570
Orbital configuration 0123, max difference is 5.707271843022279e-05, max |G2_ref| is 0.02640232712195483, number of points checked 4570
Orbital configuration 0130, max difference is 7.592523476670376e-05, max |G2_ref| is 0.01972114322265024, number of points checked 4570
Orbital configuration 0131, max difference is 0.0001137850048058233, max |G2_ref| is 0.03143531529376829, number of points checked 4570
Orbital configuration 0132, max difference is 6.113026460522316e-05, max |G2_ref| is 0.026516337947131735, number of points checked 4570
Orbital configuration 0133, max difference is 0.00020891339978520526, max |G2_ref| is 0.1091929015535646, number of points checked 4570
Orbital configuration 0200, max difference is 0.00032919654419751303, max |G2_ref| is 0.14284661661710685, number of points checked 4570
Orbital configuration 0201, max difference is 8.406644294009943e-05, max |G2_ref| is 0.032448134951589123, number of points checked 4570
Orbital configuration 0202, max difference is 0.0003774334637899152, max |G2_ref| is 0.04741785646082224, number of points checked 4570
Orbital configuration 0203, max difference is 7.379665050232241e-05, max |G2_ref| is 0.020268631478424247, number of points checked 4570
Orbital configuration 0210, max difference is 7.774012100597482e-05, max |G2_ref| is 0.03214827555636371, number of points checked 4570
Orbital configuration 0211, max difference is 0.00011054187936790198, max |G2_ref| is 0.10840444469606823, number of points checked 4570
Orbital configuration 0212, max difference is 0.00010969362365102645, max |G2_ref| is 0.020222267779566403, number of points checked 4570
Orbital configuration 0213, max difference is 3.303272015543263e-05, max |G2_ref| is 0.026335403243524645, number of points checked 4570
Orbital configuration 0220, max difference is 0.000330709629489117, max |G2_ref| is 0.04838503356920389, number of points checked 4570
Orbital configuration 0221, max difference is 6.004468338576806e-05, max |G2_ref| is 0.020428458675611532, number of points checked 4570
Orbital configuration 0222, max difference is 0.00022497964257515158, max |G2_ref| is 0.14265889342986388, number of points checked 4570
Orbital configuration 0223, max difference is 4.444733997564282e-05, max |G2_ref| is 0.032175778739198, number of points checked 4570
Orbital configuration 0230, max difference is 0.00012557917496408566, max |G2_ref| is 0.020532651753821046, number of points checked 4570
Orbital configuration 0231, max difference is 8.857955342087794e-05, max |G2_ref| is 0.026427600765697314, number of points checked 4570
Orbital configuration 0232, max difference is 4.2426409286553024e-05, max |G2_ref| is 0.03248038125719414, number of points checked 4570
Orbital configuration 0233, max difference is 6.081083694682343e-05, max |G2_ref| is 0.10838812997052141, number of points checked 4570
Orbital configuration 0300, max difference is 8.239229442126595e-05, max |G2_ref| is 0.07719976232483948, number of points checked 4570
Orbital configuration 0301, max difference is 8.670357880039436e-05, max |G2_ref| is 0.02037313209444715, number of points checked 4570
Orbital configuration 0302, max difference is 0.00012921716249368083, max |G2_ref| is 0.02123592250203385, number of points checked 4570
Orbital configuration 0303, max difference is 7.054087094016005e-05, max |G2_ref| is 0.014415422958970529, number of points checked 4570
Orbital configuration 0310, max difference is 0.00010341906440014389, max |G2_ref| is 0.020464097737298483, number of points checked 4570
Orbital configuration 0311, max difference is 0.0001292208726958739, max |G2_ref| is 0.06361190296806048, number of points checked 4570
Orbital configuration 0312, max difference is 5.51113760335498e-05, max |G2_ref| is 0.01214432025731075, number of points checked 4570
Orbital configuration 0313, max difference is 8.515616411733114e-05, max |G2_ref| is 0.019243828376906767, number of points checked 4570
Orbital configuration 0320, max difference is 0.00012910703039050155, max |G2_ref| is 0.021398415124714774, number of points checked 4570
Orbital configuration 0321, max difference is 5.260352092895511e-05, max |G2_ref| is 0.012150996097100351, number of points checked 4570
Orbital configuration 0322, max difference is 0.00012295998688240646, max |G2_ref| is 0.06470967676248576, number of points checked 4570
Orbital configuration 0323, max difference is 5.3914733997515544e-05, max |G2_ref| is 0.019868531573580664, number of points checked 4570
Orbital configuration 0330, max difference is 0.00010903290030454913, max |G2_ref| is 0.01414437727043311, number of points checked 4570
Orbital configuration 0331, max difference is 6.833441322818626e-05, max |G2_ref| is 0.019304132183467947, number of points checked 4570
Orbital configuration 0332, max difference is 4.035453576080292e-05, max |G2_ref| is 0.019974568485909075, number of points checked 4570
Orbital configuration 0333, max difference is 7.765886294282564e-05, max |G2_ref| is 0.07417370399316517, number of points checked 4570
Orbital configuration 1000, max difference is 0.0003061185350290807, max |G2_ref| is 0.14547601551709596, number of points checked 4570
Orbital configuration 1001, max difference is 0.00021677825492024828, max |G2_ref| is 0.04579235933944877, number of points checked 4570
Orbital configuration 1002, max difference is 0.00010109909411809936, max |G2_ref| is 0.032291123869505924, number of points checked 4570
Orbital configuration 1003, max difference is 4.570545966937104e-05, max |G2_ref| is 0.019770838157445188, number of points checked 4570
Orbital configuration 1010, max difference is 0.00024808419732035735, max |G2_ref| is 0.04542386116677961, number of points checked 4570
Orbital configuration 1011, max difference is 0.00024369541819560395, max |G2_ref| is 0.1382568916552076, number of points checked 4570
Orbital configuration 1012, max difference is 7.337792528438428e-05, max |G2_ref| is 0.019058202857498863, number of points checked 4570
Orbital configuration 1013, max difference is 6.671166096315475e-05, max |G2_ref| is 0.0313926438619003, number of points checked 4570
Orbital configuration 1020, max difference is 8.597800309913078e-05, max |G2_ref| is 0.03254122182768571, number of points checked 4570
Orbital configuration 1021, max difference is 6.807034703035576e-05, max |G2_ref| is 0.019152217661084638, number of points checked 4570
Orbital configuration 1022, max difference is 0.00018330803873461307, max |G2_ref| is 0.10827472125824468, number of points checked 4570
Orbital configuration 1023, max difference is 4.995124014988056e-05, max |G2_ref| is 0.026506118796808767, number of points checked 4570
Orbital configuration 1030, max difference is 9.922965830389377e-05, max |G2_ref| is 0.019616640348873695, number of points checked 4570
Orbital configuration 1031, max difference is 7.814581869113353e-05, max |G2_ref| is 0.031173636312819965, number of points checked 4570
Orbital configuration 1032, max difference is 5.288231529612853e-05, max |G2_ref| is 0.02640997549722839, number of points checked 4570
Orbital configuration 1033, max difference is 0.00021420957993490685, max |G2_ref| is 0.10921168623197167, number of points checked 4570
Orbital configuration 1100, max difference is 0.0006709864827995884, max |G2_ref| is 0.45612702820497164, number of points checked 4570
Orbital configuration 1101, max difference is 0.00011734494930733308, max |G2_ref| is 0.13560687787439063, number of points checked 4570
Orbital configuration 1102, max difference is 0.0001289164641902522, max |G2_ref| is 0.10724309160524399, number of points checked 4570
Orbital configuration 1103, max difference is 0.00011511023101541813, max |G2_ref| is 0.06057287025886277, number of points checked 4570
Orbital configuration 1110, max difference is 0.00027831941872550746, max |G2_ref| is 0.135721081620317, number of points checked 4570
Orbital configuration 1111, max difference is 0.000735732160811169, max |G2_ref| is 0.5948926300347158, number of points checked 4570
Orbital configuration 1112, max difference is 6.425955773074837e-05, max |G2_ref| is 0.07076135013505802, number of points checked 4570
Orbital configuration 1113, max difference is 0.00024813584595277796, max |G2_ref| is 0.13762806839358901, number of points checked 4570
Orbital configuration 1120, max difference is 0.00017227829552660944, max |G2_ref| is 0.10728628932234995, number of points checked 4570
Orbital configuration 1121, max difference is 0.00014576082705065072, max |G2_ref| is 0.07067361312605208, number of points checked 4570
Orbital configuration 1122, max difference is 0.0003324714136660842, max |G2_ref| is 0.446901180601641, number of points checked 4570
Orbital configuration 1123, max difference is 0.00015413249867039807, max |G2_ref| is 0.10735957358731069, number of points checked 4570
Orbital configuration 1130, max difference is 6.881267077320614e-05, max |G2_ref| is 0.06056535382284419, number of points checked 4570
Orbital configuration 1131, max difference is 0.00033308802247886663, max |G2_ref| is 0.13765642282631188, number of points checked 4570
Orbital configuration 1132, max difference is 9.403908243298371e-05, max |G2_ref| is 0.10729475211663127, number of points checked 4570
Orbital configuration 1133, max difference is 0.00011640727683353141, max |G2_ref| is 0.46014773433471595, number of points checked 4570
Orbital configuration 1200, max difference is 6.025809049291019e-05, max |G2_ref| is 0.06476798239082858, number of points checked 4570
Orbital configuration 1201, max difference is 0.0001037168572739352, max |G2_ref| is 0.01998572699142398, number of points checked 4570
Orbital configuration 1202, max difference is 7.802599271582395e-05, max |G2_ref| is 0.02123629446375524, number of points checked 4570
Orbital configuration 1203, max difference is 3.352051155186896e-05, max |G2_ref| is 0.012171053622287797, number of points checked 4570
Orbital configuration 1210, max difference is 0.00010204891803772384, max |G2_ref| is 0.019930367129192574, number of points checked 4570
Orbital configuration 1211, max difference is 9.427354504655576e-05, max |G2_ref| is 0.07421865010356656, number of points checked 4570
Orbital configuration 1212, max difference is 7.851762770101062e-05, max |G2_ref| is 0.014356868534117958, number of points checked 4570
Orbital configuration 1213, max difference is 5.378281451888216e-05, max |G2_ref| is 0.019264592406661313, number of points checked 4570
Orbital configuration 1220, max difference is 8.362680292469922e-05, max |G2_ref| is 0.021370892703343462, number of points checked 4570
Orbital configuration 1221, max difference is 3.581866418216127e-05, max |G2_ref| is 0.014080256253743066, number of points checked 4570
Orbital configuration 1222, max difference is 4.797747838802725e-05, max |G2_ref| is 0.07730048247787298, number of points checked 4570
Orbital configuration 1223, max difference is 7.345646428245375e-05, max |G2_ref| is 0.020486525251757055, number of points checked 4570
Orbital configuration 1230, max difference is 5.4447235936683726e-05, max |G2_ref| is 0.012193628909490297, number of points checked 4570
Orbital configuration 1231, max difference is 9.137159047570342e-05, max |G2_ref| is 0.0193441852014011, number of points checked 4570
Orbital configuration 1232, max difference is 8.17926871754141e-05, max |G2_ref| is 0.02037911434738342, number of points checked 4570
Orbital configuration 1233, max difference is 0.00015063257729925738, max |G2_ref| is 0.06358543497374522, number of points checked 4570
Orbital configuration 1300, max difference is 0.00012068146147549087, max |G2_ref| is 0.1092151074247752, number of points checked 4570
Orbital configuration 1301, max difference is 8.506613033696864e-05, max |G2_ref| is 0.03119424979337301, number of points checked 4570
Orbital configuration 1302, max difference is 5.778678146981271e-05, max |G2_ref| is 0.026600357889590014, number of points checked 4570
Orbital configuration 1303, max difference is 7.321468723175212e-05, max |G2_ref| is 0.018459541152360214, number of points checked 4570
Orbital configuration 1310, max difference is 0.00010286499879528134, max |G2_ref| is 0.031443222289366274, number of points checked 4570
Orbital configuration 1311, max difference is 0.0002433187797274992, max |G2_ref| is 0.1407941987714417, number of points checked 4570
Orbital configuration 1312, max difference is 6.592628093558013e-05, max |G2_ref| is 0.018478811414207034, number of points checked 4570
Orbital configuration 1313, max difference is 0.00017757508150663447, max |G2_ref| is 0.043967001988232134, number of points checked 4570
Orbital configuration 1320, max difference is 9.590376887418613e-05, max |G2_ref| is 0.026751566763649218, number of points checked 4570
Orbital configuration 1321, max difference is 0.00010365254823436404, max |G2_ref| is 0.018567369075440224, number of points checked 4570
Orbital configuration 1322, max difference is 0.00015140581524727837, max |G2_ref| is 0.10913751225835307, number of points checked 4570
Orbital configuration 1323, max difference is 0.00013042558145151355, max |G2_ref| is 0.03129584044114062, number of points checked 4570
Orbital configuration 1330, max difference is 6.147228709579649e-05, max |G2_ref| is 0.01855740970419253, number of points checked 4570
Orbital configuration 1331, max difference is 0.00016905692849591536, max |G2_ref| is 0.04410051020043967, number of points checked 4570
Orbital configuration 1332, max difference is 0.00014175600917466365, max |G2_ref| is 0.031044480447423216, number of points checked 4570
Orbital configuration 1333, max difference is 0.0002893884398693614, max |G2_ref| is 0.1404280451798388, number of points checked 4570
Orbital configuration 2000, max difference is 0.0003160332879605585, max |G2_ref| is 0.1427541414695059, number of points checked 4570
Orbital configuration 2001, max difference is 6.694501881203932e-05, max |G2_ref| is 0.03216456929510868, number of points checked 4570
Orbital configuration 2002, max difference is 0.0003631528139296919, max |G2_ref| is 0.048395273794607785, number of points checked 4570
Orbital configuration 2003, max difference is 0.00014186419579346112, max |G2_ref| is 0.0205424864610521, number of points checked 4570
Orbital configuration 2010, max difference is 9.497924909677515e-05, max |G2_ref| is 0.03243421572875523, number of points checked 4570
Orbital configuration 2011, max difference is 0.0001271682434480003, max |G2_ref| is 0.10837758083508409, number of points checked 4570
Orbital configuration 2012, max difference is 6.890547865935486e-05, max |G2_ref| is 0.02047105863012012, number of points checked 4570
Orbital configuration 2013, max difference is 6.001562443216243e-05, max |G2_ref| is 0.026421731995078048, number of points checked 4570
Orbital configuration 2020, max difference is 0.0004361838755744045, max |G2_ref| is 0.0475476246291319, number of points checked 4570
Orbital configuration 2021, max difference is 9.321547627657733e-05, max |G2_ref| is 0.020259672466972516, number of points checked 4570
Orbital configuration 2022, max difference is 0.000288731404006444, max |G2_ref| is 0.14257404241224994, number of points checked 4570
Orbital configuration 2023, max difference is 6.61747359418099e-05, max |G2_ref| is 0.03246443917578142, number of points checked 4570
Orbital configuration 2030, max difference is 0.00011452423498798845, max |G2_ref| is 0.020312682426125803, number of points checked 4570
Orbital configuration 2031, max difference is 8.156454562887656e-05, max |G2_ref| is 0.026282766018882003, number of points checked 4570
Orbital configuration 2032, max difference is 6.65329373656536e-05, max |G2_ref| is 0.03214208265528775, number of points checked 4570
Orbital configuration 2033, max difference is 6.004771543763989e-05, max |G2_ref| is 0.10834387111730671, number of points checked 4570
Orbital configuration 2100, max difference is 7.694151372619637e-05, max |G2_ref| is 0.06472612719761765, number of points checked 4570
Orbital configuration 2101, max difference is 0.00011882634945818673, max |G2_ref| is 0.0199063875427925, number of points checked 4570
Orbital configuration 2102, max difference is 0.00011309662797306854, max |G2_ref| is 0.021463475420138343, number of points checked 4570
Orbital configuration 2103, max difference is 5.069171468554961e-05, max |G2_ref| is 0.012185845438985328, number of points checked 4570
Orbital configuration 2110, max difference is 7.353972735569228e-05, max |G2_ref| is 0.019983965700898908, number of points checked 4570
Orbital configuration 2111, max difference is 8.181648500467863e-05, max |G2_ref| is 0.0741471120860277, number of points checked 4570
Orbital configuration 2112, max difference is 2.095525304108289e-05, max |G2_ref| is 0.014080781615865763, number of points checked 4570
Orbital configuration 2113, max difference is 5.434921253423392e-05, max |G2_ref| is 0.019286371808540863, number of points checked 4570
Orbital configuration 2120, max difference is 8.622941621891798e-05, max |G2_ref| is 0.02126147308481695, number of points checked 4570
Orbital configuration 2121, max difference is 9.567169739266983e-05, max |G2_ref| is 0.014342563653984277, number of points checked 4570
Orbital configuration 2122, max difference is 7.712042653832976e-05, max |G2_ref| is 0.07727672440682519, number of points checked 4570
Orbital configuration 2123, max difference is 8.965814931618709e-05, max |G2_ref| is 0.020372000876788025, number of points checked 4570
Orbital configuration 2130, max difference is 5.257287373434407e-05, max |G2_ref| is 0.012175427726716743, number of points checked 4570
Orbital configuration 2131, max difference is 7.043513009513537e-05, max |G2_ref| is 0.019260148024225005, number of points checked 4570
Orbital configuration 2132, max difference is 8.02325585986664e-05, max |G2_ref| is 0.02048082427444927, number of points checked 4570
Orbital configuration 2133, max difference is 0.0001436334374204943, max |G2_ref| is 0.06356118350183758, number of points checked 4570
Orbital configuration 2200, max difference is 0.000533792638063966, max |G2_ref| is 0.4504836708770114, number of points checked 4570
Orbital configuration 2201, max difference is 0.00013156684831435733, max |G2_ref| is 0.10623858588688295, number of points checked 4570
Orbital configuration 2202, max difference is 0.00018679117583308906, max |G2_ref| is 0.14033974643683, number of points checked 4570
Orbital configuration 2203, max difference is 6.110923733691783e-05, max |G2_ref| is 0.06141078015678393, number of points checked 4570
Orbital configuration 2210, max difference is 0.0001256128995106774, max |G2_ref| is 0.10621769277058667, number of points checked 4570
Orbital configuration 2211, max difference is 0.00040748021126560727, max |G2_ref| is 0.4456151321680865, number of points checked 4570
Orbital configuration 2212, max difference is 0.00012086748851802887, max |G2_ref| is 0.07335142854818634, number of points checked 4570
Orbital configuration 2213, max difference is 0.00012174126445794301, max |G2_ref| is 0.10662948743194141, number of points checked 4570
Orbital configuration 2220, max difference is 0.00021911053672858124, max |G2_ref| is 0.14038698338944855, number of points checked 4570
Orbital configuration 2221, max difference is 0.00013022811856738868, max |G2_ref| is 0.0732467122866196, number of points checked 4570
Orbital configuration 2222, max difference is 0.0006223200880689823, max |G2_ref| is 0.6134122878452931, number of points checked 4570
Orbital configuration 2223, max difference is 0.00017852453078101127, max |G2_ref| is 0.14211920893677715, number of points checked 4570
Orbital configuration 2230, max difference is 8.684045821911512e-05, max |G2_ref| is 0.0614011285601201, number of points checked 4570
Orbital configuration 2231, max difference is 0.00013896345528946022, max |G2_ref| is 0.10663450707502276, number of points checked 4570
Orbital configuration 2232, max difference is 0.00024741596680287963, max |G2_ref| is 0.14218512769115216, number of points checked 4570
Orbital configuration 2233, max difference is 0.0004330800737797949, max |G2_ref| is 0.4545552714424875, number of points checked 4570
Orbital configuration 2300, max difference is 0.00011655532664258311, max |G2_ref| is 0.10835276320215205, number of points checked 4570
Orbital configuration 2301, max difference is 6.53896556878133e-05, max |G2_ref| is 0.02640554076057466, number of points checked 4570
Orbital configuration 2302, max difference is 8.035859851132787e-05, max |G2_ref| is 0.03228352912798287, number of points checked 4570
Orbital configuration 2303, max difference is 9.006304862582375e-05, max |G2_ref| is 0.01908991021632177, number of points checked 4570
Orbital configuration 2310, max difference is 5.496744536800892e-05, max |G2_ref| is 0.026508279162636147, number of points checked 4570
Orbital configuration 2311, max difference is 6.15903809182015e-05, max |G2_ref| is 0.1091443396763816, number of points checked 4570
Orbital configuration 2312, max difference is 7.071357183040688e-05, max |G2_ref| is 0.019707617604200763, number of points checked 4570
Orbital configuration 2313, max difference is 0.0001286931913565278, max |G2_ref| is 0.03133163556538092, number of points checked 4570
Orbital configuration 2320, max difference is 7.025319764552803e-05, max |G2_ref| is 0.03258310114618708, number of points checked 4570
Orbital configuration 2321, max difference is 4.629562017073083e-05, max |G2_ref| is 0.019585295727188423, number of points checked 4570
Orbital configuration 2322, max difference is 0.00015723139264577185, max |G2_ref| is 0.1454041359820718, number of points checked 4570
Orbital configuration 2323, max difference is 9.784346002510195e-05, max |G2_ref| is 0.045493309476805195, number of points checked 4570
Orbital configuration 2330, max difference is 2.78667772887641e-05, max |G2_ref| is 0.019197444273371223, number of points checked 4570
Orbital configuration 2331, max difference is 0.00014443159336149008, max |G2_ref| is 0.031125995528562052, number of points checked 4570
Orbital configuration 2332, max difference is 0.00017176224331482058, max |G2_ref| is 0.04583638603114775, number of points checked 4570
Orbital configuration 2333, max difference is 0.0002437521796308684, max |G2_ref| is 0.13799789959885828, number of points checked 4570
Orbital configuration 3000, max difference is 0.00011626504703737456, max |G2_ref| is 0.07722447148225839, number of points checked 4570
Orbital configuration 3001, max difference is 5.8330851962580635e-05, max |G2_ref| is 0.020509826887846992, number of points checked 4570
Orbital configuration 3002, max difference is 0.00010736267692558299, max |G2_ref| is 0.021439968081388337, number of points checked 4570
Orbital configuration 3003, max difference is 5.9496732765427e-05, max |G2_ref| is 0.014059865285679365, number of points checked 4570
Orbital configuration 3010, max difference is 7.667542783388427e-05, max |G2_ref| is 0.020383169149692324, number of points checked 4570
Orbital configuration 3011, max difference is 0.00016486043063662967, max |G2_ref| is 0.06349290304681073, number of points checked 4570
Orbital configuration 3012, max difference is 2.9376598629812832e-05, max |G2_ref| is 0.012130737299136014, number of points checked 4570
Orbital configuration 3013, max difference is 7.168779678382489e-05, max |G2_ref| is 0.01927507362270889, number of points checked 4570
Orbital configuration 3020, max difference is 0.00012533507610392548, max |G2_ref| is 0.021218953644516918, number of points checked 4570
Orbital configuration 3021, max difference is 5.4375450551514825e-05, max |G2_ref| is 0.012115329283667473, number of points checked 4570
Orbital configuration 3022, max difference is 0.0001942778610990241, max |G2_ref| is 0.0647341139666102, number of points checked 4570
Orbital configuration 3023, max difference is 5.231426371082549e-05, max |G2_ref| is 0.01996569047018614, number of points checked 4570
Orbital configuration 3030, max difference is 0.00010226632476567908, max |G2_ref| is 0.014460933942220392, number of points checked 4570
Orbital configuration 3031, max difference is 5.1860280021663444e-05, max |G2_ref| is 0.019238888185171433, number of points checked 4570
Orbital configuration 3032, max difference is 9.252970033898421e-05, max |G2_ref| is 0.019862895015411088, number of points checked 4570
Orbital configuration 3033, max difference is 0.00014053771505065713, max |G2_ref| is 0.07412848143799648, number of points checked 4570
Orbital configuration 3100, max difference is 0.00010313568212747962, max |G2_ref| is 0.10920091659467625, number of points checked 4570
Orbital configuration 3101, max difference is 0.00011324243906207044, max |G2_ref| is 0.03138049655581854, number of points checked 4570
Orbital configuration 3102, max difference is 5.689635370740279e-05, max |G2_ref| is 0.02670432615554281, number of points checked 4570
Orbital configuration 3103, max difference is 6.208873901332886e-05, max |G2_ref| is 0.01851620245652801, number of points checked 4570
Orbital configuration 3110, max difference is 0.00011188009522781563, max |G2_ref| is 0.03115529264823535, number of points checked 4570
Orbital configuration 3111, max difference is 0.00020881181435468743, max |G2_ref| is 0.14065866596045032, number of points checked 4570
Orbital configuration 3112, max difference is 6.031610857020377e-05, max |G2_ref| is 0.018528413238631244, number of points checked 4570
Orbital configuration 3113, max difference is 0.00010146130466897918, max |G2_ref| is 0.0439508380202664, number of points checked 4570
Orbital configuration 3120, max difference is 6.283841578872543e-05, max |G2_ref| is 0.026605541072012594, number of points checked 4570
Orbital configuration 3121, max difference is 9.682168328843522e-05, max |G2_ref| is 0.018471107086133646, number of points checked 4570
Orbital configuration 3122, max difference is 0.00013947578654415917, max |G2_ref| is 0.10911545667117141, number of points checked 4570
Orbital configuration 3123, max difference is 0.00011343788477274395, max |G2_ref| is 0.03107721031767976, number of points checked 4570
Orbital configuration 3130, max difference is 4.9427814395669344e-05, max |G2_ref| is 0.018517648746352915, number of points checked 4570
Orbital configuration 3131, max difference is 0.0001685489166404408, max |G2_ref| is 0.04400136230842745, number of points checked 4570
Orbital configuration 3132, max difference is 0.00013304426332871758, max |G2_ref| is 0.03129230463482168, number of points checked 4570
Orbital configuration 3133, max difference is 0.00027992545655474967, max |G2_ref| is 0.14042797248264852, number of points checked 4570
Orbital configuration 3200, max difference is 0.00010877466252574351, max |G2_ref| is 0.1083191701431321, number of points checked 4570
Orbital configuration 3201, max difference is 4.501395309104849e-05, max |G2_ref| is 0.026505135198302873, number of points checked 4570
Orbital configuration 3202, max difference is 0.0001276321411807224, max |G2_ref| is 0.03260896904067671, number of points checked 4570
Orbital configuration 3203, max difference is 8.470658754054101e-05, max |G2_ref| is 0.01920290425972908, number of points checked 4570
Orbital configuration 3210, max difference is 4.183336558525197e-05, max |G2_ref| is 0.02638480247401318, number of points checked 4570
Orbital configuration 3211, max difference is 0.00011153124938013908, max |G2_ref| is 0.1091133302338926, number of points checked 4570
Orbital configuration 3212, max difference is 7.944082196929794e-05, max |G2_ref| is 0.01957604271810662, number of points checked 4570
Orbital configuration 3213, max difference is 9.353347354991858e-05, max |G2_ref| is 0.031082466680408125, number of points checked 4570
Orbital configuration 3220, max difference is 9.443642794616725e-05, max |G2_ref| is 0.032319461612394254, number of points checked 4570
Orbital configuration 3221, max difference is 8.127943869364119e-05, max |G2_ref| is 0.019698112908193764, number of points checked 4570
Orbital configuration 3222, max difference is 0.0001373253869921148, max |G2_ref| is 0.14540963591626807, number of points checked 4570
Orbital configuration 3223, max difference is 0.00011418592921081679, max |G2_ref| is 0.0458900977133825, number of points checked 4570
Orbital configuration 3230, max difference is 6.0622129191954264e-05, max |G2_ref| is 0.019078093827219547, number of points checked 4570
Orbital configuration 3231, max difference is 0.00015424154404033373, max |G2_ref| is 0.03136726650421783, number of points checked 4570
Orbital configuration 3232, max difference is 0.00015487564414990544, max |G2_ref| is 0.04543006011542448, number of points checked 4570
Orbital configuration 3233, max difference is 0.0002932646764888996, max |G2_ref| is 0.13795075014484803, number of points checked 4570
Orbital configuration 3300, max difference is 0.00035720689138129207, max |G2_ref| is 0.4474819059207647, number of points checked 4570
Orbital configuration 3301, max difference is 9.605769105528176e-05, max |G2_ref| is 0.10731316659134758, number of points checked 4570
Orbital configuration 3302, max difference is 0.00020635168875532354, max |G2_ref| is 0.10727087594749576, number of points checked 4570
Orbital configuration 3303, max difference is 0.00010672009431216872, max |G2_ref| is 0.07072400215796146, number of points checked 4570
Orbital configuration 3310, max difference is 0.00011031343302142469, max |G2_ref| is 0.10732897431162303, number of points checked 4570
Orbital configuration 3311, max difference is 0.0002494256056445394, max |G2_ref| is 0.46021996023816847, number of points checked 4570
Orbital configuration 3312, max difference is 0.00011493769052223339, max |G2_ref| is 0.06054272051999218, number of points checked 4570
Orbital configuration 3313, max difference is 0.00017824226894809392, max |G2_ref| is 0.13759703272219945, number of points checked 4570
Orbital configuration 3320, max difference is 0.00021336851703684465, max |G2_ref| is 0.10733185267456916, number of points checked 4570
Orbital configuration 3321, max difference is 8.923639293190388e-05, max |G2_ref| is 0.060524089988537165, number of points checked 4570
Orbital configuration 3322, max difference is 0.00031441337443128203, max |G2_ref| is 0.45575117569372403, number of points checked 4570
Orbital configuration 3323, max difference is 7.770430478028711e-05, max |G2_ref| is 0.13549713011133813, number of points checked 4570
Orbital configuration 3330, max difference is 0.00020003660026042059, max |G2_ref| is 0.07086678806631638, number of points checked 4570
Orbital configuration 3331, max difference is 0.00022084634262577272, max |G2_ref| is 0.1375846203129467, number of points checked 4570
Orbital configuration 3332, max difference is 0.00011348412013530475, max |G2_ref| is 0.13543653266242212, number of points checked 4570
Orbital configuration 3333, max difference is 0.00031971512210290877, max |G2_ref| is 0.5946090672671515, number of points checked 4570
[0m[0m[0m[0m[0m[0m[0m[0m[0m[0m[0m[0m[0m[0m[0m[0m[0m[0m[0m[0m[0m[0m[0m[0m[0m[0m[0m[0m[0m[0m[0m[0m[0m[0m[0m[0m[0m[0m[0m[0m[0m[0m[0m[0m[0m[0m[0m[0m[0m[0m[0m[0m[0m[0m[0m[0m[0m[0m[0m[0m[0m[0m[0m[0m[0m[0m[0m[0m[0m[0m[0m[0m[0m[0m[0m[0m[0m[0m[0m[0m[0m[0m[0m[0m[0m[0m[0m[0m[0m[0m[0m[0mSpin configuration is (dn,dn)
Orbital configuration 0000, max difference is 1.907320038479945e-05, max |G2_ref| is 0.5188737699008182, number of points checked 4570
Orbital configuration 0001, max difference is 6.872908005377487e-05, max |G2_ref| is 0.12221125303119644, number of points checked 4570
Orbital configuration 0002, max difference is 7.353166914285472e-05, max |G2_ref| is 0.12064323463830001, number of points checked 4570
Orbital configuration 0003, max difference is 3.77156053902872e-05, max |G2_ref| is 0.06563689993382889, number of points checked 4570
Orbital configuration 0010, max difference is 6.451250077848424e-05, max |G2_ref| is 0.12220567223671716, number of points checked 4570
Orbital configuration 0011, max difference is 0.00043577874129805576, max |G2_ref| is 0.47957324501637505, number of points checked 4570
Orbital configuration 0012, max difference is 4.1596795709574795e-05, max |G2_ref| is 0.06007608145691175, number of points checked 4570
Orbital configuration 0013, max difference is 6.200152705249269e-05, max |G2_ref| is 0.12144621165560081, number of points checked 4570
Orbital configuration 0020, max difference is 7.102293536038382e-05, max |G2_ref| is 0.12062748539539499, number of points checked 4570
Orbital configuration 0021, max difference is 3.149565695515645e-05, max |G2_ref| is 0.060114185688408234, number of points checked 4570
Orbital configuration 0022, max difference is 0.0004027605672715138, max |G2_ref| is 0.4741401776325286, number of points checked 4570
Orbital configuration 0023, max difference is 0.00012376251572654662, max |G2_ref| is 0.12055143690466869, number of points checked 4570
Orbital configuration 0030, max difference is 1.734513738068769e-05, max |G2_ref| is 0.0656608880513248, number of points checked 4570
Orbital configuration 0031, max difference is 6.014129919207993e-05, max |G2_ref| is 0.12145628852486212, number of points checked 4570
Orbital configuration 0032, max difference is 0.0001295239294569221, max |G2_ref| is 0.12055721023869419, number of points checked 4570
Orbital configuration 0033, max difference is 0.00040646827682873544, max |G2_ref| is 0.45861877322705624, number of points checked 4570
Orbital configuration 0100, max difference is 6.87290800545164e-05, max |G2_ref| is 0.12221125303119644, number of points checked 4570
Orbital configuration 0101, max difference is 1.3344936061317203e-05, max |G2_ref| is 0.03302333415928008, number of points checked 4570
Orbital configuration 0102, max difference is 2.3667807132488953e-05, max |G2_ref| is 0.028035659185190326, number of points checked 4570
Orbital configuration 0103, max difference is 7.591156936605168e-06, max |G2_ref| is 0.016104664178265237, number of points checked 4570
Orbital configuration 0110, max difference is 0.0004357787412987044, max |G2_ref| is 0.47957324501637505, number of points checked 4570
Orbital configuration 0111, max difference is 0.00010204552668435699, max |G2_ref| is 0.12072969700938822, number of points checked 4570
Orbital configuration 0112, max difference is 8.921180626016997e-05, max |G2_ref| is 0.12087386919779392, number of points checked 4570
Orbital configuration 0113, max difference is 3.6959859203572164e-05, max |G2_ref| is 0.06050060906920076, number of points checked 4570
Orbital configuration 0120, max difference is 3.1495656955206404e-05, max |G2_ref| is 0.060114185688408234, number of points checked 4570
Orbital configuration 0121, max difference is 1.0483905040930236e-05, max |G2_ref| is 0.01582604437797399, number of points checked 4570
Orbital configuration 0122, max difference is 0.00015125553544872555, max |G2_ref| is 0.12073633776121677, number of points checked 4570
Orbital configuration 0123, max difference is 3.523091282022144e-05, max |G2_ref| is 0.03255337872695239, number of points checked 4570
Orbital configuration 0130, max difference is 6.01412991916614e-05, max |G2_ref| is 0.12145628852486211, number of points checked 4570
Orbital configuration 0131, max difference is 3.3170069801218085e-05, max |G2_ref| is 0.028038694555612503, number of points checked 4570
Orbital configuration 0132, max difference is 4.897507818138574e-05, max |G2_ref| is 0.023767895836986092, number of points checked 4570
Orbital configuration 0133, max difference is 0.00012646299380102927, max |G2_ref| is 0.12159751377129156, number of points checked 4570
Orbital configuration 0200, max difference is 7.353166914309933e-05, max |G2_ref| is 0.1206432346383, number of points checked 4570
Orbital configuration 0201, max difference is 2.366780713347931e-05, max |G2_ref| is 0.02803565918519033, number of points checked 4570
Orbital configuration 0202, max difference is 1.5752800599608263e-05, max |G2_ref| is 0.033067781150149675, number of points checked 4570
Orbital configuration 0203, max difference is 9.186134511782522e-06, max |G2_ref| is 0.016075857868560518, number of points checked 4570
Orbital configuration 0210, max difference is 4.159679571180688e-05, max |G2_ref| is 0.06007608145691175, number of points checked 4570
Orbital configuration 0211, max difference is 8.921180626019622e-05, max |G2_ref| is 0.1208738691977939, number of points checked 4570
Orbital configuration 0212, max difference is 7.0180673545621204e-06, max |G2_ref| is 0.01607918322692758, number of points checked 4570
Orbital configuration 0213, max difference is 3.237239241623386e-05, max |G2_ref| is 0.03255974466320289, number of points checked 4570
Orbital configuration 0220, max difference is 0.0004027605672670616, max |G2_ref| is 0.47414017763252864, number of points checked 4570
Orbital configuration 0221, max difference is 0.0001512555354491306, max |G2_ref| is 0.12073633776121677, number of points checked 4570
Orbital configuration 0222, max difference is 3.97651859818654e-05, max |G2_ref| is 0.12066007622502889, number of points checked 4570
Orbital configuration 0223, max difference is 4.975651831861461e-05, max |G2_ref| is 0.06007440214477711, number of points checked 4570
Orbital configuration 0230, max difference is 0.0001295239294556528, max |G2_ref| is 0.12055721023869419, number of points checked 4570
Orbital configuration 0231, max difference is 4.897507818231169e-05, max |G2_ref| is 0.023767895836986092, number of points checked 4570
Orbital configuration 0232, max difference is 2.6392070902154377e-05, max |G2_ref| is 0.028068919575040874, number of points checked 4570
Orbital configuration 0233, max difference is 7.601575076884532e-05, max |G2_ref| is 0.12076339019185561, number of points checked 4570
Orbital configuration 0300, max difference is 3.771560539135147e-05, max |G2_ref| is 0.06563689993382889, number of points checked 4570
Orbital configuration 0301, max difference is 7.591156937256634e-06, max |G2_ref| is 0.01610466417826524, number of points checked 4570
Orbital configuration 0302, max difference is 9.186134512058835e-06, max |G2_ref| is 0.016075857868560514, number of points checked 4570
Orbital configuration 0303, max difference is 6.4187397004287355e-06, max |G2_ref| is 0.009839268716079532, number of points checked 4570
Orbital configuration 0310, max difference is 6.200152705214038e-05, max |G2_ref| is 0.12144621165560081, number of points checked 4570
Orbital configuration 0311, max difference is 3.695985920397142e-05, max |G2_ref| is 0.06050060906920075, number of points checked 4570
Orbital configuration 0312, max difference is 3.237239241602643e-05, max |G2_ref| is 0.03255974466320289, number of points checked 4570
Orbital configuration 0313, max difference is 4.5314367827330775e-06, max |G2_ref| is 0.015864604069571277, number of points checked 4570
Orbital configuration 0320, max difference is 0.00012376251572575607, max |G2_ref| is 0.12055143690466869, number of points checked 4570
Orbital configuration 0321, max difference is 3.523091282013631e-05, max |G2_ref| is 0.03255337872695239, number of points checked 4570
Orbital configuration 0322, max difference is 4.9756518316675945e-05, max |G2_ref| is 0.06007440214477711, number of points checked 4570
Orbital configuration 0323, max difference is 1.0742869617118719e-05, max |G2_ref| is 0.015816683725125524, number of points checked 4570
Orbital configuration 0330, max difference is 0.0004064682768328018, max |G2_ref| is 0.45861877322705624, number of points checked 4570
Orbital configuration 0331, max difference is 0.00012646299379991374, max |G2_ref| is 0.12159751377129156, number of points checked 4570
Orbital configuration 0332, max difference is 7.601575076828318e-05, max |G2_ref| is 0.12076339019185563, number of points checked 4570
Orbital configuration 0333, max difference is 1.767479980699252e-05, max |G2_ref| is 0.065222307658092, number of points checked 4570
Orbital configuration 1000, max difference is 6.451250077849533e-05, max |G2_ref| is 0.12220567223671716, number of points checked 4570
Orbital configuration 1001, max difference is 0.0004357787412980705, max |G2_ref| is 0.47957324501637505, number of points checked 4570
Orbital configuration 1002, max difference is 4.159679570956522e-05, max |G2_ref| is 0.06007608145691175, number of points checked 4570
Orbital configuration 1003, max difference is 6.200152705248976e-05, max |G2_ref| is 0.12144621165560081, number of points checked 4570
Orbital configuration 1010, max difference is 1.644845112516724e-05, max |G2_ref| is 0.03302023064421633, number of points checked 4570
Orbital configuration 1011, max difference is 5.618628640221266e-05, max |G2_ref| is 0.12072009850708951, number of points checked 4570
Orbital configuration 1012, max difference is 6.852535498558189e-06, max |G2_ref| is 0.015824370128212684, number of points checked 4570
Orbital configuration 1013, max difference is 2.5440978588946686e-05, max |G2_ref| is 0.028031163785652666, number of points checked 4570
Orbital configuration 1020, max difference is 2.5272506645539e-05, max |G2_ref| is 0.02802269957212516, number of points checked 4570
Orbital configuration 1021, max difference is 6.713967670787758e-05, max |G2_ref| is 0.12078519281240202, number of points checked 4570
Orbital configuration 1022, max difference is 0.00014449927822180993, max |G2_ref| is 0.12071439660819233, number of points checked 4570
Orbital configuration 1023, max difference is 4.116531378152966e-05, max |G2_ref| is 0.02375889144742212, number of points checked 4570
Orbital configuration 1030, max difference is 7.049935434371106e-06, max |G2_ref| is 0.016105763635699055, number of points checked 4570
Orbital configuration 1031, max difference is 7.036009910193797e-05, max |G2_ref| is 0.06046535795678449, number of points checked 4570
Orbital configuration 1032, max difference is 4.2976801541203415e-05, max |G2_ref| is 0.0325345270795196, number of points checked 4570
Orbital configuration 1033, max difference is 0.0001457233305976006, max |G2_ref| is 0.12161555827997642, number of points checked 4570
Orbital configuration 1100, max difference is 0.0004357787412986602, max |G2_ref| is 0.47957324501637505, number of points checked 4570
Orbital configuration 1101, max difference is 0.00010204552668436057, max |G2_ref| is 0.12072969700938822, number of points checked 4570
Orbital configuration 1102, max difference is 8.921180626015843e-05, max |G2_ref| is 0.1208738691977939, number of points checked 4570
Orbital configuration 1103, max difference is 3.6959859203572164e-05, max |G2_ref| is 0.06050060906920075, number of points checked 4570
Orbital configuration 1110, max difference is 5.618628640190217e-05, max |G2_ref| is 0.12072009850708951, number of points checked 4570
Orbital configuration 1111, max difference is 0.00010479952996600428, max |G2_ref| is 0.5210319280752026, number of points checked 4570
Orbital configuration 1112, max difference is 3.058708114843477e-05, max |G2_ref| is 0.06517885473086034, number of points checked 4570
Orbital configuration 1113, max difference is 3.097800036893843e-05, max |G2_ref| is 0.12248115708925725, number of points checked 4570
Orbital configuration 1120, max difference is 6.713967670737667e-05, max |G2_ref| is 0.12078519281240202, number of points checked 4570
Orbital configuration 1121, max difference is 7.716903404118356e-06, max |G2_ref| is 0.06520536038793273, number of points checked 4570
Orbital configuration 1122, max difference is 0.0002628300717286927, max |G2_ref| is 0.45806460040068964, number of points checked 4570
Orbital configuration 1123, max difference is 6.515837913293425e-05, max |G2_ref| is 0.1215893978101984, number of points checked 4570
Orbital configuration 1130, max difference is 7.0360099102581e-05, max |G2_ref| is 0.06046535795678449, number of points checked 4570
Orbital configuration 1131, max difference is 4.256442103000623e-05, max |G2_ref| is 0.12246719830888038, number of points checked 4570
Orbital configuration 1132, max difference is 0.00013363565886575897, max |G2_ref| is 0.12155820416638008, number of points checked 4570
Orbital configuration 1133, max difference is 0.0002777640219908492, max |G2_ref| is 0.4848840581814479, number of points checked 4570
Orbital configuration 1200, max difference is 4.1596795711813266e-05, max |G2_ref| is 0.06007608145691175, number of points checked 4570
Orbital configuration 1201, max difference is 8.921180626021064e-05, max |G2_ref| is 0.12087386919779392, number of points checked 4570
Orbital configuration 1202, max difference is 7.018067354562574e-06, max |G2_ref| is 0.01607918322692758, number of points checked 4570
Orbital configuration 1203, max difference is 3.237239241623459e-05, max |G2_ref| is 0.03255974466320289, number of points checked 4570
Orbital configuration 1210, max difference is 6.852535498381797e-06, max |G2_ref| is 0.015824370128212684, number of points checked 4570
Orbital configuration 1211, max difference is 3.0587081149978776e-05, max |G2_ref| is 0.06517885473086034, number of points checked 4570
Orbital configuration 1212, max difference is 1.411870851035312e-06, max |G2_ref| is 0.009845029560538171, number of points checked 4570
Orbital configuration 1213, max difference is 5.984675604489829e-06, max |G2_ref| is 0.015867925028967347, number of points checked 4570
Orbital configuration 1220, max difference is 0.00014449927822201753, max |G2_ref| is 0.12071439660819232, number of points checked 4570
Orbital configuration 1221, max difference is 0.00026283007173337486, max |G2_ref| is 0.45806460040068964, number of points checked 4570
Orbital configuration 1222, max difference is 1.7557158677669042e-05, max |G2_ref| is 0.06566078707309285, number of points checked 4570
Orbital configuration 1223, max difference is 9.223571249770531e-05, max |G2_ref| is 0.12149103242434071, number of points checked 4570
Orbital configuration 1230, max difference is 4.297680154110129e-05, max |G2_ref| is 0.0325345270795196, number of points checked 4570
Orbital configuration 1231, max difference is 0.0001336356588653925, max |G2_ref| is 0.12155820416638008, number of points checked 4570
Orbital configuration 1232, max difference is 1.248422114977343e-05, max |G2_ref| is 0.016121249363828315, number of points checked 4570
Orbital configuration 1233, max difference is 3.6821981074943865e-05, max |G2_ref| is 0.06056500659089985, number of points checked 4570
Orbital configuration 1300, max difference is 6.200152705213665e-05, max |G2_ref| is 0.12144621165560081, number of points checked 4570
Orbital configuration 1301, max difference is 3.6959859203968366e-05, max |G2_ref| is 0.06050060906920075, number of points checked 4570
Orbital configuration 1302, max difference is 3.237239241602643e-05, max |G2_ref| is 0.03255974466320289, number of points checked 4570
Orbital configuration 1303, max difference is 4.5314367827339246e-06, max |G2_ref| is 0.015864604069571277, number of points checked 4570
Orbital configuration 1310, max difference is 2.54409785869951e-05, max |G2_ref| is 0.028031163785652662, number of points checked 4570
Orbital configuration 1311, max difference is 3.0978000369045696e-05, max |G2_ref| is 0.12248115708925726, number of points checked 4570
Orbital configuration 1312, max difference is 5.984675604461055e-06, max |G2_ref| is 0.015867925028967347, number of points checked 4570
Orbital configuration 1313, max difference is 1.3292286036512002e-05, max |G2_ref| is 0.03305958247925552, number of points checked 4570
Orbital configuration 1320, max difference is 4.1165313781539356e-05, max |G2_ref| is 0.02375889144742212, number of points checked 4570
Orbital configuration 1321, max difference is 6.515837913246521e-05, max |G2_ref| is 0.1215893978101984, number of points checked 4570
Orbital configuration 1322, max difference is 9.223571249862472e-05, max |G2_ref| is 0.1214910324243407, number of points checked 4570
Orbital configuration 1323, max difference is 2.2842598642984345e-05, max |G2_ref| is 0.02798490847287572, number of points checked 4570
Orbital configuration 1330, max difference is 0.00014572333059701604, max |G2_ref| is 0.12161555827997642, number of points checked 4570
Orbital configuration 1331, max difference is 0.0002777640219904468, max |G2_ref| is 0.4848840581814479, number of points checked 4570
Orbital configuration 1332, max difference is 3.6821981074346164e-05, max |G2_ref| is 0.06056500659089985, number of points checked 4570
Orbital configuration 1333, max difference is 4.092314928396212e-05, max |G2_ref| is 0.12245939713521199, number of points checked 4570
Orbital configuration 2000, max difference is 7.102293536038771e-05, max |G2_ref| is 0.12062748539539496, number of points checked 4570
Orbital configuration 2001, max difference is 3.149565695515543e-05, max |G2_ref| is 0.06011418568840823, number of points checked 4570
Orbital configuration 2002, max difference is 0.0004027605672715152, max |G2_ref| is 0.47414017763252864, number of points checked 4570
Orbital configuration 2003, max difference is 0.00012376251572656188, max |G2_ref| is 0.12055143690466869, number of points checked 4570
Orbital configuration 2010, max difference is 2.5272506645542192e-05, max |G2_ref| is 0.02802269957212516, number of points checked 4570
Orbital configuration 2011, max difference is 6.713967670786811e-05, max |G2_ref| is 0.12078519281240202, number of points checked 4570
Orbital configuration 2012, max difference is 0.00014449927822180646, max |G2_ref| is 0.12071439660819232, number of points checked 4570
Orbital configuration 2013, max difference is 4.116531378152966e-05, max |G2_ref| is 0.02375889144742212, number of points checked 4570
Orbital configuration 2020, max difference is 1.7501604696469608e-05, max |G2_ref| is 0.03303452674485363, number of points checked 4570
Orbital configuration 2021, max difference is 4.975255422692849e-06, max |G2_ref| is 0.01608575826867567, number of points checked 4570
Orbital configuration 2022, max difference is 2.9783473794992564e-05, max |G2_ref| is 0.12062006285617577, number of points checked 4570
Orbital configuration 2023, max difference is 1.721015183485881e-05, max |G2_ref| is 0.028059593357045203, number of points checked 4570
Orbital configuration 2030, max difference is 1.540124926768968e-05, max |G2_ref| is 0.01606855210264276, number of points checked 4570
Orbital configuration 2031, max difference is 5.382787636544932e-05, max |G2_ref| is 0.03252514448352472, number of points checked 4570
Orbital configuration 2032, max difference is 0.00011687545704376703, max |G2_ref| is 0.060017724979588176, number of points checked 4570
Orbital configuration 2033, max difference is 9.52306967320388e-05, max |G2_ref| is 0.12070827916086754, number of points checked 4570
Orbital configuration 2100, max difference is 3.149565695520689e-05, max |G2_ref| is 0.060114185688408234, number of points checked 4570
Orbital configuration 2101, max difference is 1.0483905040928746e-05, max |G2_ref| is 0.01582604437797399, number of points checked 4570
Orbital configuration 2102, max difference is 0.00015125553544871912, max |G2_ref| is 0.12073633776121677, number of points checked 4570
Orbital configuration 2103, max difference is 3.5230912820224335e-05, max |G2_ref| is 0.03255337872695239, number of points checked 4570
Orbital configuration 2110, max difference is 6.713967670739546e-05, max |G2_ref| is 0.12078519281240202, number of points checked 4570
Orbital configuration 2111, max difference is 7.716903404119875e-06, max |G2_ref| is 0.06520536038793273, number of points checked 4570
Orbital configuration 2112, max difference is 0.00026283007172868243, max |G2_ref| is 0.45806460040068964, number of points checked 4570
Orbital configuration 2113, max difference is 6.51583791329233e-05, max |G2_ref| is 0.1215893978101984, number of points checked 4570
Orbital configuration 2120, max difference is 4.97525542257831e-06, max |G2_ref| is 0.01608575826867567, number of points checked 4570
Orbital configuration 2121, max difference is 4.47487367766404e-06, max |G2_ref| is 0.009850162329457457, number of points checked 4570
Orbital configuration 2122, max difference is 2.8451413819034574e-05, max |G2_ref| is 0.06568949783620695, number of points checked 4570
Orbital configuration 2123, max difference is 7.252069181877318e-06, max |G2_ref| is 0.016117451667672998, number of points checked 4570
Orbital configuration 2130, max difference is 5.3827876365759785e-05, max |G2_ref| is 0.03252514448352472, number of points checked 4570
Orbital configuration 2131, max difference is 1.2693563558910986e-05, max |G2_ref| is 0.015877514763392157, number of points checked 4570
Orbital configuration 2132, max difference is 0.00011502392868403607, max |G2_ref| is 0.12150358516130329, number of points checked 4570
Orbital configuration 2133, max difference is 5.410372476201844e-05, max |G2_ref| is 0.060585746107264055, number of points checked 4570
Orbital configuration 2200, max difference is 0.0004027605672670813, max |G2_ref| is 0.4741401776325286, number of points checked 4570
Orbital configuration 2201, max difference is 0.00015125553544912765, max |G2_ref| is 0.12073633776121677, number of points checked 4570
Orbital configuration 2202, max difference is 3.9765185981846395e-05, max |G2_ref| is 0.12066007622502888, number of points checked 4570
Orbital configuration 2203, max difference is 4.975651831862808e-05, max |G2_ref| is 0.06007440214477711, number of points checked 4570
Orbital configuration 2210, max difference is 0.00014449927822201018, max |G2_ref| is 0.12071439660819233, number of points checked 4570
Orbital configuration 2211, max difference is 0.00026283007173341535, max |G2_ref| is 0.45806460040068964, number of points checked 4570
Orbital configuration 2212, max difference is 1.7557158677665173e-05, max |G2_ref| is 0.06566078707309286, number of points checked 4570
Orbital configuration 2213, max difference is 9.223571249769213e-05, max |G2_ref| is 0.1214910324243407, number of points checked 4570
Orbital configuration 2220, max difference is 2.9783473794938723e-05, max |G2_ref| is 0.12062006285617576, number of points checked 4570
Orbital configuration 2221, max difference is 2.8451413819955488e-05, max |G2_ref| is 0.06568949783620695, number of points checked 4570
Orbital configuration 2222, max difference is 0.0001692476232420232, max |G2_ref| is 0.5189802084986832, number of points checked 4570
Orbital configuration 2223, max difference is 6.109667885744012e-05, max |G2_ref| is 0.12227973026254058, number of points checked 4570
Orbital configuration 2230, max difference is 0.00011687545704561637, max |G2_ref| is 0.060017724979588176, number of points checked 4570
Orbital configuration 2231, max difference is 0.00011502392868358126, max |G2_ref| is 0.12150358516130327, number of points checked 4570
Orbital configuration 2232, max difference is 5.503504334018146e-05, max |G2_ref| is 0.12225523975855922, number of points checked 4570
Orbital configuration 2233, max difference is 0.0002512030480541536, max |G2_ref| is 0.4793761567150293, number of points checked 4570
Orbital configuration 2300, max difference is 0.00012376251572575607, max |G2_ref| is 0.12055143690466869, number of points checked 4570
Orbital configuration 2301, max difference is 3.523091282013952e-05, max |G2_ref| is 0.03255337872695239, number of points checked 4570
Orbital configuration 2302, max difference is 4.975651831666248e-05, max |G2_ref| is 0.06007440214477711, number of points checked 4570
Orbital configuration 2303, max difference is 1.0742869617118114e-05, max |G2_ref| is 0.015816683725125524, number of points checked 4570
Orbital configuration 2310, max difference is 4.1165313781539356e-05, max |G2_ref| is 0.02375889144742212, number of points checked 4570
Orbital configuration 2311, max difference is 6.515837913246308e-05, max |G2_ref| is 0.1215893978101984, number of points checked 4570
Orbital configuration 2312, max difference is 9.223571249861101e-05, max |G2_ref| is 0.12149103242434071, number of points checked 4570
Orbital configuration 2313, max difference is 2.284259864298667e-05, max |G2_ref| is 0.02798490847287572, number of points checked 4570
Orbital configuration 2320, max difference is 1.7210151836801974e-05, max |G2_ref| is 0.028059593357045203, number of points checked 4570
Orbital configuration 2321, max difference is 7.25206918238813e-06, max |G2_ref| is 0.016117451667672998, number of points checked 4570
Orbital configuration 2322, max difference is 6.10966788571522e-05, max |G2_ref| is 0.12227973026254056, number of points checked 4570
Orbital configuration 2323, max difference is 5.801481608448535e-06, max |G2_ref| is 0.033040449653701946, number of points checked 4570
Orbital configuration 2330, max difference is 9.523069673246673e-05, max |G2_ref| is 0.12070827916086754, number of points checked 4570
Orbital configuration 2331, max difference is 5.410372476103863e-05, max |G2_ref| is 0.060585746107264055, number of points checked 4570
Orbital configuration 2332, max difference is 0.0002512030480547323, max |G2_ref| is 0.4793761567150293, number of points checked 4570
Orbital configuration 2333, max difference is 3.52077917642296e-05, max |G2_ref| is 0.12074382161239634, number of points checked 4570
Orbital configuration 3000, max difference is 1.7345137380682254e-05, max |G2_ref| is 0.0656608880513248, number of points checked 4570
Orbital configuration 3001, max difference is 6.014129919207993e-05, max |G2_ref| is 0.12145628852486211, number of points checked 4570
Orbital configuration 3002, max difference is 0.00012952392945692406, max |G2_ref| is 0.12055721023869419, number of points checked 4570
Orbital configuration 3003, max difference is 0.00040646827682882245, max |G2_ref| is 0.45861877322705624, number of points checked 4570
Orbital configuration 3010, max difference is 7.049935434373614e-06, max |G2_ref| is 0.01610576363569905, number of points checked 4570
Orbital configuration 3011, max difference is 7.036009910195171e-05, max |G2_ref| is 0.060465357956784496, number of points checked 4570
Orbital configuration 3012, max difference is 4.297680154120343e-05, max |G2_ref| is 0.0325345270795196, number of points checked 4570
Orbital configuration 3013, max difference is 0.00014572333059760235, max |G2_ref| is 0.12161555827997642, number of points checked 4570
Orbital configuration 3020, max difference is 1.5401249267691537e-05, max |G2_ref| is 0.016068552102642755, number of points checked 4570
Orbital configuration 3021, max difference is 5.382787636545313e-05, max |G2_ref| is 0.03252514448352472, number of points checked 4570
Orbital configuration 3022, max difference is 0.00011687545704375956, max |G2_ref| is 0.060017724979588176, number of points checked 4570
Orbital configuration 3023, max difference is 9.52306967320387e-05, max |G2_ref| is 0.12070827916086754, number of points checked 4570
Orbital configuration 3030, max difference is 4.287471861100928e-06, max |G2_ref| is 0.009841399983918721, number of points checked 4570
Orbital configuration 3031, max difference is 6.6357079290733074e-06, max |G2_ref| is 0.015860052483627346, number of points checked 4570
Orbital configuration 3032, max difference is 1.9684288073740884e-05, max |G2_ref| is 0.01581352930117965, number of points checked 4570
Orbital configuration 3033, max difference is 3.150967742707349e-05, max |G2_ref| is 0.06524069818062561, number of points checked 4570
Orbital configuration 3100, max difference is 6.01412991916575e-05, max |G2_ref| is 0.12145628852486211, number of points checked 4570
Orbital configuration 3101, max difference is 3.317006980121499e-05, max |G2_ref| is 0.028038694555612503, number of points checked 4570
Orbital configuration 3102, max difference is 4.8975078181384e-05, max |G2_ref| is 0.023767895836986092, number of points checked 4570
Orbital configuration 3103, max difference is 0.00012646299380102927, max |G2_ref| is 0.12159751377129156, number of points checked 4570
Orbital configuration 3110, max difference is 7.036009910259463e-05, max |G2_ref| is 0.060465357956784496, number of points checked 4570
Orbital configuration 3111, max difference is 4.2564421030003655e-05, max |G2_ref| is 0.12246719830888038, number of points checked 4570
Orbital configuration 3112, max difference is 0.00013363565886575005, max |G2_ref| is 0.12155820416638008, number of points checked 4570
Orbital configuration 3113, max difference is 0.0002777640219908788, max |G2_ref| is 0.4848840581814479, number of points checked 4570
Orbital configuration 3120, max difference is 5.3827876365759785e-05, max |G2_ref| is 0.03252514448352472, number of points checked 4570
Orbital configuration 3121, max difference is 1.269356355890759e-05, max |G2_ref| is 0.015877514763392157, number of points checked 4570
Orbital configuration 3122, max difference is 0.00011502392868403607, max |G2_ref| is 0.12150358516130327, number of points checked 4570
Orbital configuration 3123, max difference is 5.4103724762010796e-05, max |G2_ref| is 0.060585746107264055, number of points checked 4570
Orbital configuration 3130, max difference is 6.6357079292221e-06, max |G2_ref| is 0.015860052483627346, number of points checked 4570
Orbital configuration 3131, max difference is 3.6280743597509573e-06, max |G2_ref| is 0.03304669351662167, number of points checked 4570
Orbital configuration 3132, max difference is 4.7454988684375604e-05, max |G2_ref| is 0.027967939635787264, number of points checked 4570
Orbital configuration 3133, max difference is 6.78359335477178e-05, max |G2_ref| is 0.12245031967509937, number of points checked 4570
Orbital configuration 3200, max difference is 0.00012952392945564706, max |G2_ref| is 0.12055721023869419, number of points checked 4570
Orbital configuration 3201, max difference is 4.8975078182311426e-05, max |G2_ref| is 0.023767895836986092, number of points checked 4570
Orbital configuration 3202, max difference is 2.6392070902154134e-05, max |G2_ref| is 0.028068919575040874, number of points checked 4570
Orbital configuration 3203, max difference is 7.601575076884612e-05, max |G2_ref| is 0.12076339019185563, number of points checked 4570
Orbital configuration 3210, max difference is 4.297680154110304e-05, max |G2_ref| is 0.0325345270795196, number of points checked 4570
Orbital configuration 3211, max difference is 0.00013363565886538242, max |G2_ref| is 0.12155820416638008, number of points checked 4570
Orbital configuration 3212, max difference is 1.248422114977614e-05, max |G2_ref| is 0.016121249363828315, number of points checked 4570
Orbital configuration 3213, max difference is 3.6821981074929485e-05, max |G2_ref| is 0.06056500659089985, number of points checked 4570
Orbital configuration 3220, max difference is 0.00011687545704563002, max |G2_ref| is 0.060017724979588176, number of points checked 4570
Orbital configuration 3221, max difference is 0.00011502392868358126, max |G2_ref| is 0.12150358516130329, number of points checked 4570
Orbital configuration 3222, max difference is 5.503504334018037e-05, max |G2_ref| is 0.12225523975855922, number of points checked 4570
Orbital configuration 3223, max difference is 0.0002512030480541406, max |G2_ref| is 0.4793761567150293, number of points checked 4570
Orbital configuration 3230, max difference is 1.9684288073821325e-05, max |G2_ref| is 0.01581352930117965, number of points checked 4570
Orbital configuration 3231, max difference is 4.745498868277519e-05, max |G2_ref| is 0.027967939635787264, number of points checked 4570
Orbital configuration 3232, max difference is 1.5667839218386215e-05, max |G2_ref| is 0.03302101125612291, number of points checked 4570
Orbital configuration 3233, max difference is 0.00012284079320643495, max |G2_ref| is 0.12069832180189419, number of points checked 4570
Orbital configuration 3300, max difference is 0.00040646827683279605, max |G2_ref| is 0.45861877322705624, number of points checked 4570
Orbital configuration 3301, max difference is 0.00012646299379991303, max |G2_ref| is 0.12159751377129156, number of points checked 4570
Orbital configuration 3302, max difference is 7.601575076828688e-05, max |G2_ref| is 0.12076339019185563, number of points checked 4570
Orbital configuration 3303, max difference is 1.76747998069959e-05, max |G2_ref| is 0.065222307658092, number of points checked 4570
Orbital configuration 3310, max difference is 0.00014572333059702803, max |G2_ref| is 0.12161555827997642, number of points checked 4570
Orbital configuration 3311, max difference is 0.00027776402199047455, max |G2_ref| is 0.4848840581814479, number of points checked 4570
Orbital configuration 3312, max difference is 3.6821981074360266e-05, max |G2_ref| is 0.06056500659089985, number of points checked 4570
Orbital configuration 3313, max difference is 4.092314928396212e-05, max |G2_ref| is 0.12245939713521199, number of points checked 4570
Orbital configuration 3320, max difference is 9.523069673247003e-05, max |G2_ref| is 0.12070827916086754, number of points checked 4570
Orbital configuration 3321, max difference is 5.410372476103963e-05, max |G2_ref| is 0.060585746107264055, number of points checked 4570
Orbital configuration 3322, max difference is 0.0002512030480547308, max |G2_ref| is 0.4793761567150293, number of points checked 4570
Orbital configuration 3323, max difference is 3.520779176423085e-05, max |G2_ref| is 0.12074382161239634, number of points checked 4570
Orbital configuration 3330, max difference is 3.1509677428913115e-05, max |G2_ref| is 0.06524069818062561, number of points checked 4570
Orbital configuration 3331, max difference is 6.783593354892286e-05, max |G2_ref| is 0.12245031967509937, number of points checked 4570
Orbital configuration 3332, max difference is 0.00012284079320741296, max |G2_ref| is 0.12069832180189419, number of points checked 4570
Orbital configuration 3333, max difference is 0.00016662795906408068, max |G2_ref| is 0.5213033555642336, number of points checked 4570
[0m[0m[0m[0m